{"type":"Topology","arcs":[[[9493,55608],[-133,14],[-134,66],[-85,80],[-188,232],[-47,64],[-6,7],[-60,79],[21,20],[-14,23],[11,32],[-2,10],[-31,20],[-20,6],[-41,102],[38,-9],[-1,-40],[33,10],[7,6],[-23,3],[-8,73],[-15,49],[-56,-14],[-19,65],[-23,90],[-4,18],[-21,64],[-34,71],[-10,27],[-57,76],[-12,38],[-93,-25],[-28,56],[-44,10],[-49,50],[-18,-22],[-27,-18],[-6,-2],[-29,23],[-17,46],[-31,43],[-27,42],[-22,62],[-4,5],[-3,4],[-6,10],[-5,6],[-3,5],[-17,11],[-9,7],[-27,31],[-21,35],[5,63],[-48,52],[-28,38],[-28,46],[-43,48],[-2,11],[2,5],[1,38],[-19,-18],[-24,46],[-10,37],[-1,8],[-34,13],[-20,84],[3,19],[-2,3],[-27,-5],[0,34],[-8,26],[31,28],[6,12],[-22,42],[-53,-29],[-15,22],[-12,15],[-53,67],[-43,77],[22,23],[14,14],[-37,31],[-20,15],[-1,0],[-27,-5],[-4,12],[-28,15],[-4,1],[-15,5],[-16,0],[-21,7],[-23,7],[-18,7],[-25,10],[-47,42]],[[7379,58235],[9,33],[10,17]],[[7398,58285],[10,18],[4,8],[7,10],[4,6],[7,10],[9,10],[33,55]],[[7472,58402],[95,23],[93,-52],[77,-12],[37,65],[342,274],[38,175],[45,46]],[[8199,58921],[3,-3],[4,-4],[33,-28],[113,-108],[50,-64]],[[8402,58714],[287,-183],[57,-196],[247,105],[53,62],[125,-90],[106,79],[102,-47],[43,-205],[57,-96],[-123,-47],[-209,-349],[167,-228],[125,-259],[-25,-234],[33,-207],[172,-217],[216,-161],[46,-28],[-251,-543],[-2,-28],[66,4]],[[9694,55846],[-1,6],[242,523],[36,-41],[73,-168],[52,-118],[-34,-147],[-4,-77],[5,-28],[55,-68],[55,-13],[65,-7],[37,-8],[153,-40],[118,-8],[72,143],[85,34],[27,-58],[31,36],[2,52]],[[10763,55859],[328,-66],[26,-43],[-5,-174],[-181,-120],[7,-102],[-35,-81],[-133,-82],[-71,-41]],[[10699,55150],[-62,-36],[-62,-37],[33,-74],[28,-64],[55,-144],[57,-139]],[[10748,54656],[6,-16],[11,-26],[1,-45],[-5,-19],[9,-30],[28,-66],[-25,-73],[-17,-51],[-72,-267],[-11,-109]],[[10673,53954],[-30,-67],[-118,-169]],[[10525,53718],[-143,-144],[-205,-73],[-29,553],[-21,436],[-33,281],[-52,235],[452,61],[-110,121],[-4,5],[-202,-24],[-99,-31],[-71,147],[-15,-78],[-32,114],[-62,123],[-57,37],[-64,-3],[-102,-17],[28,71],[-68,65],[-38,-68],[-57,47],[-48,32]],[[9393,55690],[0,1],[-4,4],[4,-5]],[[9113,56793],[-3,11],[-2,4],[5,-15]],[[9085,56833],[-1,14]],[[9084,56847],[1,-14]],[[9084,56847],[117,49],[12,-25],[34,190],[-110,112],[-212,-43],[26,-94],[89,-50],[-15,-55],[25,8],[-7,-32],[22,-35],[19,-25]],[[9004,56213],[-12,-43],[28,24],[-16,19]],[[7901,57827],[-45,-7],[-2,-22],[55,-9],[-8,38]],[[8191,57205],[0,2],[-1,-2],[1,0]],[[8660,56799],[115,236],[-116,-236],[1,0]],[[8845,56733],[-32,-16],[32,-39],[47,31],[-47,24]],[[8905,56702],[-93,-51],[23,-35],[92,76],[-22,10]],[[7512,58335],[15,-2],[-27,3],[12,-1]],[[9966,55665],[-69,-32],[69,31],[0,1]],[[10555,55266],[-1,0],[5,-3],[-4,3]],[[9694,55846],[-1,-2],[1,2]],[[10870,57533],[-4,0],[1,-1],[3,1]],[[10903,57577],[1,-4],[-1,4]],[[10757,57630],[0,14],[-36,-9],[-21,36],[-35,34],[3,29],[30,23],[11,11],[-4,19],[-17,28],[-3,15],[-1,40],[-6,41],[-2,7],[-4,8],[-2,14],[-1,21],[15,21],[16,7],[-4,17],[-2,1],[-20,3],[-23,-20],[-6,38],[-4,12],[-4,11],[-4,8],[-20,7],[-10,2],[-3,-13],[1,-14],[-12,-5],[-17,15],[-5,18],[-11,1],[-7,26],[-3,12],[-1,6],[6,14],[0,21],[5,24],[-1,12],[-8,3],[-1,-3],[-19,-4],[-47,24],[-51,83],[22,9],[-10,20],[-6,10],[-13,6],[-7,28],[-29,50],[-51,44],[-22,30],[-11,8],[-10,8],[-9,3],[-38,26],[-25,19],[-9,20],[-17,8],[-50,28],[-31,111],[-50,59],[-45,52]],[[10018,58827],[10,10]],[[10028,58837],[52,-44],[55,-68],[59,-92],[21,-29],[10,-21],[9,-22],[21,-18],[37,-17],[10,-7],[10,-3],[16,-10],[21,-19],[20,-14],[16,-13],[30,-27],[27,-27],[16,-20],[38,-40],[21,-20],[1,-13],[-1,-22],[-18,-38],[-8,-4],[5,-19],[39,-20],[14,-4],[7,-3],[11,-5],[13,0],[20,-14],[31,-66],[11,-49],[-1,-8],[6,-4],[6,-12],[22,-11],[16,-1],[26,-27],[1,0],[-5,35],[17,19],[-5,13],[3,32],[16,-32],[4,-21],[3,-2],[39,-8],[3,-17],[27,0],[-20,-14],[14,-13],[35,-44],[-12,-20],[9,-15],[0,-17],[6,-9],[25,-13],[10,-15],[13,3],[26,29],[-2,-31],[0,-12],[17,-27],[4,-32],[-2,-5],[12,-27],[8,-10],[36,-25],[17,-35],[14,-18],[7,-7],[12,-8],[24,-5],[-14,-22],[3,-18],[11,-8],[10,-12],[-5,-15],[1,-5],[7,-7],[7,-11],[13,-12],[8,-11],[10,-18],[7,-23],[4,-14],[4,-15],[0,-12],[0,-8],[4,-11],[7,-17],[16,-10],[0,-11],[3,-11],[5,-6],[5,-13],[9,-13],[-3,-15],[6,-10],[17,-15],[28,-18],[38,-7],[6,-19],[7,-13],[2,-26],[13,-32],[1,-2],[1,-4],[3,-2],[2,-3],[6,-13],[13,-10],[12,-12],[5,-16],[38,-10],[6,-21],[14,-12],[8,1],[45,-8],[-52,-22]],[[11404,57063],[-41,-19],[-14,39],[-54,-14],[-26,-51],[-37,2],[3,-25],[-126,-12]],[[11109,56983],[22,48],[-44,-4],[-74,-4],[11,51],[-38,25],[-47,6],[-3,64],[91,72],[18,21],[-7,17],[-17,15],[-54,17],[-8,5],[-23,2],[5,25],[-6,7],[-6,20],[-15,5],[-7,10],[1,18],[-10,9],[-28,0],[-6,16],[1,19],[-4,7],[-16,34],[-7,14],[-5,13],[-19,8],[-24,17],[-25,-12],[1,29],[-9,18],[-11,30],[11,25]],[[10840,57580],[-2,0],[0,-1],[2,1]],[[10788,57769],[1,1],[-1,-1]],[[10874,57676],[-1,-3],[1,2],[0,1]],[[11095,57442],[0,2],[3,3],[-3,-3],[0,-2]],[[11130,57144],[-2,0]],[[11128,57144],[2,0]],[[11157,57316],[14,10],[-15,-10],[1,0]],[[11243,57199],[0,-18],[25,-8],[-1,7],[-1,10],[-2,12],[-21,-3]],[[10966,57655],[-20,-5],[2,-13],[24,9],[-6,9]],[[10896,57696],[-7,10]],[[10889,57706],[-5,6],[5,-6]],[[10889,57706],[7,-10]],[[10896,57738],[13,-18],[-13,18]],[[10762,57869],[1,0],[-1,0]],[[10734,57870],[-2,3],[2,-3]],[[10764,57838],[0,-1]],[[10764,57837],[3,-1],[-3,2]],[[10764,57837],[-1,-3],[1,3]],[[10721,57895],[0,2],[0,-2]],[[10768,57817],[0,2],[0,-2]],[[10736,57968],[8,-3],[12,4],[-1,32],[9,11],[-5,10],[-11,10],[-13,16],[-4,6],[-8,-9],[0,-4],[2,-5],[-6,-34]],[[10719,58002],[6,-5],[11,-29]],[[10560,58149],[0,1],[-5,-1],[5,0]],[[11272,57157],[-68,-20],[6,-38],[73,8],[-2,13],[-3,12],[-4,17],[-2,8]],[[11228,57020],[-2,9],[-1,-1],[3,-8]],[[10786,57894],[-1,5],[-1,1],[0,-1],[2,-5]],[[10467,58328],[-18,-7],[18,7]],[[10400,58416],[7,-9],[-6,13],[-1,-4]],[[10805,57871],[7,2]],[[10812,57873],[-7,-2]],[[10815,57910],[2,3],[-14,-4],[12,1]],[[10877,57858],[-23,6],[-16,-20],[3,-20],[26,-5],[4,20],[6,19]],[[10952,57616],[1,-3],[19,7],[12,7],[-3,6],[-4,5],[-27,-13],[2,-9]],[[11021,57639],[0,-1],[3,-3],[-3,4]],[[11042,57569],[-1,-1],[1,0],[0,1]],[[11019,57306],[-1,2]],[[11018,57308],[1,-2]],[[10499,58306],[0,2],[-3,5],[3,-7]],[[10786,58032],[-5,-1],[-2,-1],[2,1],[5,1]],[[10929,57777],[0,1],[-6,1],[6,-2]],[[11004,56784],[-36,7],[-19,89],[-3,44],[34,5]],[[10980,56929],[45,-43],[94,-25],[54,-11],[35,-57],[23,-24],[16,-62]],[[11247,56707],[-73,7],[-62,-26],[29,-74],[61,2],[-12,-118],[-47,-2],[-11,105],[-81,-11],[-28,103],[-19,91]],[[11126,56798],[-3,1],[3,-2],[0,1]],[[11150,56401],[0,35],[44,-41],[-21,-11],[17,-49],[-57,33],[17,33]],[[11364,56326],[-65,-10],[-38,31],[-44,36],[24,36],[33,-35],[30,-63],[49,14],[-2,11],[-7,25],[-47,42],[39,44],[37,-31],[-9,-46],[0,-31],[3,-10],[2,-5],[13,-28],[-40,-30],[22,50]],[[11340,56511],[-90,29],[9,35]],[[11259,56575],[81,-64]],[[11096,56446],[-48,31],[67,14],[-19,-45]],[[11269,56231],[-30,-1]],[[11239,56230],[36,17],[45,22],[-35,-51]],[[11285,56218],[-16,13]],[[11414,56272],[-37,-53]],[[11377,56219],[-17,53],[54,0]],[[10431,63823],[-15,2],[1,-26],[27,-9],[12,1],[4,14],[-29,18]],[[10277,63678],[-16,-21],[23,30],[-7,-9]],[[10329,63956],[-2,2],[2,-2]],[[10323,63766],[1,47],[-4,2],[-32,-1],[-14,-56],[49,8]],[[10391,63903],[12,-3],[-4,9],[-8,-6]],[[10451,63934],[19,-22],[21,-23],[60,-24],[24,-22],[28,-25],[23,-20],[9,-17],[44,-40],[54,-49],[31,-25],[30,-22],[48,-33],[11,-7],[22,-20],[67,-44],[72,-29],[55,-6],[47,2],[36,-112],[21,-67],[63,-174],[36,-113],[14,-46],[18,-72],[7,-24],[19,-45],[5,-56],[-65,-24],[-33,-101],[35,-20],[-20,-41],[41,-28],[78,15],[56,-80],[41,-13],[-12,-39],[39,-109],[-79,-55],[-45,43],[-19,-30],[0,-73],[-202,-27],[11,-81],[10,-5],[77,24],[20,-45],[19,47],[45,-53],[22,44],[21,-60]],[[11375,62088],[-28,-25]],[[11347,62063],[-13,-9]],[[11334,62054],[-46,23]],[[11288,62077],[-68,6]],[[11220,62083],[-67,-28],[-4,-6],[-75,-101]],[[11074,61948],[-57,-145],[24,-63],[52,-1],[60,18],[12,-5],[17,-56],[17,-12],[151,43],[13,-59],[1,-20],[33,-12]],[[11397,61636],[15,-33],[70,-26],[74,40]],[[11556,61617],[18,-8]],[[11574,61609],[-83,-52],[-82,-37],[-21,0],[-20,7],[-110,-62],[-78,-115],[-91,-10],[-46,-5],[-126,-6],[-62,0],[-78,-1],[-161,-1],[-12,-11],[-42,-15],[-1,-75],[-78,-82],[-39,-52]],[[10444,61092],[-31,182],[-136,314],[-57,-38],[164,-607]],[[10384,60943],[1,-5]],[[10385,60938],[2,-5]],[[10387,60933],[-164,-23],[-122,-88],[-66,57],[-57,68],[-70,-3],[-81,-197],[12,-72],[-178,43],[-60,-29],[-41,-112],[-17,-10],[-35,3],[-67,5],[-81,20],[-146,62],[-76,38],[-32,18],[-105,48],[-14,19]],[[8987,60780],[-33,115],[44,178],[-29,262],[60,57],[5,140],[-5,34],[-68,120],[-1,0],[-19,156],[0,1],[-23,155],[-174,-36],[-76,12],[-4,31],[142,101],[53,36],[-42,218]],[[8817,62360],[-54,106],[-94,10],[-57,-36],[-11,70],[-12,65],[17,29],[183,-6],[58,128],[26,87],[-32,101]],[[8841,62914],[19,12],[54,137],[65,-29],[34,50]],[[9013,63084],[-9,-65],[97,7],[7,-35],[141,-21],[-29,55],[-66,-8],[24,112],[49,-19],[-44,-21],[16,-19],[97,35],[-32,69],[37,24],[-10,33],[83,3],[-54,46],[63,55],[72,-27],[43,111],[89,62],[-55,-31],[36,62],[-54,-12]],[[9514,63500],[-1,0]],[[9513,63500],[24,45],[-32,33],[-26,-17],[15,30],[-56,21],[20,23],[-49,-16],[30,27],[-12,43],[19,54],[13,-27],[72,27],[28,51],[-67,10],[51,8]],[[9543,63812],[38,1],[-32,10]],[[9549,63823],[-42,41],[28,54]],[[9535,63918],[4,1],[32,14],[-13,35],[0,31],[-37,-2],[-4,14],[29,8],[20,37],[22,14],[4,24],[-52,28],[9,44],[46,-6],[-17,53],[21,-32],[0,50],[-4,3],[-21,18],[-11,-22],[-28,0],[6,38],[-31,-28],[6,21],[14,24],[-18,17],[-15,-32],[-18,0],[-11,24],[-5,8],[-17,20],[-3,12],[-17,-4],[-10,1],[21,35],[-16,26],[-26,1],[-6,15],[6,9],[0,2],[31,27],[0,5],[25,23],[-32,14]],[[9419,64488],[1,6]],[[9420,64494],[6,20],[-5,32],[-10,24],[30,-9],[23,-6],[8,-3],[21,40],[42,-2],[-5,16],[6,7],[5,31],[-34,6],[-6,11],[-14,24],[19,-1],[-9,24],[34,1],[5,23],[-6,34],[-18,-21]],[[9512,64745],[-12,63],[42,-1],[-55,91],[-8,32]],[[9479,64930],[65,22],[217,-153],[-96,-4],[42,-19],[46,-29],[54,-65],[25,-63],[62,-87],[142,-61],[94,-56],[19,-137],[-43,45],[-2,-75],[46,-23],[27,-25],[20,-15],[20,-26],[18,-13],[37,-34],[51,-45],[54,-48],[74,-85]],[[9935,63895],[-5,-29],[67,-20],[14,64],[-35,-4],[-33,-7],[-8,-4]],[[9854,63899],[-4,9],[-32,31],[36,-40]],[[10055,64295],[-3,0],[3,0]],[[10624,63747],[5,-28],[13,-29],[33,4],[6,8],[-1,31],[-43,26],[-13,-12]],[[10452,63740],[7,6],[-8,-6],[1,0]],[[10420,63742],[-7,4],[7,-4]],[[10567,61589],[-2,11],[-1,0],[3,-11]],[[9684,62995],[77,-102],[182,-42],[-91,220],[49,9],[3,75],[53,49],[55,-9],[70,78],[-257,-27],[-5,114],[6,174],[-8,30],[-127,-43],[11,-30],[11,-67],[-87,-180],[13,-136],[70,-25],[-25,-88]],[[10160,64055],[-1,0],[1,-1],[0,1]],[[10119,64031],[-6,2]],[[10113,64033],[6,-2]],[[10085,64046],[0,3],[-2,0],[2,-3]],[[10215,63916],[-25,-11],[25,11]],[[10168,63467],[-29,-28],[-4,-69],[1,-4],[153,38],[7,48],[-128,15]],[[10981,63085],[-39,-8],[39,-78],[29,-13],[4,67],[-33,32]],[[10968,62916],[1,0],[0,5],[-1,-5]],[[11210,62377],[7,2],[-6,3],[-1,-5]],[[9686,64388],[28,-29],[-8,17],[-20,12]],[[9682,64344],[-1,-3],[1,3]],[[10705,63145],[-19,16],[-12,23],[-83,-20],[-200,96],[-55,-95],[-120,1],[91,-144],[138,137],[110,-49],[25,44],[46,-5],[43,-86],[12,15],[24,67]],[[10705,62999],[-1,0],[-1,-4],[2,4]],[[10415,63672],[-2,-7],[26,-13],[3,2],[42,-7],[7,13],[9,14],[-28,22],[-31,-17],[-26,-7]],[[10406,63600],[-15,-5],[7,-3],[8,8]],[[10382,63602],[-16,3],[-1,-7],[17,4]],[[10677,63518],[15,0],[-27,15],[12,-15]],[[8987,60780],[-111,-62],[-88,-33],[-36,-8],[-27,-8],[-26,-21],[-23,-16],[-31,-11],[-27,-6],[-36,8],[-45,86],[-22,29],[-16,26],[-60,130],[-209,174],[-118,-94],[-88,-33],[-49,-33],[-60,-48],[-118,-47],[-19,-7],[-69,-24],[-47,-14],[-34,-26],[-216,-52],[-149,98],[-98,41],[-25,51],[-127,116],[-18,26]],[[6995,61022],[-11,9]],[[6984,61031],[-76,55]],[[6908,61086],[1,4],[-33,23],[-80,51],[-54,90],[-74,37],[-37,22],[-27,10],[-93,33],[-31,8],[-202,73],[-29,12],[-38,40],[-47,62],[-157,58],[7,47],[29,73],[6,38],[21,89],[-63,168],[6,102],[-31,112],[-87,79],[-213,94],[-50,28]],[[5632,62439],[-21,32],[-72,-16],[-90,0],[-143,176],[-142,82],[-343,6],[-78,73],[26,245],[46,29]],[[4815,63066],[270,-13],[99,267],[189,173],[97,159],[66,-121],[116,-19],[153,180],[281,75]],[[6086,63767],[189,7]],[[6275,63774],[70,-20],[29,-102],[5,-26],[11,-45],[15,-34],[-10,-67],[3,-29],[-6,-51],[16,-57],[3,-19],[53,-74],[-2,-60],[-16,-34],[-29,-117],[-26,-14],[-11,-52],[47,-27],[5,-8],[1,-1],[50,24],[19,-37],[47,-53],[42,-28],[8,-21],[20,-18]],[[6619,62804],[0,-3]],[[6619,62801],[10,1],[10,5],[17,0],[3,0],[18,6],[31,-6],[3,6],[20,-1],[29,-4],[2,0],[2,-2],[7,-2],[8,-7],[40,-80],[6,-9],[7,-6],[4,-5],[9,-1],[13,-12],[-1,-7]],[[6857,62677],[-1,-3],[-1,-2]],[[6855,62672],[-9,-13],[13,-8]],[[6859,62651],[7,-10],[51,-2]],[[6917,62639],[13,-5],[18,-3],[12,-7],[6,-3],[19,-8],[19,-2],[1,0],[17,2],[35,-3],[18,-6],[7,-2],[8,-3],[47,-6],[162,-16]],[[7299,62577],[61,-8],[34,-7],[60,-18],[105,-47],[50,-37],[33,-19],[42,-22],[64,-17],[44,-33],[204,-74],[93,-19],[28,-4]],[[8117,62272],[75,-10],[21,-1],[144,-12],[89,40],[169,-5],[202,76]],[[6588,62472],[0,7],[-31,12],[31,-19]],[[6307,62347],[-7,97],[-74,-24],[-12,-4],[57,-83],[11,8],[25,6]],[[6991,62462],[34,-3],[1,6],[3,13],[-13,7],[-20,-10],[-9,-9],[4,-4]],[[7053,62475],[1,-12],[0,-8],[-17,-20],[41,-21],[3,-30],[55,2],[17,0],[39,-4],[39,-19],[58,-26],[39,5],[78,6],[20,-14],[42,-37],[33,14],[40,-24],[34,44],[-2,39],[-28,6],[-40,30],[-73,48],[-78,29],[-273,28],[-13,-9],[-7,-12],[-8,-15]],[[6964,62170],[-56,5]],[[6908,62175],[56,-5]],[[6783,62035],[0,1],[-8,-3],[8,2]],[[7610,62304],[6,-7],[-6,7]],[[6581,62659],[-1,0],[3,-5],[-2,5]],[[5613,63428],[-80,-77]],[[5533,63351],[80,77]],[[5858,63072],[-10,17],[-12,19],[12,-19],[10,-17]],[[6944,62625],[-1,0],[5,-2],[-4,2]],[[7009,62551],[5,0],[-3,18],[-2,-18]],[[6749,61774],[-1,9],[-7,0],[8,-9]],[[6208,62414],[-5,-4],[5,4]],[[6139,62466],[-30,65],[-7,-9],[37,-56]],[[4239,60479],[-18,-40],[-4,30],[-14,28],[-34,37],[-44,44],[-22,25],[-53,65],[-32,33],[-116,78],[-13,-2],[-29,-19],[-35,-38],[-17,52],[-24,34],[-50,55],[-25,33],[-94,98],[49,63],[-60,-53],[-38,46],[-54,66],[-44,55],[-79,93],[-58,65],[-82,89]],[[3249,61416],[30,30],[48,56],[26,34],[19,23],[31,62],[116,272],[16,34],[22,44],[94,98],[31,21],[80,54],[2,1]],[[3764,62145],[7,6]],[[3771,62151],[64,40],[33,7],[41,17],[14,104],[-84,87],[52,173]],[[3891,62579],[39,22],[84,57],[55,61],[111,190],[0,111],[101,-52],[153,54],[142,-18],[209,135],[30,-73]],[[5632,62439],[2,-270],[-112,-40],[-65,-107],[-303,224],[-201,235],[94,-434],[96,-192],[242,-220]],[[5385,61635],[-126,-7],[-90,-12]],[[5169,61616],[-3,-1],[-171,-75],[-51,-26],[-39,-21],[-31,-74]],[[4874,61419],[4,-64],[-11,-56],[-3,-17],[-11,-50],[-3,-31],[0,-8],[-7,-39],[-23,-66],[9,-41],[7,-17]],[[4836,61030],[-62,-111],[-2,-6]],[[4772,60913],[-6,-20],[-3,-69],[34,-29],[-11,-46],[10,-55],[7,-16],[-7,-47],[-1,-44],[-21,-57],[-15,-11],[-19,-27],[-21,-14],[-19,-15],[-22,-18],[-51,-22],[-70,-9],[-1,-1],[-86,-41]],[[4470,60372],[-38,33],[-33,29],[-17,13],[-31,26],[-24,20],[-28,14],[-65,-16],[5,-12]],[[4227,60493],[1,-12],[-1,12]],[[4462,60797],[-16,-11],[2,-2],[14,13]],[[3811,61410],[3,6],[-3,-4],[0,-2]],[[3916,61676],[36,-25],[55,-12]],[[4007,61639],[-11,47],[29,16],[-7,38],[-103,-33],[0,-7],[1,-24]],[[3954,60834],[11,8],[1,1],[-201,125],[31,-43],[31,-45],[127,-46]],[[3764,60968],[-2,2],[1,-3],[1,1]],[[3796,61288],[5,-6],[-4,6],[-1,0]],[[3712,61460],[0,-10],[1,1],[-1,9]],[[3896,61882],[0,4],[-1,-4],[1,0]],[[4007,61639],[0,-1],[1,0],[-1,1]],[[4482,61451],[-11,10]],[[4471,61461],[11,-10]],[[797,65055],[-68,75],[-53,45],[94,17],[112,-15],[44,17],[-87,61],[-94,65],[-1,84],[41,-91],[28,108],[15,59],[-1,22],[38,20],[312,-76],[-10,41],[-20,22],[-23,33],[-2,31],[-139,28],[-61,-62],[-98,-5],[-35,123],[-49,32],[24,17],[32,75],[-42,102],[-18,60],[-69,24],[-65,101],[66,80],[53,115],[55,-20],[-13,-50],[41,-11],[6,-5],[10,-6],[20,-9],[20,-3],[14,1],[14,3],[11,4],[27,16]],[[926,66183],[25,-13],[6,-9],[-13,-5],[0,-13],[7,-14],[-15,-23],[9,-5],[-1,-2],[4,-3],[0,-4],[21,-8],[6,-1],[10,-16],[5,0]],[[990,66067],[4,-7],[-3,7]],[[991,66067],[7,3],[1,-2],[28,-27],[2,-1],[19,-4],[12,-15],[10,10],[7,-2],[20,5],[4,2],[10,11],[1,5],[4,15],[14,8],[50,-3],[1,0],[4,26],[10,-1],[12,4],[10,-8],[10,35],[6,0],[0,5],[-2,2],[-3,2]],[[1228,66137],[-2,2]],[[1226,66139],[18,-1]],[[1244,66138],[4,0]],[[1248,66138],[0,1],[1,12],[-3,10],[-3,6],[-5,15],[-4,4],[-15,6],[2,22],[1,2],[22,32],[4,3],[28,-33],[29,4]],[[1305,66222],[4,-13],[19,2],[-4,8],[-10,16],[-2,1]],[[1312,66236],[0,1]],[[1312,66237],[-20,9]],[[1292,66246],[-6,14],[3,9],[-10,47],[-52,-14],[9,64],[36,24],[0,5]],[[1272,66395],[35,24],[39,25],[23,-1],[11,1],[6,2],[16,32],[76,82],[53,27],[80,-19],[150,-175],[36,-29],[31,-12],[16,-4],[30,-7],[32,17],[-1,57],[209,14],[88,41],[123,-69],[142,-81],[8,-3],[100,-36],[166,-45],[-83,-141],[50,-82],[-38,-79],[84,-56],[163,-107],[-50,-28],[14,-44],[-110,-62],[47,-66],[-36,-89],[15,-61],[-29,-34],[-17,-159],[73,-31],[-36,-31],[23,-48],[108,-46],[-65,-107],[16,-13],[54,-148],[147,-176],[39,-134],[-77,-199],[-234,-50],[-68,-47]],[[2731,64198],[-56,-30],[-248,37],[-104,53],[-32,136],[56,121],[-89,150],[-46,55],[-49,6],[-31,53],[-157,1],[-83,40]],[[1892,64820],[-19,0]],[[1873,64820],[-118,1],[-19,-18],[-123,18],[-22,10],[-123,11],[-53,-41],[-44,28],[-68,128],[-19,13],[-172,-90],[5,-50],[27,-106],[-4,-45],[-36,-10]],[[1104,64669],[-106,51],[-81,34],[-43,23],[-25,64],[-6,40],[-7,11],[-14,44],[-4,10],[-66,43],[55,24],[-10,42]],[[873,64859],[-5,10],[5,-10]],[[889,65966],[2,5],[-2,-3],[0,-2]],[[1027,65834],[1,0],[4,3],[-5,-3]],[[870,66012],[0,-1],[0,2],[0,-1]],[[1580,65646],[17,-5],[-21,12],[4,-7]],[[1629,65647],[0,-2],[1,2],[-1,0]],[[1441,65738],[-1,1],[1,-1]],[[2182,65236],[-4,-4],[5,1],[-1,3]],[[2154,65219],[-1,-1],[1,0],[0,1]],[[2273,65224],[-1,-1],[3,0],[-2,1]],[[2064,65449],[87,45]],[[2151,65494],[-2,2],[-16,35],[-64,-39],[-8,-38],[3,-5]],[[2151,65494],[1,-5],[0,6],[-1,-1]],[[2114,65565],[1,0],[1,2],[-2,-2]],[[2231,65735],[0,1],[-9,6],[9,-7]],[[2251,66008],[-4,0],[-5,-1],[9,1]],[[1986,65474],[0,-1],[0,2],[0,-1]],[[1417,65814],[-1,-1],[6,2],[-5,-1]],[[1523,65809],[7,-9],[0,1],[-7,8]],[[1434,65932],[4,3],[-5,-4],[1,1]],[[1422,65931],[0,1],[0,-1]],[[1333,65827],[1,0]],[[1334,65827],[-1,0]],[[1259,65926],[1,0],[-2,1],[1,-1]],[[1324,65917],[-4,-13],[2,6],[2,7]],[[1337,65890],[-3,3],[2,-3],[1,0]],[[1126,66002],[-1,0],[0,-1],[1,1]],[[1163,65987],[-1,0],[1,0]],[[1183,65966],[1,-1],[0,1],[-1,0]],[[1118,65969],[0,2],[-1,0],[1,-2]],[[1096,65989],[0,1],[0,-1]],[[1544,66497],[-1,1],[1,-1]],[[1235,65987],[3,-2],[-3,2]],[[1320,65995],[0,-2],[0,2]],[[1360,65990],[0,-2],[1,1],[-1,1]],[[1216,66028],[1,-1],[0,1],[-1,0]],[[1230,66071],[2,3],[-2,-3]],[[1220,66073],[5,-1],[-3,1],[-2,0]],[[1202,66052],[-1,0],[1,0]],[[1388,66220],[1,0],[0,1],[-1,-1]],[[1350,66211],[0,-1],[2,1],[-2,0]],[[84,66821],[-54,36],[66,57],[37,-63],[52,5],[12,-73],[1,-71],[30,-3],[38,9],[80,5],[39,-59],[-31,-22],[30,15],[20,-31],[-51,11],[-71,-1],[-42,-2],[-43,-1],[-38,5],[15,132],[-168,-38],[-6,58],[84,31]],[[145,66611],[-3,-30],[-87,-17],[65,61],[25,-14]],[[421,66466],[-52,-28],[-27,-80],[-32,7],[1,55],[100,78],[-18,103],[44,-105],[55,18],[60,-76],[-66,-25],[-65,53]],[[1757,65568],[-2,-1],[2,0],[5,0],[-5,1]],[[1774,65441],[50,-3],[-50,3]],[[3378,65554],[-2,-2],[2,-1],[0,3]],[[3355,65588],[1,1],[-8,8],[7,-9]],[[3358,65680],[16,-5],[45,-32],[38,-35],[-32,-4],[49,-23],[38,-18],[56,-44],[10,-1],[10,-12],[1,-4],[24,-13],[18,-19],[28,-23],[26,-32],[29,-10],[9,-8],[8,-6],[21,-17],[13,-9],[27,-18],[38,-27],[86,-61],[34,-43],[38,-51],[62,-43],[84,-22]],[[4134,65100],[-29,-4],[-59,15],[-15,7],[-24,13]],[[4007,65131],[-34,16],[-28,-2]],[[3945,65145],[-30,5],[-56,3],[-7,-24],[18,2],[11,2],[25,-3],[22,-4]],[[3928,65126],[-4,-12],[9,-15],[-8,-33],[-10,0],[-4,-6],[-3,-12],[0,-2],[-3,-16],[2,-15],[6,-5],[3,-6],[3,-7],[3,-7],[7,-13],[-2,-11],[-2,-1],[-3,-6]],[[3922,64959],[-2,-3]],[[3920,64956],[-5,-8],[-1,-1],[-29,-27],[-4,-5],[2,-7],[4,-9],[1,0],[5,-19]],[[3893,64880],[-11,0],[-40,-13],[-25,-15],[-19,7],[-16,0],[-40,2],[-22,-22],[-78,-54],[-7,-1],[-17,-16],[-24,-5],[-101,-14],[-20,-44],[84,-36],[-91,-175],[41,-59],[80,-53],[34,-49],[23,-32],[27,-26],[58,-44],[39,-66],[46,-24],[-17,-140],[-95,6],[-152,-122],[-76,-16],[-75,63],[-74,73],[-28,43],[-73,193],[3,95],[17,123],[-24,8],[18,52],[-22,54],[-80,147],[48,19],[203,-132],[23,113],[44,46],[0,1],[-2,64],[-2,16],[-9,-9],[-27,-15],[-16,-6],[-23,-13],[-57,-6],[-24,2],[-14,5],[-31,4],[-39,-7],[-50,-26],[-27,24],[42,6],[25,47],[2,45],[47,33],[62,28],[15,36],[20,25],[4,9],[0,20],[-30,3],[-22,65],[12,28],[9,22],[-14,78],[0,6],[1,7],[-13,21],[-1,15],[0,24],[-36,-6],[6,-17],[-18,-126],[-17,-14],[-43,64],[-17,42],[-7,18],[-4,14],[-8,17],[-8,16],[-22,8],[-14,19],[-14,16],[-6,15],[-21,21],[25,34],[-12,9],[-30,-13],[-1,36],[9,53],[5,14],[-10,45],[-32,-7],[0,89],[-14,95],[138,-15],[16,-46],[0,-47],[41,-28],[29,-37],[52,-50]],[[3279,65537],[24,-46],[25,5],[-3,23],[-4,18],[-13,37],[-22,27],[-16,18],[-4,20],[-9,28],[-4,50],[-1,16],[22,34],[30,31],[12,-22],[16,-27],[44,-59],[-26,11],[8,-21]],[[4242,63264],[-95,33],[-48,-16],[-41,64],[-71,63],[-13,101],[41,139],[81,-33],[137,-105],[37,-57],[-56,-39],[53,-40],[53,-39],[-17,-26],[-9,-85],[-52,40]],[[4599,63343],[-116,-37],[-56,25],[33,108],[110,49],[47,-55],[-18,-90]],[[3836,64905],[19,11],[-29,31],[-12,0],[16,-39],[6,-3]],[[3583,65461],[1,3],[-5,22],[-12,4],[-2,-26],[0,-11],[18,8]],[[3214,66019],[25,-38],[-31,-20],[-25,-10],[-21,-10],[-36,-27],[-30,-127],[-55,-30],[49,205],[-22,49],[-10,33],[-12,12],[-84,12],[-28,-15],[-25,3],[-46,10],[33,69],[42,-2],[26,-8],[101,-29],[21,-17],[26,-15],[10,-26],[34,-2],[20,-5],[17,-7],[21,-5]],[[3642,65136],[-25,21]],[[3617,65157],[25,-21]],[[3149,65407],[3,19],[-21,-1],[1,-10],[13,-8],[4,0]],[[3588,65396],[-15,2],[2,-11],[7,1],[6,8]],[[3424,65475],[-8,4],[1,-1],[7,-3]],[[3446,65427],[3,4],[-7,-2],[4,-2]],[[3407,65449],[5,-3],[-5,3]],[[3396,64958],[2,2]],[[3398,64960],[-2,-2]],[[3740,65066],[0,6],[0,-6]],[[7688,64967],[44,-11],[-17,-23],[65,-14]],[[7780,64919],[-35,-52],[1,-1],[-3,-25]],[[7743,64841],[-4,-4],[-1,-4]],[[7738,64833],[10,-19],[-41,-28],[5,-34],[84,-15],[9,-8],[21,-43],[-2,-49],[26,-34],[10,-14],[45,-6],[11,0],[19,-37],[22,-20],[12,-10],[29,-33],[24,-26],[-22,-38],[-4,-10],[60,-39]],[[8056,64370],[-12,-42],[9,-3],[32,-8],[3,34]],[[8088,64351],[27,-33],[54,-4],[13,-9],[7,-4],[47,-13],[54,-1],[6,12],[-6,20],[-1,19],[0,2],[-3,12],[-7,22],[3,11],[4,20],[7,11],[2,9],[-7,14],[0,25],[0,9],[3,11],[-1,9],[0,27]],[[8290,64520],[83,-1],[6,0],[61,23],[44,15],[24,8],[67,25],[49,36],[26,-7],[70,23],[13,7],[56,33],[84,19],[116,39],[34,13],[145,63],[42,15],[36,13],[213,81],[20,5]],[[9512,64745],[0,-4]],[[9512,64741],[0,4]],[[9420,64494],[-1,0],[0,-6]],[[9549,63823],[-6,-11]],[[9513,63500],[-12,-7],[13,7]],[[9013,63084],[27,364],[-184,65],[-110,165],[-154,10],[-111,-1],[-39,-1],[-117,5],[-143,1],[-53,16],[-177,118],[-50,-5],[-144,7],[-85,99],[-177,52],[23,54],[-76,57],[-76,26],[-10,-42],[-15,-247],[-220,-65],[-80,88],[-144,103],[32,210]],[[6930,64163],[-19,78],[53,30],[25,10],[81,70],[17,25],[20,43],[11,29],[7,21],[15,32],[3,5],[23,33],[14,22],[-2,18],[-15,38],[-19,33],[0,32],[1,16],[-1,9],[1,12]],[[7145,64719],[-1,6]],[[7144,64725],[6,0],[27,0],[23,2],[12,2],[3,-49],[29,37],[-13,12],[10,28],[37,2]],[[7278,64759],[6,0],[-6,1]],[[7278,64760],[-7,19],[29,11],[5,13],[-56,13],[25,24],[-35,-1],[7,16],[13,22],[-17,18],[2,22],[1,3],[7,18],[-3,8],[-10,12]],[[7239,64958],[41,2],[28,7],[12,4],[19,6],[30,7],[27,7],[22,5],[27,5],[21,2],[56,2],[43,-5],[20,-4],[63,-18],[40,-11]],[[9043,64531],[-14,18],[0,-1],[14,-17]],[[9288,64438],[-7,1]],[[9281,64439],[7,-1]],[[9258,64437],[2,34],[-2,-34]],[[9201,64376],[5,-1],[-5,1]],[[9207,64398],[-12,-7],[1,0],[11,7]],[[9260,64335],[-17,-9],[4,-10],[29,-19],[2,34],[-18,4]],[[9276,64293],[0,-20],[0,20]],[[9083,64245],[7,30],[-7,-30]],[[9408,63802],[1,0]],[[9409,63802],[-1,0]],[[7700,64910],[-8,3],[4,-1],[4,-2]],[[7890,64317],[-7,4],[7,-4]],[[7857,64333],[-2,0],[2,0]],[[7891,64464],[6,-2],[-7,6],[1,-4]],[[8822,64349],[-2,-2],[2,1],[0,1]],[[8772,64321],[-1,6]],[[8771,64327],[1,-6]],[[8771,64327],[-3,8],[3,-8]],[[8814,64058],[-3,1],[2,-1],[1,0]],[[8944,63991],[9,-21],[27,2],[4,0],[-1,34],[-14,-1],[-27,-12],[2,-2]],[[9037,63895],[-21,6],[8,-7],[13,1]],[[8870,64035],[26,-1],[-16,26],[-22,-1],[6,-24],[6,0]],[[8684,64082],[-2,0],[4,0],[-2,0]],[[8608,63918],[-2,1]],[[8606,63919],[2,-1]],[[8606,63919],[-18,12],[-17,-11],[-11,-6],[-8,-4],[18,-21],[36,30]],[[8577,64069],[-14,-13],[15,12],[-1,1]],[[7367,64926],[-1,-4]],[[7366,64922],[1,4]],[[7505,64896],[7,-19],[8,1],[-15,18]],[[8413,64398],[1,0],[-1,0]],[[8391,64403],[22,-2],[-16,30],[-2,17],[-19,3],[-2,-26],[17,-22]],[[8348,64119],[41,-6],[-1,24],[-40,-18]],[[8375,64451],[-2,0],[1,0],[1,0]],[[8539,64517],[0,-1],[1,1],[-1,0]],[[8520,64202],[1,0],[-1,0]],[[8502,64178],[2,-3],[40,-28],[-42,31]],[[9025,64746],[-1,-49]],[[9024,64697],[7,45],[-6,4]],[[9024,64697],[24,2],[-24,-2]],[[8580,64352],[-2,0],[2,-1],[0,1]],[[8545,64289],[2,1],[-2,0],[0,-1]],[[8499,64109],[22,23],[-24,-22],[2,-1]],[[8447,63971],[2,-1],[-2,11],[0,-10]],[[9512,64741],[-1,0],[3,-2],[-2,2]],[[9450,64277],[-2,-5],[2,5]],[[7422,64787],[-4,-1],[4,1],[15,9],[-15,-9]],[[7291,64693],[-16,1]],[[7275,64694],[16,-1]],[[7275,64664],[-19,14],[-1,0],[20,-14]],[[7277,64628],[40,-9],[-40,9]],[[7256,64603],[-10,4],[10,-4]],[[7241,64513],[-5,6],[4,-6],[1,0]],[[7166,64323],[0,1],[1,-4],[0,3],[-1,0]],[[7460,64478],[-4,50]],[[7456,64528],[4,-50]],[[9535,63918],[-2,0],[2,0]],[[8568,63952],[-21,-10],[-8,-8],[9,8],[20,10]],[[8753,64016],[2,0],[-2,0]],[[8080,63977],[20,7],[-29,5],[9,-12]],[[3597,54809],[31,-29],[42,-23],[43,-28],[43,-69],[11,-15],[164,326],[195,-33],[-67,9],[-19,-57],[28,-34],[-49,-119],[184,-28],[13,-45],[-53,10],[25,28],[-54,-33],[-16,-44],[-32,9],[36,-36],[14,-65],[-32,2],[34,-47],[-72,-64],[50,-88],[92,-32],[203,141],[23,-63],[40,23],[-32,50],[123,9],[38,-30],[-12,-27],[69,-17],[7,-50],[106,-117],[98,-47],[92,-26],[-80,-93],[-42,-114],[1,0],[36,-13],[31,-18],[38,-32],[-20,-46],[20,46],[26,-14],[148,99],[49,-75],[-2,-19],[18,-19],[23,-9],[3,-17],[36,-3],[-32,-37],[4,-7],[6,-33],[61,39],[-20,-33],[45,42],[-36,32],[15,148],[91,-142],[3,60],[112,-85],[56,-85],[-2,-72],[-14,-20],[47,-8],[-82,-91],[-56,142],[-98,-10],[-3,-1],[11,-161],[27,-8],[20,-10],[53,-19],[29,14],[103,-180],[-139,-47],[-71,-8],[-39,-1],[-47,20],[-64,57],[-55,-27],[-49,-6],[-84,27],[-96,48],[77,50],[0,36],[2,38],[-24,-8],[-57,-12],[14,74],[4,23],[-13,32],[-14,13],[-54,20],[-42,7],[-54,6],[-42,9],[-36,16],[-30,18],[-5,108],[87,241],[-26,2],[-128,-333],[-22,63],[-74,45],[-48,61],[-85,34],[-17,59],[-49,35],[-50,-14],[-41,50],[-26,54],[-76,33],[139,156],[-31,18],[-160,-128],[-45,38],[-82,-8],[-60,65],[-84,16],[-39,10],[-41,-100],[-13,60],[-51,29],[-37,-7],[-28,-18],[-12,-19],[-10,-4],[-66,-5],[-37,44],[0,6],[-49,20],[-28,32],[-65,-6],[165,283],[4,130],[-21,-1],[-14,-3],[-2,-89],[-95,-190],[-20,-19],[-33,-42],[-37,37],[-47,28],[-45,20],[-52,-5],[-24,-51],[-49,90],[-31,0],[-50,-23],[0,-41],[-39,16],[-4,122],[-21,42],[-27,33],[-42,20],[-50,63],[123,60],[100,118],[-14,35],[-300,22],[-113,-58],[-44,109],[56,60],[40,138],[40,21],[99,-105],[208,-131],[12,-36],[264,120],[175,180],[62,-47],[-79,-91],[-56,-7],[-214,-172],[-42,-72],[23,-7],[50,-17],[201,200],[92,26],[106,90],[58,-14],[15,-69],[44,-24],[-91,-260]],[[3652,54315],[0,9],[-1,0],[1,-9]],[[4967,53839],[-15,-48],[45,-24],[27,-17],[31,-14],[19,-9],[19,-8],[19,-15],[13,28],[10,30],[-2,29],[-14,32],[-10,51],[-142,-35]],[[2966,55048],[4,56],[319,142],[46,-23],[53,48],[-19,-52],[-158,-93],[-245,-78]],[[3352,55387],[-23,-29],[-93,58],[32,-46],[-43,18],[-26,-60],[39,17],[8,-31],[-250,-89],[-1,62],[11,292],[99,-114],[-26,117],[101,-5],[45,11],[60,-49],[67,-24],[19,-49],[32,-67],[-14,-32],[-37,20]],[[5422,53311],[8,0],[3,0],[-11,0]],[[5632,53460],[29,-68],[-159,111],[97,-7],[33,-36]],[[11687,53604],[-33,-32],[0,-35],[181,-83],[97,97],[-35,30],[20,22],[137,8]],[[12054,53611],[58,-157],[113,-257],[19,-28]],[[12244,53169],[-26,-46],[-69,-201],[24,-42],[-3,-5],[-78,-128],[-10,-11]],[[12082,52736],[-278,195],[-62,-15],[-53,76],[-30,176],[-70,135],[-33,1],[-128,-75],[-125,32],[-12,-126],[101,-70],[-29,-55],[38,-23],[-16,-28],[-106,43],[-121,6],[-114,-111],[-74,-1],[78,49],[30,92],[11,197],[24,63],[-117,46],[-51,-94],[27,-46],[-34,-66],[11,-41],[15,-17],[7,-77],[-35,-43],[44,-30],[-28,-21],[-88,45],[-10,5],[-8,7],[-7,4],[-131,20],[-17,-95],[-45,-49],[-28,17],[67,282],[-6,3],[-11,-3],[-18,-55],[-24,-10],[-31,-142],[-70,82],[-99,187],[8,25],[41,-51],[-40,53],[14,49],[36,138],[78,263],[-8,8],[-30,27]],[[10673,53954],[191,-19],[-2,32],[43,73],[-19,16],[-15,33],[0,64],[43,30],[89,-68],[49,44],[1,1],[151,70],[98,3],[12,12],[31,35],[5,5],[85,80],[138,-103],[32,-97],[40,29],[44,-26],[19,39],[-13,60],[54,-2],[38,-7]],[[11787,54258],[17,-124],[2,-11],[-7,-142],[20,-56],[28,-61],[90,-121]],[[11937,53743],[-78,-52],[-13,21],[-55,-6],[-21,-53],[1,-83],[-59,49],[-25,-15]],[[11484,53700],[-19,-6],[-18,-51],[-35,0],[-69,23],[-25,-19],[131,-67],[81,-17],[9,18],[-39,33],[-34,-1],[9,36],[40,-4],[42,3],[-1,22],[-35,5],[15,37],[-52,-12]],[[11782,53775],[1,0],[-1,1],[0,-1]],[[11373,53685],[6,-7],[4,12],[-10,-5]],[[10729,53094],[-15,-26],[41,13],[-6,37],[-16,0],[-4,-24]],[[11409,53539],[-7,7],[7,-7]],[[11363,53493],[-16,-5],[-3,-1],[-2,-10],[39,-26],[28,30],[-20,36],[-26,-24]],[[11351,53508],[5,-7],[2,13],[-11,1],[4,-7]],[[11319,53424],[1,-1],[-1,1]],[[11452,53476],[-1,-2]],[[11451,53474],[1,2]],[[11743,53373],[-20,-22],[20,22]],[[8799,52776],[-98,-23],[2,75],[74,23],[22,-75]],[[5212,64812],[19,-6],[137,6],[32,14],[46,20],[17,9],[28,17],[62,35],[51,-66],[4,-27],[14,-17],[44,-21],[6,-4],[52,-20],[48,-1],[12,0],[46,6],[23,4],[40,8],[37,11],[35,11],[32,9],[74,-2],[18,0],[29,2],[21,1],[14,1],[14,2],[12,2],[17,4],[34,9],[15,5],[20,5],[37,14],[18,8],[8,3],[33,16],[44,18],[16,7],[22,11],[21,9],[30,14],[43,17],[17,5],[26,6],[92,18],[25,5],[34,9],[32,10],[27,13],[32,19],[34,9],[16,8],[25,4],[45,8],[39,2],[51,-9],[48,-66],[21,-25],[16,-8],[24,-5],[29,0],[18,4],[16,5],[35,0]],[[7278,64760],[0,-1]],[[7144,64725],[1,-6]],[[6930,64163],[-135,16],[-34,-286],[-48,-128]],[[6713,63765],[-47,29],[-27,9],[-21,13],[-11,3],[-45,9],[-181,9],[-4,1],[-86,11],[-16,-75]],[[6086,63767],[-50,78],[31,151],[-36,43],[77,165],[55,157],[12,128],[-37,-2],[-28,2],[-21,-2],[-51,6],[4,76],[-90,11],[-28,1],[-28,3],[-11,-23],[-36,-41],[-3,-7],[-45,-68],[-62,4],[5,-40],[-83,10],[3,46],[-34,10],[-42,-37],[37,64],[4,30],[-14,0],[-31,8],[-26,-4],[-48,7],[-73,3],[-77,-12],[-22,-54],[-63,4],[7,143],[-20,1],[-13,0],[-39,7],[-42,-32],[-12,4],[-18,2],[-51,-5],[-20,-4]],[[5067,64600],[-4,2],[0,30],[0,4],[0,32],[2,10],[2,9],[7,28],[3,7],[1,9],[0,8],[-1,5],[-1,7],[0,7],[1,6],[0,14],[1,3],[-1,7],[-1,14],[-3,20],[4,14],[11,22]],[[5088,64858],[18,-5],[31,-14],[18,-6],[21,-8],[16,-6],[20,-7]],[[5176,64772],[0,1],[0,1],[0,-2]],[[5147,64713],[-8,4],[8,-4]],[[5082,64648],[1,2],[-1,0],[0,-2]],[[5155,64674],[9,-5],[0,1],[-9,4]],[[5161,64660],[4,-3],[-4,3]],[[5106,64800],[3,6],[-3,-6]],[[5687,64680],[0,10],[-2,-9],[2,-1]],[[5758,64669],[0,-1],[3,0],[-3,1]],[[5767,64622],[0,-1],[26,0],[-26,1]],[[5743,64565],[-6,2],[6,-2]],[[5639,64709],[-1,0],[1,-1],[0,1]],[[6055,64625],[1,1],[1,1],[-2,-2]],[[6055,64775],[1,0],[-1,1],[0,-1]],[[5910,64715],[-4,2],[0,-1],[4,-1]],[[6114,64663],[-1,-3],[2,3],[-1,0]],[[6155,64761],[0,1],[-2,-1],[2,0]],[[6169,64682],[-2,1],[2,-1]],[[6339,64777],[-1,0],[11,-1],[-10,1]],[[6328,64722],[2,1],[-1,0],[-1,-1]],[[6387,64819],[0,2],[-1,0],[1,-2]],[[6234,64772],[0,1],[-4,-1],[4,0]],[[6394,64712],[-1,-38],[4,-35],[20,-3],[4,21],[-2,21],[7,27],[0,3],[-16,5],[-16,-1]],[[6769,64743],[-1,-2],[1,0],[0,2]],[[6723,64766],[2,-1],[0,1],[-2,0]],[[6835,64856],[0,1],[-4,-1],[4,0]],[[6575,64760],[-16,6],[-13,-2],[1,-10],[28,6]],[[6562,64774],[18,22],[-27,16],[9,-38]],[[6654,64660],[-4,-7],[4,7]],[[6607,64608],[-22,-1],[-33,0],[0,-32],[67,4],[-12,29]],[[6747,64648],[-2,-3],[2,2],[0,1]],[[7074,64688],[-11,2]],[[7063,64690],[11,-2]],[[7016,64435],[-7,-5],[7,5]],[[5560,64633],[-1,-2]],[[5559,64631],[1,2]],[[5527,64620],[-1,-1],[1,1]],[[6449,64714],[1,0],[0,1],[-1,-1]],[[6607,64452],[-22,9],[-16,1],[0,-57],[-50,6],[-5,-35],[-33,-67],[-6,-18],[30,-6],[14,-31],[76,29],[11,52],[1,117]],[[6557,64516],[-5,7],[5,-7]],[[6426,64363],[-79,18],[-13,-74],[67,-46],[6,48],[19,54]],[[6448,64733],[5,0],[-5,0]],[[6716,64968],[1,0],[-1,0]],[[6808,64927],[-1,0],[1,-2],[0,2]],[[5239,64766],[-1,3]],[[5238,64769],[1,-3]],[[5320,64752],[-7,-1],[0,-3],[7,4]],[[5460,64820],[1,1]],[[5461,64821],[-1,-1]],[[6429,64782],[-2,0],[2,0]],[[6451,64788],[4,0],[-3,6],[-1,-6]],[[6454,64814],[0,6]],[[6454,64820],[0,-6]],[[6535,64827],[0,1],[-9,2],[9,-3]],[[6918,64648],[-2,-4],[2,4]],[[6801,64334],[-3,0]],[[6798,64334],[3,0]],[[6646,64336],[1,0],[-1,2],[0,-2]],[[6878,64828],[1,2],[-1,-2]],[[6885,64837],[-1,-1],[2,1],[-1,0]],[[6959,58950],[30,4],[50,-5],[8,-19],[-1,-13],[-4,-43],[9,0],[49,-8],[-18,-40],[22,-21],[15,3],[12,-25],[19,-36],[21,-20],[30,-31],[34,-6],[19,-23],[19,-36],[3,-6],[17,-25],[10,-12],[23,-23],[3,-12],[-9,-47],[32,-14],[47,-9],[34,20],[0,-74],[39,-27]],[[7379,58235],[-40,23],[-28,21],[-26,25],[-29,23],[-31,31],[-23,50],[2,57],[-10,46],[-14,34],[-30,71],[-14,31],[-11,12],[-56,62],[-16,12],[-17,9],[-40,16],[-43,15],[-31,20],[-13,8],[-10,2],[-23,8],[-29,31],[-30,-8],[-62,45],[-25,14],[-292,21],[-29,1],[-18,1],[-41,9],[-50,-1],[-24,-1],[-76,-8],[-55,-20]],[[6145,58895],[-27,-11],[-1,110],[-43,50],[44,75],[-47,105],[-86,72],[11,54],[61,238],[34,7]],[[6091,59595],[17,10],[8,39],[44,119],[39,36],[95,55]],[[6294,59854],[37,-42],[59,-62],[23,-89],[62,-87],[39,-54],[52,-24],[1,-55],[59,-41],[51,-14],[-11,-50],[29,-17],[13,-63],[4,-33],[30,-39],[22,-24],[5,-6],[20,-16],[13,-9],[16,-11],[6,-25],[21,-9],[24,-13],[22,-2],[29,2],[-13,-24],[-3,-10],[11,-23],[33,-3],[-16,-32],[7,-19],[20,-10]],[[6977,58924],[-5,-2],[3,0],[2,2]],[[6994,58904],[-7,-1],[7,-2],[0,3]],[[7349,58381],[-9,5],[-1,0],[8,-7],[2,-1],[0,3]],[[7345,58398],[15,-10],[8,10],[-12,8],[-11,-8]],[[6796,59006],[-4,-11]],[[6792,58995],[4,11]],[[7428,58429],[-15,2],[15,-3],[0,1]],[[7372,58297],[1,3],[-1,-2],[0,-1]],[[8199,58921],[-36,76],[-33,82],[-56,104],[-61,136],[31,85],[-23,92],[39,133],[-26,63],[-116,54],[-69,33],[-112,5],[-72,-7],[-58,-30],[-89,-36],[-325,30],[-265,69],[-82,92],[-10,147],[-53,114],[-160,157],[-87,10]],[[6536,60330],[27,96],[42,125]],[[6605,60551],[47,93],[184,194],[-34,249],[106,-1]],[[6984,61031],[11,-9]],[[10387,60933],[23,-48],[-36,-125],[51,-213],[194,-171],[21,-58],[39,-107],[-14,-176],[125,-151],[106,-206],[46,-47],[82,56],[67,-3],[63,-203]],[[11154,59481],[-27,-67],[52,-93],[-86,-118],[-256,-225],[-37,-41]],[[10800,58937],[-389,-46],[-345,-19],[-38,-35]],[[10018,58827],[-275,-31],[-170,-59],[-107,9],[-140,-26],[-240,-37],[-258,-38],[-108,19],[-135,56],[-87,-2],[-96,-4]],[[8930,59927],[1,-3],[-1,3]],[[8925,59909],[-1,-2]],[[8924,59907],[1,2]],[[8948,59844],[-33,-18],[-2,-28],[38,16],[-3,30]],[[8688,60029],[-1,0],[0,-1],[1,1]],[[8656,59996],[6,0],[-6,0]],[[7818,60223],[-1,0],[1,0]],[[7646,60286],[1,0],[0,2],[-1,-2]],[[8454,60017],[-7,2],[7,-2]],[[2935,61772],[-19,22],[-42,43],[-35,44],[-18,45],[-55,8],[-158,150],[-141,134],[-88,68],[-55,48],[-38,39],[-47,45],[-75,56],[-43,17],[-50,25],[31,12],[18,18],[89,22],[128,111],[30,52],[-213,69],[-86,-43],[-57,-176],[-69,-8],[9,62],[-37,26],[-30,68],[90,154],[-200,16],[-51,95],[-80,70],[88,59],[-9,42],[-39,14],[-78,-47],[-111,87],[-45,26],[51,18],[-10,64],[-24,46],[-84,104],[21,58],[-37,50],[-87,163],[50,80],[-51,114],[-49,27],[-5,34],[44,0],[11,39],[-46,63],[-67,54],[-33,20],[-3,12],[-36,54],[5,19],[1,26],[-41,61],[-13,29],[-25,39],[-70,-34],[-10,29],[106,53],[-29,43],[19,114],[67,45]],[[1873,64820],[19,0]],[[2731,64198],[74,-22],[10,-52],[25,-49],[200,-226],[105,-104],[20,-75],[93,-59],[88,-194],[122,-94],[87,-47],[137,-179],[14,-121],[70,-100],[115,-297]],[[3771,62151],[-319,178],[312,-184]],[[3249,61416],[-54,82],[-61,47],[-110,125],[-89,102]],[[3087,61720],[-1,-3],[2,1],[-1,2]],[[2043,62954],[13,-24],[79,37],[309,-25],[-1,109],[-158,-30],[-8,220],[-19,-4],[-81,-9],[-9,-83],[-19,-73],[-106,-118]],[[1463,63561],[104,50],[-44,39],[-60,-89]],[[1308,64512],[2,39],[-183,-76],[-1,-30],[46,15],[136,52]],[[1295,64267],[-23,5],[0,-1],[23,-4]],[[3420,62244],[-2,-9],[2,9]],[[4772,60913],[73,-16],[47,15],[1,1],[10,12],[28,21],[-3,22],[-92,62]],[[4874,61419],[93,-5],[200,103],[2,99]],[[5385,61635],[141,88],[92,-36],[49,-103],[-68,-81],[-69,9],[-90,-68],[-57,36],[-86,-42],[7,-40],[-39,3],[1,-58],[-42,-17],[18,-19],[-45,10],[33,-34],[-11,-60],[41,-40],[-19,-65],[32,-31],[17,-8],[115,62],[107,-25],[92,-27],[-58,-10],[16,-77],[-19,-46],[39,-35],[-38,-50],[-7,-104],[-31,-12],[46,-31],[-25,-52],[38,-91],[124,44],[34,-51],[-20,-104],[38,8],[76,43],[7,50],[74,27],[251,2],[218,46],[238,-95]],[[6536,60330],[21,-222],[-50,-63],[11,-47],[-89,-103],[-135,-41]],[[6145,58895],[-22,-18],[-286,-22],[-152,58],[-390,355],[-186,237],[-83,129],[-74,115],[-78,124],[-39,53],[-118,144],[-46,74],[-13,25],[-1,2],[-48,43],[-47,48],[-92,110]],[[4725,60288],[0,1],[-1,-1],[1,0]],[[4835,60502],[0,2],[0,-2]],[[4986,60919],[3,2],[-3,-1],[0,-1]],[[5031,60950],[7,3],[0,1],[-7,-4]],[[4950,60803],[-1,-5],[1,5]],[[5114,61011],[-8,-1],[8,1]],[[5336,60977],[-1,0],[1,-1],[0,1]],[[5544,59391],[0,-121],[94,-57],[-94,57],[0,121]],[[4936,60762],[-1,-5],[1,5]],[[5811,61846],[57,-44],[-10,-82],[-101,-29],[-95,142],[80,8],[69,5]],[[11602,61601],[24,37],[12,23],[-6,7],[16,67]],[[11648,61735],[21,-4],[-21,4]],[[11648,61735],[2,5],[19,80],[-36,-4],[-14,38],[100,7],[2,126],[64,10]],[[11785,61997],[15,1],[8,44],[100,-9],[16,-30],[-4,35],[29,1],[225,-119],[22,-90],[7,-85],[29,-11],[-1,-62],[42,-17],[31,31],[150,42],[110,-92],[30,-92],[-5,-38],[-8,50],[-40,-21],[12,-28],[24,-167],[-63,-140],[-60,-94]],[[12454,61106],[-24,16],[-34,-43],[-170,72],[-58,-41],[-48,-13],[-42,-3],[2,-71],[-61,-44],[-18,-1],[-62,-18],[-80,7],[-67,12],[-2,3]],[[11790,60982],[-2,0]],[[11788,60982],[-45,-54],[14,-33]],[[11757,60895],[-25,14],[-88,-94],[-11,27],[-41,-55],[-47,1],[-7,76],[-43,27],[118,-2],[-59,69],[-97,-22],[-53,51],[-12,-114],[63,6],[1,-82],[118,-36],[0,-55],[49,-23],[17,46],[30,-5],[1,24],[76,61],[-15,18],[-44,-46],[40,103],[16,-44],[17,-40],[74,-14]],[[11835,60786],[-10,-52],[-101,-34],[2,-38]],[[11726,60662],[19,-51]],[[11745,60611],[0,-31]],[[11745,60580],[-24,80],[-50,17],[66,-178]],[[11737,60499],[-57,-40],[-20,-69],[-2,-111],[-47,-108],[49,-132],[-57,-9],[-32,-218],[-76,-15],[-33,-76],[-146,-65],[-22,-157],[-48,23],[-23,-43],[-69,2]],[[10387,60933],[-2,5]],[[10384,60943],[60,149]],[[11574,61609],[6,-30],[22,22]],[[11819,61548],[-10,3],[10,-3]],[[11709,61674],[0,2],[0,-1],[0,-1]],[[11666,61673],[4,0]],[[11670,61673],[-4,0]],[[12176,61616],[27,-39],[-1,41],[-26,-2]],[[12004,61465],[-23,-2],[-8,-27],[24,2],[7,27]],[[11982,61495],[-1,54],[-43,10],[-1,-49],[45,-15]],[[12085,61473],[-13,-13],[13,13]],[[12079,61433],[-9,-9],[6,-4],[3,13]],[[11699,61095],[1,0],[2,1],[-2,0],[-1,-1]],[[11652,61068],[15,42],[-30,-5],[-59,-28],[-36,3],[37,-65],[38,29],[35,24]],[[11708,61213],[3,0],[-2,2],[-1,-2]],[[11669,61282],[2,7],[-79,-13],[-98,-43],[-25,-8],[14,-71],[73,-9],[-23,85],[136,52]],[[11780,61244],[2,-2],[-2,2]],[[11813,61307],[-10,-104],[32,-12],[62,55],[-56,-1],[-1,37],[58,13],[-18,31],[-20,8],[-33,13],[-14,-40]],[[11592,61296],[76,66],[-16,24],[-110,-10],[36,-12],[-32,-33],[46,-35]],[[11787,61480],[3,1]],[[11790,61481],[-3,-1]],[[11951,61382],[3,2],[-3,1],[0,-3]],[[11413,60735],[-1,-1]],[[11412,60734],[0,0],[1,1]],[[11329,60850],[31,-8],[-7,68],[-65,23],[4,45],[-31,20],[-35,-28],[-43,-61],[90,-27],[17,-23],[39,-9]],[[11568,60639],[-40,-33],[56,11],[-16,22]],[[11549,60561],[-69,11],[-5,-36],[17,-43],[-31,-29],[-87,23],[-17,-29],[36,-44],[76,-31],[-9,68],[89,110]],[[11204,60481],[-9,11],[0,-1],[9,-10]],[[11861,61187],[-32,-20],[30,1],[2,19]],[[6713,63765],[43,-39],[197,-160],[-28,-81],[-2,-56],[-55,-34],[-60,-8],[-41,-4],[29,-44],[-103,-16],[-10,-44],[-10,-41],[110,8],[-23,-31],[0,-50],[21,-24],[31,7],[1,-42],[8,-53],[27,-37],[-9,-36],[-13,-14],[-21,-28],[10,-8],[23,-14],[18,15],[22,42],[15,-18],[28,-13],[50,-8],[31,33],[15,17],[35,1],[25,0],[29,30],[40,55],[-90,53],[14,46],[40,35],[23,31],[13,63],[-40,93],[-41,-1],[20,43],[91,20],[96,-2],[149,-46],[172,7],[34,-184],[43,-23],[-84,-73],[2,-2],[37,2],[33,-1],[68,16],[132,122],[55,-6],[16,-35],[113,-48],[203,-78],[137,-71],[37,-33],[57,22],[30,15],[66,-76],[30,-111],[66,16],[-15,34],[156,-14],[32,30]],[[8117,62272],[-24,229],[-1,89],[-149,25],[-415,68],[-1,88],[48,32],[-19,110],[-7,23],[-23,5],[-3,-37],[16,-84],[-46,-23],[6,-53],[-106,4],[-69,9],[-26,-113],[1,-67]],[[6917,62639],[3,27],[-21,22],[-40,-37]],[[6855,62672],[2,5]],[[6619,62801],[0,3]],[[7309,62868],[1,-1],[0,4],[-1,-3]],[[7239,62936],[2,-3],[-2,3]],[[7296,62956],[-8,-3],[1,-1],[7,4]],[[6978,62732],[5,8],[-5,-8]],[[6967,62738],[1,-2],[-1,2]],[[6830,62822],[-2,0],[0,-1],[2,1]],[[6731,62914],[3,3],[-3,-2],[0,-1]],[[6693,62972],[-5,1],[4,-1],[1,0]],[[6685,62973],[0,-1],[0,1]],[[6550,63020],[-2,-1],[1,-2],[1,3]],[[7340,63050],[1,-3],[4,13],[-5,-10]],[[7922,62985],[21,-2],[-21,2]],[[6621,63188],[-4,0],[0,-1],[4,1]],[[4704,65007],[32,-4],[31,-14],[17,-8],[35,-20],[2,-9],[15,-2],[10,-5],[22,-10],[20,-8],[14,-9],[21,-9],[13,-9],[15,-7],[16,-8],[20,-5],[31,-7],[70,-15]],[[5067,64600],[7,-47],[-100,-9],[-74,-24],[-32,0],[-41,31],[-38,44],[-24,-29],[-7,21],[-42,41],[-1,50],[-7,10],[-52,-19],[23,64],[14,33],[2,16],[-13,0],[-22,1],[-63,0],[-58,1],[11,30],[-8,8],[-22,13],[-38,26],[-45,11],[-20,-29],[8,-39],[-112,-6],[-105,7],[-85,-51],[-39,-37],[-58,-51],[-46,2],[-2,41],[-14,42],[-35,-12],[-11,79],[-25,62]],[[3920,64956],[2,3]],[[3928,65126],[17,19]],[[4007,65131],[1,-4],[-1,4]],[[4134,65100],[53,-16],[33,-8],[36,-6],[22,-7],[42,-17],[31,-15],[33,-14],[52,-16],[10,-2],[3,0],[13,-3],[87,-5],[40,6],[68,8],[47,2]],[[4601,64854],[6,12],[0,1],[-6,-13]],[[4814,64801],[-23,2],[-9,-37],[-44,-35],[10,1],[24,-1],[54,7],[64,18],[-5,23],[-37,17],[-34,5]],[[5003,64824],[6,-3],[-6,3]],[[4984,64823],[-1,2],[0,-1],[1,-1]],[[4980,64845],[1,7]],[[4981,64852],[-1,-7]],[[4976,64793],[-1,0],[-1,-7],[2,7]],[[4932,64670],[0,-1],[5,-3],[-5,4]],[[4994,64728],[-1,-5],[6,2],[-5,3]],[[4079,64970],[-3,-5],[3,5]],[[4332,64988],[8,-22],[27,-29],[21,26],[14,7],[19,21],[-41,9],[-26,3],[-22,-15]],[[4580,64919],[-1,1]],[[4579,64920],[1,-1]],[[1072,66294],[16,17],[43,35],[141,49]],[[1292,66246],[20,-9]],[[1312,66236],[-7,-14]],[[1248,66138],[-4,0]],[[1226,66139],[-1,0],[0,0],[3,-2]],[[991,66067],[-1,0]],[[926,66183],[70,47],[47,42],[29,22]],[[1062,66119],[0,-1],[1,-1],[-1,2]],[[1093,66104],[-6,-4],[-3,-16],[11,4],[18,1],[3,35],[-8,-2],[-15,-18]],[[1125,66143],[0,-1],[0,1]],[[1117,66228],[10,2]],[[1127,66230],[3,0],[-3,0]],[[1127,66230],[-10,-2]],[[1086,66212],[-3,0]],[[1083,66212],[3,0]],[[1145,66130],[-1,0],[1,0]],[[1154,66088],[-11,0]],[[1143,66088],[11,0]],[[1232,66165],[-4,4],[4,-4]],[[894,67326],[21,51],[52,-52],[62,-3],[-11,87],[95,-8],[-14,87],[-2,34],[-32,-17],[-3,41],[34,17],[91,-47],[32,-73],[85,-92],[-8,-172],[-75,95],[-33,-7],[2,-53],[-12,-107],[-58,-57],[-61,20],[-130,42],[-77,152],[42,62]],[[1100,67528],[1,1],[-1,1],[0,-2]],[[8157,64579],[21,-18],[49,-19],[23,-10],[40,-12]],[[8088,64351],[-32,19]],[[7738,64833],[5,8]],[[7780,64919],[24,-11],[-18,-47],[16,-5],[43,-22],[57,-29],[12,-3],[48,16],[73,-53],[23,55],[30,-30],[33,-16],[28,-16],[29,-31],[11,-19],[11,-45],[-1,-13],[-8,-15],[-18,-15],[5,30],[-3,0],[-25,-5],[-30,16],[0,-7],[17,-23],[20,-52]],[[8100,64656],[12,11]],[[8112,64667],[1,26],[-9,16],[-38,-28],[1,-17],[14,-14],[19,6]],[[8112,64667],[1,0]],[[8113,64667],[-1,0]],[[8165,64395],[-10,38]],[[8155,64433],[10,-38]],[[7976,64585],[42,-5],[-42,9],[0,-4]],[[11446,61682],[-3,-17],[-46,-29]],[[11220,62083],[11,-22],[47,3],[10,13]],[[11334,62054],[13,9]],[[11375,62088],[32,34],[-21,51],[34,-48],[-7,-41],[57,-41],[155,85],[-9,-69],[128,74],[66,-63],[-41,-26],[16,-47]],[[11556,61617],[-3,19],[-21,-9],[0,37],[-6,26]],[[11526,61690],[-46,9],[-34,-17]],[[11526,61690],[1,1],[-1,2],[0,-3]],[[11493,61769],[19,-41],[17,9],[-10,43],[-17,6],[-9,-17]],[[11585,61792],[-15,-59],[11,-22],[6,-1],[14,21],[-16,61]],[[11543,61813],[20,-2],[17,58],[-37,-56]],[[11349,61895],[-3,-8],[4,-2],[-1,10]],[[11466,61829],[-4,-1],[1,0],[3,1]],[[11376,61825],[0,1],[0,2],[0,-3]],[[11426,61739],[-8,10],[8,-10]],[[11402,61772],[-1,0],[0,-5],[1,5]],[[11773,55203],[24,4],[68,12],[13,-85],[56,-66]],[[11934,55068],[-177,-77],[4,-33],[-2,-94],[93,-158],[32,-51],[14,-213],[3,-21],[4,-79],[-95,-6],[-20,-72],[-3,-6]],[[10748,54656],[258,152],[-32,21],[-138,-24],[-13,58],[57,62],[-82,75],[-72,54],[37,14],[-64,82]],[[10763,55859],[54,71],[164,39],[118,-8],[130,-73]],[[11229,55888],[94,-33],[14,-90],[-21,-96],[-20,-92],[-15,-67],[95,-25],[71,-26],[89,-66],[25,-20],[32,-30],[20,-23],[101,-122],[59,5]],[[10946,54599],[6,-16],[53,9],[-34,73],[-23,-14],[-2,-52]],[[10945,54569],[-26,16],[19,-23],[7,7]],[[11050,54555],[26,8],[-26,7],[0,-15]],[[10959,54566],[8,-27],[17,29],[-25,-2]],[[11238,54992],[0,-4],[0,4]],[[11230,55070],[177,62],[0,126],[-37,-87],[-148,-19],[8,-82]],[[13045,51952],[-27,-3],[-24,-4],[-14,11],[-49,28],[-67,-52],[40,70],[-100,102],[-30,-6],[-60,0],[-31,-46],[-90,41],[-35,-18],[6,-42],[-52,-7],[17,89],[-58,83],[-265,184],[-78,85],[-142,118],[96,151]],[[12244,53169],[73,-52],[93,-60],[50,-31]],[[12460,53026],[4,-21],[31,-41],[31,-74],[-19,-17],[7,-66],[3,-53],[29,-75],[143,-121],[80,-36],[16,-9],[67,-21],[84,-55],[61,-46],[68,-14],[82,-30],[130,-70],[67,-16],[15,-3],[41,-8],[29,-8],[32,-2],[148,-6],[77,-1],[89,19],[24,-50],[33,-36],[-17,-50],[16,-106],[59,-38],[65,-16],[2,-3],[28,48],[95,-33],[64,24]],[[14144,51992],[-30,-115],[123,-85],[-10,-9],[70,-30],[93,4],[117,7],[38,-2],[41,-5],[66,-62],[21,-140],[-38,-93],[-88,13],[-10,-112],[59,44],[47,-35],[83,-126],[33,-43],[73,-39],[33,-71],[16,-49],[57,-110],[59,7],[44,6],[17,0],[176,30],[42,31],[32,-19],[0,-55],[-16,-99],[-29,-125],[-24,-81],[30,-67],[46,-44],[67,31],[66,144],[109,79],[40,-60]],[[15597,50712],[-39,4],[21,-228],[-73,-75],[-105,-280],[-70,-80],[-13,-40],[15,-72],[26,-11],[49,-22],[-8,-36],[-8,-60],[-39,-12],[-16,2],[-15,-14],[-40,6],[-5,-8],[-67,-32],[19,-17],[82,-6],[-66,-62],[-12,33],[-56,-11],[-47,-16],[-55,-17],[-12,42],[-41,3],[-43,-33],[-23,51],[-62,-5],[-35,60],[-10,-45],[-11,50],[-50,-21],[-81,-39],[44,-54],[-32,-33],[-55,-14],[-14,34],[-48,-42],[-18,39],[-9,-43],[-72,31]],[[14503,49639],[-14,57],[-2,74],[-12,37],[-234,365],[74,15],[136,-159],[63,210],[82,-54],[13,44],[-45,20],[27,68],[71,2],[56,85],[-23,-16],[43,77],[-8,40],[-35,46],[-40,10],[35,11],[-5,45],[-27,32],[-32,24],[-64,-26],[-51,73],[12,87],[44,-4]],[[14567,50802],[3,-1],[26,19],[-6,57],[-10,13],[-18,52],[-10,0],[-70,0],[-9,0],[-12,0]],[[14461,50942],[-2,17],[-32,20],[57,76],[-15,19],[-44,-12],[-88,-5],[6,-29],[-41,-14],[-80,45],[-36,-59],[-96,44],[-58,-39],[-65,102],[-78,87],[-103,113],[-116,79],[37,64],[20,22],[-24,20],[-50,-46],[-110,136],[-41,52],[71,75],[-56,73],[54,290],[-75,18],[-111,-322],[-128,113],[-100,65],[-112,6]],[[12341,52511],[138,-72],[5,1],[1,44],[104,41],[-38,34],[-84,-54],[-66,16],[-48,1],[-12,-11]],[[14144,51992],[48,117],[-2,0],[43,122],[45,113],[13,81],[44,5],[13,17],[184,78],[93,34],[0,114],[19,7],[120,34],[32,5],[54,27],[76,51],[8,4],[12,5],[46,14],[14,4],[2,1],[72,31],[26,65],[27,52],[31,9],[3,1],[83,29],[-15,37],[7,51],[-52,83],[-23,25]],[[15167,53208],[-11,16],[11,-16]],[[15167,53208],[-49,7],[-3,2],[-36,11],[-31,-7],[-22,1]],[[15026,53222],[-14,0],[-15,3],[-65,10],[0,-1],[-38,23],[-86,-8],[-3,16]],[[14805,53265],[8,54],[57,-29],[40,21],[44,-35],[35,-16],[16,26],[44,45],[54,21],[40,10],[120,-83],[38,37],[12,-46],[3,0]],[[15316,53270],[15,-118],[7,-35],[28,-182],[30,1],[15,0],[129,42]],[[15540,52978],[6,-17],[-6,18]],[[15540,52979],[22,13],[55,19],[81,-6],[55,-60],[54,2],[32,10],[43,-11],[94,-79],[23,-3],[130,-21]],[[16129,52843],[51,-125]],[[16180,52718],[0,-27],[-2,-48],[47,-81],[91,-133],[173,-62],[5,4],[71,32],[89,10],[135,82],[49,92],[46,-2]],[[16884,52585],[97,-117],[65,-53],[93,10]],[[17139,52425],[-39,-213]],[[17100,52212],[0,-6]],[[17100,52206],[-2,-27],[0,-7],[-4,-212],[19,-101]],[[17113,51859],[16,-123]],[[17129,51736],[-223,-57],[-79,12],[-59,-32],[-69,-116],[-26,-9],[8,-86],[31,-32],[-31,-96],[-16,-22],[-4,-4]],[[16661,51294],[-96,-57],[-92,29],[-41,-195]],[[16432,51071],[-15,-45],[-17,-47],[-30,-62],[-50,-54],[-23,-22],[-24,-36],[-80,-84],[-30,-16],[-146,-122],[-28,-11],[-10,-12],[-24,-31],[-45,-55],[-122,65]],[[15788,50539],[19,3],[-19,-3]],[[15788,50539],[-14,12],[-20,24],[-15,25],[-47,69],[-34,42],[-61,1]],[[15408,52031],[-24,24],[9,-25],[15,1]],[[15379,52056],[-54,-35],[15,-36],[11,0],[27,44],[10,0],[-9,27]],[[15296,51955],[3,-7],[12,-30],[32,18],[-6,39],[-41,-20]],[[15256,51976],[23,4],[-23,-4]],[[15187,51949],[-70,20],[0,-1],[70,-19]],[[15142,52022],[68,-19],[-3,35],[-33,16],[-32,-32]],[[15236,52044],[8,-17],[7,5],[-5,15],[-10,-3]],[[15286,52015],[-7,11],[-7,-4],[14,-7]],[[15258,52001],[14,0],[-14,0]],[[15258,52052],[18,1],[-11,11],[-7,-12]],[[15583,52115],[19,37],[54,-6],[39,-14],[24,55],[-171,17],[35,-89]],[[14888,51430],[12,13],[-2,-2],[-10,-11]],[[15620,51414],[-3,-32]],[[15617,51382],[3,-9],[-3,9]],[[15617,51382],[3,32]],[[15608,51555],[9,-23],[-8,23],[-1,0]],[[15900,51465],[102,-10],[0,53],[-47,-8],[8,113],[48,71],[-37,28],[-74,-247]],[[15913,52336],[6,15],[-6,-15]],[[14936,53394],[20,57],[28,-35],[29,-79],[-64,-21],[-41,47],[28,31]],[[16432,51071],[164,11],[-32,-78],[39,6],[11,-42],[5,-37],[82,-3],[164,-29],[100,-5],[36,27],[24,130],[-205,19],[-74,41],[-58,-15],[2,62],[-69,14],[40,122]],[[17129,51736],[43,-33],[10,11],[29,151],[39,-21],[133,442]],[[17383,52286],[76,-15],[34,-40],[-19,-59],[27,-47],[0,-1],[50,-87]],[[17551,52037],[-42,-117],[14,-29],[-16,-76],[-26,-109],[22,-67],[14,-45],[75,-37],[-25,-49],[-36,-39],[-8,-11],[3,-55],[-44,-31],[30,-63],[14,-33],[26,-46],[7,-16],[10,-71],[-8,-34],[-1,-6],[-1,-2]],[[17559,51101],[-281,-93],[-87,34],[65,-81],[7,-120],[69,-28]],[[17332,50813],[-42,-44],[-90,-55],[-24,-57],[-12,-47],[-97,-33],[-15,-75],[-9,-75],[76,-105],[-18,-62],[-70,-44],[-57,7],[-102,-21],[80,-70],[37,-74],[66,-68]],[[17055,49990],[0,-1]],[[17055,49989],[1,-13],[-93,-50],[19,-20],[0,-2],[-63,-65],[-2,-51],[2,-75],[-12,-146],[-38,12]],[[16869,49579],[9,49],[-9,-49]],[[16869,49579],[-85,59],[-84,-4],[1,-92],[57,-105],[58,-107],[30,-53],[26,-108],[13,-12],[59,-69],[10,-29],[21,-79],[6,-15],[-2,-66],[10,-23],[1,-43]],[[16990,48833],[-9,-18],[3,-17],[0,-2],[5,-21],[14,-27],[3,-6],[6,-11],[13,-26],[2,-24],[0,-10],[0,-5],[2,-13],[3,-5],[38,-20],[1,0],[51,-23],[5,-5],[16,-16],[22,-40],[45,-41],[4,-4],[23,-23],[7,-2],[35,-15],[1,0],[54,-21],[1,-5]],[[17335,48433],[-19,-2],[-58,-39],[-48,7],[-48,-20],[-88,-24],[-58,-78],[2,-26],[2,-14],[-18,-32],[13,-17],[31,-23],[17,-20],[9,-10],[6,-22],[1,-33],[4,-19],[-7,-25],[-1,-25],[-13,-16],[3,-26]],[[17065,47969],[-2,-22],[0,-94],[12,-20],[-83,-10],[-76,90],[-61,24],[-18,33],[-15,19],[-13,12],[-42,-10],[-64,1],[-46,20],[-3,16],[-45,37],[-29,18],[-30,49],[-9,16],[-14,10],[-12,7],[-6,10],[-3,5],[-5,10],[-45,51],[-15,31],[-28,24],[-65,-192],[-131,-20],[-27,69],[-35,92],[-55,27],[-15,19],[-96,11],[-63,29],[-52,12],[-59,-30],[11,60],[10,27],[44,108],[15,38],[-38,18],[-63,29],[-60,29],[-103,57],[-57,35],[-27,43],[-35,83],[-31,92]],[[15481,48932],[-1,2],[-1,2]],[[15479,48936],[-10,62],[-49,-9],[-35,49]],[[15385,49038],[-79,66],[-63,7],[-20,72],[-72,46],[-77,-31],[-82,-118],[-68,33],[-79,-85],[-59,27],[-40,59],[47,57],[-67,159],[-223,309]],[[17100,52206],[0,6]],[[17139,52425],[149,-21]],[[17288,52404],[-39,-292],[-90,-117],[-46,-136]],[[16217,49550],[23,-21],[14,-49],[1,-1],[28,-21],[0,-2]],[[16283,49456],[15,-16],[10,-12],[11,-69],[41,0],[64,-11],[30,-35],[16,-28],[22,-43],[10,-16],[10,-18],[7,-13],[8,-15],[14,-26],[8,-14],[0,-1],[70,8],[56,8],[14,1],[10,1]],[[16699,49157],[4,0],[7,0]],[[16710,49157],[2,8],[-6,28],[-58,100],[-22,36],[-31,60],[-24,38],[-19,35],[-1,31],[-8,45],[21,-3],[35,-22],[0,-1],[18,37],[-35,46],[-55,72],[-12,113],[-25,1],[-20,2],[-57,3],[-43,4],[-5,0],[-52,4],[-26,-4],[-33,-20],[-23,-56],[2,-49],[2,-36],[0,-35],[0,-1],[-14,-33],[-2,-1]],[[16219,49559],[-1,0],[1,0]],[[16219,49559],[-2,-9]],[[16096,49765],[21,28],[37,25],[36,108],[-69,-3],[-36,9],[-93,-1],[1,-54]],[[15993,49877],[87,-42],[16,-70]],[[15585,49825],[-5,16],[-3,6],[-3,7],[-2,5],[-2,5],[-171,-72],[16,-32],[-33,-48],[-21,-5],[-12,-14],[103,37],[119,56],[14,39]],[[15586,49873],[47,13],[149,9],[10,8],[-128,6],[-81,-31],[3,-5]],[[15838,49939],[-14,-15],[90,-17],[-76,32]],[[16571,49929],[14,19],[23,-47],[3,36],[64,14],[-15,52],[-11,-2],[-55,-28],[-7,-7],[-16,-7],[0,-30]],[[16218,50038],[-6,15],[-106,63],[-13,-17],[77,-62],[48,1]],[[17050,49814],[-18,-37],[42,-64],[-4,-67],[-58,3],[-31,51],[17,119],[42,15],[10,-20]],[[16782,49708],[-8,105],[-89,57],[-26,-77],[123,-85]],[[16087,50090],[-44,3],[29,-61],[36,0],[46,-28],[0,25],[-67,61]],[[16486,50509],[1,0],[12,11],[-13,-11]],[[16504,50451],[-22,4],[21,-5],[1,1]],[[17261,50841],[-144,71],[-88,-51],[232,-20]],[[17189,51444],[216,-3],[-33,145],[-19,36],[-20,-39],[-65,-10],[-130,36],[50,-51],[1,-114]],[[17407,51441],[107,14],[-77,49],[17,57],[-42,91],[-1,-1],[-4,-210]],[[16633,49056],[-2,-2],[2,1],[0,1]],[[16623,49073],[0,1],[-2,-4],[2,3]],[[16695,49060],[4,-4],[-4,4]],[[17464,51931],[-52,-106],[10,-114],[50,141],[-8,79]],[[9510,48816],[14,17],[3,68],[-6,56],[1,0],[59,52]],[[9581,49009],[20,6],[42,11],[58,24],[1,0],[126,-58],[11,-1],[20,-39],[-64,-9],[0,-1],[-3,-30],[10,-48],[7,-22],[-33,-47],[53,-20],[16,-5],[-2,-28],[14,-55],[20,19],[23,-5],[47,-4],[10,5],[16,5],[17,2],[42,-104],[-10,-16],[-17,-34],[-19,-53]],[[9986,48502],[-13,-30],[-20,-43],[-77,-38],[11,-20],[119,-30],[21,13],[20,21],[10,-47],[56,-18],[146,68],[-7,9],[-33,7],[-17,7],[-81,-35]],[[10121,48366],[-10,-7]],[[10111,48359],[-3,17],[-9,14],[80,90],[100,144]],[[10279,48624],[12,-9],[29,-10],[29,-1],[31,0],[19,-14],[9,-6],[8,-3],[25,-7],[14,-1],[19,2],[13,5],[45,-13],[55,-53],[109,2],[85,-101],[29,-54],[68,-139],[7,-9],[9,-13],[13,-14],[52,-50],[-66,-58],[41,-8],[107,-21],[92,2],[48,-80],[-158,-29],[-94,-102],[-62,8],[48,-70],[15,13],[13,14],[93,88],[84,8],[95,-36],[60,-121],[-3,-23],[-12,-18],[-31,-37],[-19,-24],[-15,-19],[-12,-17],[-19,-21],[-16,-26],[-13,-20],[-20,-32],[-8,-17],[-8,-45]],[[11099,47445],[-63,23],[-108,-23],[-1,0],[-16,41],[-7,15],[-16,34],[-11,37],[7,33],[-6,28],[-21,-1],[-25,-3],[-81,-43],[-60,36],[-38,20],[-48,9],[-24,-3],[-11,4],[-23,23],[-32,33],[-24,-2],[-32,-4],[-1,0],[-116,-46],[-46,-18],[-4,32],[-3,65],[-1,12],[-5,57],[-6,28],[1,17],[-8,60],[-11,15],[-6,10],[-32,-14],[-36,-17],[-14,-1],[-13,3],[-11,19],[-10,16],[-14,-10],[-21,-5],[-63,38],[0,1],[-22,33],[-38,32]],[[9979,48029],[10,15],[17,33],[26,12],[-7,26],[72,22],[30,16],[-18,16],[-5,1],[-36,11],[-48,-13],[-42,-41],[-25,37],[17,63],[-92,44],[-63,19],[-4,32],[-2,8],[2,21],[19,54],[-38,43],[-78,0],[-31,28],[-21,19],[-90,29],[-30,-48],[-43,46]],[[9499,48522],[-6,102],[6,33],[-5,131],[16,28]],[[10144,48240],[-15,23],[-9,22],[-65,6],[0,-56],[89,5]],[[10771,47878],[21,-6],[-21,6]],[[10737,48146],[16,-25],[40,42],[-40,-42],[-16,25]],[[10938,47731],[19,12],[-19,-12]],[[9813,48632],[0,-1]],[[9813,48631],[0,1]],[[9955,48588],[1,-1],[-1,2],[0,-1]],[[9959,48632],[0,-4],[5,6],[-5,-2]],[[9813,48631],[-3,-1],[3,1]],[[9683,48693],[-5,3],[5,-3]],[[11703,57777],[295,95],[58,61],[-85,20],[-36,88],[-57,6],[9,56],[8,223],[-27,70],[-100,-94],[-254,82],[-342,-99],[-217,20],[29,81],[-71,59],[-36,137],[-141,180],[-30,67],[94,108]],[[11737,60499],[22,15],[-14,66]],[[11745,60611],[-19,51]],[[11835,60786],[-9,64],[-69,45]],[[11788,60982],[2,0]],[[12454,61106],[-29,-87],[42,-264],[-36,-66],[-29,24],[-123,-50],[-85,-20],[-61,-59],[-48,-21],[44,-21],[-79,-38],[-43,-68],[22,-42],[118,-20],[-60,-100],[2,-3],[9,-5],[35,-28],[-22,28],[85,117],[46,-5],[-62,-38],[113,20],[40,34],[-33,48],[149,9],[38,-14],[149,-73],[51,-175],[64,53],[171,-13],[68,25],[58,-36],[108,-106],[53,-16],[91,-2],[88,-37],[-8,-69],[99,33],[69,-26],[95,-179],[1,-78],[-77,-39],[-20,-35],[-2,-63],[154,55],[105,-48],[46,-17],[98,21],[94,-40]],[[14042,59572],[-186,-145],[-36,-11],[-8,-110],[-23,-40],[-38,14],[-10,-48],[-31,0],[6,-30],[-147,-91],[-37,-45],[-22,-46],[-27,-41],[-39,-95],[12,-36],[-5,-8],[-13,-109],[0,-1],[-6,-40],[-7,-62]],[[13425,58628],[-2,-17],[-61,-19],[-43,-55]],[[13319,58537],[-7,-8]],[[13312,58529],[-51,27],[-49,5],[98,-60],[7,-96]],[[13317,58405],[-48,-5],[-72,-12],[-7,-21],[-2,-8],[18,-28],[58,-10],[-11,-17],[6,-56],[-25,2],[-28,-91],[33,-105],[34,-2],[16,0],[44,-3],[-9,69],[2,44],[68,-6],[15,57],[5,1],[8,1]],[[13422,58215],[22,-53],[15,-13],[-2,-25],[3,-63],[54,-36],[-22,-37],[-16,-39],[-11,-35],[-6,-56],[-11,-20],[-4,-69],[-6,-56],[-1,-165],[-16,-25],[-7,-11],[18,-307],[24,-37],[-154,-129],[9,-153],[-26,-32]],[[13285,56854],[-74,73],[-71,-42],[-13,16],[-99,30],[-3,54],[-183,98],[58,-169],[-69,-93],[-58,-8]],[[12773,56813],[0,23],[0,-23]],[[12773,56813],[-137,35],[-19,58],[-45,39],[-43,-5],[-58,1],[-13,9]],[[12458,56950],[-108,319],[-222,67],[-113,73],[-229,98],[-20,142],[-94,77],[31,51]],[[12256,58042],[5,-19],[126,45],[-22,25],[-109,-51]],[[12034,58400],[9,0],[-1,0],[-8,0]],[[12489,58162],[1,6],[-1,-6]],[[12578,58149],[-3,-4],[4,5],[-1,-1]],[[12422,57740],[0,-1],[4,2],[-4,-1]],[[12277,57941],[3,0],[52,31],[-1,43],[-54,-74]],[[12391,58394],[19,0],[-19,0]],[[12764,57812],[-64,-45],[64,45]],[[12892,57947],[0,31],[-55,10],[-8,-47],[63,6]],[[12992,58069],[7,23],[-7,-23]],[[12879,58060],[59,80],[4,55],[-100,18],[4,-81],[33,-72]],[[13037,57826],[-23,-23],[30,-5],[-7,28]],[[13124,58702],[42,29],[-36,57],[-97,5],[-42,-27],[32,-44],[101,-20]],[[12964,58710],[24,55],[-17,14],[-75,-69],[68,0]],[[13295,58901],[-32,57],[-47,-1],[-16,-15],[-44,-43],[-99,-69],[-24,-32],[197,-11],[107,105],[-42,9]],[[13034,58857],[3,64],[-6,26],[54,63],[-29,-18],[-31,38],[70,11],[37,43],[-173,-1],[-36,-46],[1,55],[-36,2],[-23,-49],[53,-13],[-14,-207],[-64,25],[-4,35],[-41,-48],[-33,43],[-62,-81],[122,-9],[99,25],[52,-23],[3,54],[58,11]],[[13140,59519],[0,1],[-2,2],[2,-3]],[[13205,59524],[72,-18],[12,3],[26,114],[-105,-8],[-13,-59],[8,-32]],[[12961,59244],[7,0],[-7,0]],[[13234,59191],[1,63],[-1,-63]],[[13105,59505],[2,2],[-11,0],[9,-2]],[[13428,59840],[-76,-10],[71,-51],[13,22],[-8,39]],[[12625,59536],[1,0],[-1,11],[0,-11]],[[12305,60185],[1,2]],[[12306,60187],[-1,-2]],[[12496,60648],[50,-38],[-10,-97],[-76,-37],[-78,55],[41,114],[73,3]],[[12658,60105],[3,2],[-5,0],[2,-2]],[[13522,56897],[15,-6],[26,-5],[50,-51],[23,-101],[8,-4],[96,63],[59,27],[1,1],[93,41],[15,-33],[-47,-166],[-48,-11],[-1,-74],[22,-36],[14,-17],[16,-44],[30,-20],[16,-22],[5,-50],[-23,-38],[-64,10],[-1,-13]],[[13827,56348],[-72,-83],[-6,-59],[-15,-61],[-24,-25],[-73,-83],[0,-7],[-9,-41],[-11,-58],[12,-23],[-17,-85],[-4,-48],[-1,-3],[-12,-65],[-16,-31],[-25,-34],[-5,-27],[-3,-70],[64,-51]],[[13610,55494],[21,-62],[-51,-7],[-50,94],[-33,-7],[-5,-55],[10,-29]],[[13502,55428],[-163,-12],[-57,30],[-56,41],[-57,16],[-21,91],[-105,31],[-15,2],[-119,32],[-41,57],[-24,43],[-61,38],[-95,17],[-20,-17]],[[12668,55797],[-6,1]],[[12662,55798],[-38,-5],[-134,-88],[-45,-51],[-54,40],[-116,147],[-6,15],[-32,99],[5,95],[-4,84],[-18,12],[-12,22],[-60,82],[-123,-122],[-34,-1],[-30,18],[-71,22],[-115,83],[-15,45],[-9,30],[-19,30],[-28,28],[-16,24],[-99,11],[40,-173],[-112,23],[-74,31],[-28,-22],[-1,1]],[[11414,56278],[-9,26],[-31,172],[-34,35]],[[11259,56575],[-10,6],[-1,121],[-1,5]],[[10980,56929],[129,54]],[[11404,57063],[121,49],[67,146],[27,-17],[77,-45],[169,-6],[33,-93],[21,-43],[18,-41],[90,-18],[74,46],[200,22],[67,-64],[90,-49]],[[13285,56854],[44,-32],[7,0],[1,0],[38,24],[34,50],[99,-1],[14,2]],[[13472,56116],[2,-12],[13,-1],[82,-22],[-2,34],[-55,23],[-40,-22]],[[13329,56095],[-10,15],[-57,-38],[-2,-1],[48,-43],[88,-32],[1,0],[-68,99]],[[13323,55919],[-12,-10],[-36,20],[-32,-16],[-19,-150],[87,-69],[15,26],[141,-19],[13,60],[-71,2],[-35,47],[-51,109]],[[13582,55987],[-7,43],[-72,31],[17,-73],[62,-1]],[[12628,56291],[-7,0],[0,-1],[7,1]],[[14248,56414],[-8,-29],[-12,-42],[-6,-85],[-5,-69],[-21,-32],[-38,-24],[-52,76],[-88,-11],[-94,-14],[-51,136],[-46,28]],[[13422,58215],[42,0],[84,-7],[12,32],[1,18],[-4,34],[-1,61],[-11,50],[-27,34],[0,18],[-26,0]],[[13492,58455],[-11,1]],[[13481,58456],[-16,35],[23,29],[-25,27],[25,5],[-26,28],[28,27],[-65,21]],[[14042,59572],[46,2],[44,-59],[54,-80],[-2,-116],[2,-31],[26,-187]],[[14212,59101],[-90,-8],[-28,-61],[24,-18],[-23,-6],[-51,57],[-113,-26],[14,-29],[-40,-33],[33,-51],[74,-32],[-38,-78],[-65,-24],[-6,-55],[27,-1],[8,-59],[57,-5],[12,-36],[24,2],[-2,-19]],[[14029,58619],[1,-105],[22,-35],[4,-15]],[[14056,58464],[1,-21],[3,-3],[-4,-7],[-74,-35],[-49,2],[-20,-12],[-109,30],[28,-63],[0,-1],[2,-48],[-8,-29],[17,-40],[-7,-38],[12,-5],[-18,-56],[-50,-41],[27,-39],[-9,-13],[4,-16],[3,-9],[0,-44],[-3,-4],[-8,-30],[0,-33],[14,-8],[35,21],[-2,1],[38,35],[2,2],[22,14],[-5,15],[3,17],[5,5],[15,-35],[12,-35]],[[13933,57941],[-1,-3]],[[13932,57938],[5,-9],[5,-24],[46,6]],[[13988,57911],[11,1],[55,35],[29,11],[-2,24],[-2,13]],[[14079,57995],[31,18],[43,-3],[12,0],[34,51],[52,-2],[16,-1],[42,-2],[36,-2],[20,-7],[-2,36],[-17,1],[-39,15]],[[14307,58099],[65,157],[118,15],[-39,-47],[108,-39],[32,95],[-74,24],[26,36],[5,13],[-125,18],[-68,-38]],[[14355,58333],[-34,0],[-16,1],[-65,4],[-20,9],[1,26]],[[14221,58373],[1,34],[10,-1],[0,39],[-63,-1],[-1,10],[0,15],[-1,28]],[[14167,58497],[0,4]],[[14167,58501],[-1,9],[35,8],[5,70],[-52,-24],[10,32],[-42,14],[-45,15],[9,15],[55,12],[65,-47],[30,69],[2,38],[-24,56],[-2,30],[41,42],[60,-22],[-14,53],[-87,31],[2,35],[-12,5],[9,65],[10,22]],[[14221,59029],[171,-33],[48,-55],[61,-96],[31,-55],[105,-9],[124,-48],[81,-40],[95,-30],[58,-10],[52,13],[87,-29]],[[15134,58637],[14,-105],[-9,-32],[-15,-45],[-17,-37],[-55,-63],[-5,-10],[-5,-73],[10,-16],[7,-14],[42,-40],[-1,-5],[-3,-8],[-25,-73],[18,-49],[10,-110],[-13,-90],[-31,-53],[-29,-107],[12,-100],[0,-24],[-5,-101],[13,-14]],[[15047,57468],[-13,-35]],[[15034,57433],[-2,-5],[-7,-57],[-30,-7],[-128,-42],[-11,-11],[-19,-4],[-2,0],[-31,2],[-10,-8],[-55,-46],[-31,-43],[-28,-20],[-50,-40],[-64,-25],[-1,-20],[-3,-38],[-1,-1],[-51,-49]],[[14510,57019],[-42,-36]],[[14468,56983],[-56,-82],[-24,-35],[-7,-58]],[[14381,56808],[0,-2]],[[14381,56806],[-70,8],[-8,-74],[-1,-147]],[[14302,56593],[0,-2],[-28,-94],[-4,-12],[-22,-71]],[[14435,57975],[-71,-38],[-1,-7],[118,-56],[-46,101]],[[14527,57910],[-18,-62],[37,-43],[48,-52],[14,125],[8,103],[2,36],[-19,-1],[-11,-12],[-24,-127],[-37,33]],[[14435,58077],[92,-167]],[[14527,57910],[19,129],[8,31],[-49,11],[-70,-4]],[[14790,58062],[0,-26],[89,-2],[-20,47],[-69,-19]],[[13805,57297],[3,13],[-4,-17],[1,4]],[[13827,57779],[19,21],[5,18],[-143,28],[-17,-37],[136,-30]],[[13736,57862],[105,-16],[9,13],[-114,3]],[[14930,58098],[-36,-15],[47,-22],[-11,37]],[[14980,58114],[5,-5],[7,-6],[-12,11]],[[15004,58420],[-1,26],[-68,4],[14,61],[-9,2],[-73,18],[-55,13],[-41,10],[18,-101],[33,-33],[-28,118],[47,-10],[21,-93],[142,-15]],[[14803,58646],[1,1],[-1,0],[-7,-3],[7,2]],[[14853,58427],[-21,-18],[30,0],[-9,18]],[[15221,56507],[9,-10],[19,-48],[57,-21]],[[15306,56428],[-37,-21],[-1,-51],[18,-98]],[[15286,56258],[-150,-202],[-60,-62],[155,6],[125,38],[16,61],[22,61],[-6,59],[23,28],[39,36],[25,22],[9,64],[67,40],[99,40]],[[15650,56449],[1,0],[6,0],[17,22]],[[15674,56471],[55,-1]],[[15729,56470],[43,22],[14,7]],[[15786,56499],[9,5]],[[15795,56504],[72,64],[23,20],[35,14]],[[15925,56602],[84,37],[15,81],[56,-9],[23,5],[61,111]],[[16164,56827],[31,-35],[45,-49],[67,170],[-15,30],[86,15],[-14,38],[37,45],[15,-11],[83,-6],[52,44],[6,64],[20,-7],[11,-4],[41,-14],[63,-23],[16,-52],[-8,-50],[-5,-50],[-9,-50],[60,-95],[17,36],[12,49],[73,70],[39,-31],[38,34],[-6,-57],[-21,-63],[-24,-56],[-35,-75]],[[16839,56694],[-129,-17],[-96,-21],[0,50],[-11,0],[-86,-102],[48,-5],[2,-55],[29,-63],[31,83],[134,88],[63,11]],[[16824,56663],[-25,-49],[-34,-78],[79,-7],[88,-6],[51,-4],[115,-39],[30,-11]],[[17128,56469],[31,-12]],[[17159,56457],[14,-5],[9,-4],[48,-17],[38,-14]],[[17268,56417],[-42,-38],[48,-20],[53,-23],[18,16],[63,-13]],[[17408,56339],[3,-2],[28,-10],[25,-2],[22,-12],[64,-71],[-16,-29],[-1,-1]],[[17533,56212],[-3,-10],[-110,-151],[-37,-33],[-50,-41],[-3,-3],[-98,-154],[-75,-56],[-37,-40],[-59,-78],[-23,2],[-14,-1],[-123,-58],[-88,-119],[-63,-8],[-43,49],[-113,-39],[-20,-12],[-48,-16],[-139,-73],[-8,-45],[-59,-147],[-32,-23],[-34,-13],[-74,-72],[-9,-40],[-157,-110],[-152,-174],[-42,-96],[-111,-45],[-61,-95],[-3,-167]],[[15645,54344],[-24,14],[-70,81],[-30,22],[-132,-81],[-84,-45],[-95,41],[4,34],[-3,20],[-34,93],[-5,4],[-43,22]],[[15129,54549],[-15,69],[-50,29],[-22,83],[-98,19],[-38,63],[-117,59],[-156,149],[-13,-33],[-101,126],[-114,88],[-86,50],[-133,68],[-68,103],[-60,-45],[-68,-23],[-67,43],[-89,10],[-22,13],[-26,55],[-82,-12],[-56,48],[-38,-17]],[[14302,56593],[160,109],[83,17],[3,3],[1,1],[108,100],[84,3],[86,72],[4,77]],[[14831,56975],[8,3],[101,-2]],[[14940,56976],[33,-2]],[[14973,56974],[20,-15],[19,-5],[47,36],[44,26],[17,5],[10,16],[48,19],[6,5]],[[15184,57061],[37,-48],[-48,-193],[-49,-57],[71,-1],[71,-1]],[[15266,56761],[51,-2]],[[15317,56759],[60,-4]],[[15377,56755],[-19,-81],[-48,-12],[-7,-40],[-12,-18],[-40,-56],[-30,-41]],[[15489,55540],[4,8],[117,54],[49,33],[32,28],[15,4],[62,29],[-37,12],[-5,15],[14,58],[-56,-29],[-10,4]],[[15674,55756],[-1,0]],[[15673,55756],[27,34],[-22,40],[-4,-1],[50,26],[-9,32],[5,33],[66,74],[-98,-1],[-64,-13],[-2,0],[-42,-25],[-82,-16],[-60,-84],[15,-70],[0,-15],[-9,-9],[-1,-3],[30,-93],[1,-11],[43,-23],[-33,-25],[24,-22],[-38,-18],[-15,-10],[-31,-54],[30,-5],[35,43]],[[16589,56704],[9,1],[-9,-1]],[[17662,56103],[15,104],[11,12]],[[17688,56219],[25,41],[-1,0],[11,86],[-40,-22],[-42,50],[72,65],[15,0],[40,14],[31,-25],[11,-27],[61,-48],[49,0],[56,0],[70,0],[76,99],[66,51],[29,26],[57,86]],[[18274,56615],[166,-261],[-31,-49],[46,24],[124,-147],[46,-37],[32,-28],[59,-61],[95,25],[46,-160],[21,16],[3,-59],[20,29],[7,-43],[9,22],[40,-37],[-12,-26],[13,23],[81,-69],[89,-38],[-12,-29],[25,20],[5,-39],[15,34],[36,-16],[-35,53],[45,-17],[-22,-214],[-10,-192]],[[19175,55339],[-170,-175],[-40,-41],[-83,-90],[-49,-55],[-269,-265],[-19,-32]],[[18545,54681],[-66,88],[31,53],[-14,84],[81,240],[60,44],[-60,48],[-11,80],[80,83],[-2,80],[2,57],[-34,20],[-27,-34],[-47,22],[-50,-29],[-20,-116],[-117,-18],[8,-22],[-49,-37],[18,-46],[-46,-11],[-24,-107],[-90,-49],[21,-215],[25,-139],[21,-125],[123,-119]],[[18358,54513],[-90,-86],[-150,-115],[-102,-38],[-51,0],[-76,-23],[-29,-4],[-80,-20],[-124,40],[-11,6],[-87,8],[-31,61],[-65,-4],[-34,-42],[-169,-58],[-114,-110]],[[17145,54128],[-22,18]],[[17123,54146],[33,64],[-21,118]],[[17135,54328],[0,1]],[[17135,54329],[-14,11],[-48,2],[-63,-28]],[[17010,54314],[-77,-25],[-78,-109],[-292,-6],[-9,-32],[-19,81],[-50,-48]],[[16485,54175],[-26,59],[48,86],[14,67],[67,20],[19,172],[-55,17],[-110,24],[-71,-44],[-52,72],[-12,-159],[-91,-92],[12,-137],[-71,-175],[-57,-35]],[[16100,54050],[-34,10],[-34,98]],[[16032,54158],[-46,38]],[[15986,54196],[-61,20],[-63,-21],[-128,25],[-34,31],[-19,18],[-34,54],[-2,21]],[[17533,56212],[43,-2]],[[17576,56210],[-2,-83],[-57,0],[-29,-124],[16,-8],[62,88],[70,1],[26,19]],[[18043,55862],[-15,2],[-27,3],[-4,-66],[19,-36],[28,2],[2,44],[-3,51]],[[18327,55966],[44,-109],[17,-47],[-5,-3],[-41,-2]],[[18342,55805],[-1,0]],[[18341,55805],[-28,1],[-22,-119]],[[18291,55687],[3,-3]],[[18294,55684],[29,-31],[39,-41],[52,11],[58,21],[53,-17],[78,71],[-3,38],[-18,24],[-27,7],[-20,11],[-17,14],[-19,8],[-3,5]],[[18496,55805],[9,8],[-10,-8]],[[18495,55805],[-3,6],[0,12],[-2,22],[-4,23],[-2,14],[5,12],[16,11],[29,4],[2,48],[-12,70],[-46,-29],[-96,-32],[-55,0]],[[18092,55554],[81,10]],[[18173,55564],[8,85],[-67,4],[6,-17],[-28,-82]],[[18173,55564],[1,1],[-1,-1]],[[18030,55739],[-8,16],[8,-16]],[[17761,55106],[-92,78],[108,98],[-46,63],[93,94],[-70,65]],[[17754,55504],[-47,108],[-16,36],[-5,81],[48,82],[-3,12],[-79,-85],[9,-60],[-80,-75],[40,-37]],[[17621,55566],[27,-24],[-112,-45],[-14,-41],[92,24],[81,-39],[-121,-125],[-62,-20],[-13,-77],[25,-86],[66,-34],[125,7],[46,0]],[[17754,55504],[-133,62]],[[17621,55566],[22,32],[111,-94]],[[17966,55442],[-2,6],[-2,-4],[4,-2]],[[17946,55367],[-1,-3]],[[17945,55364],[1,3]],[[18404,52352],[1,4],[-22,-1],[8,-32],[13,29]],[[18373,52267],[0,18],[-16,-25],[16,7]],[[18443,52424],[26,13],[-39,38],[13,-51]],[[18639,51985],[-51,6],[-35,-8],[-19,39],[-33,-8],[-33,-31],[-28,26],[-22,5],[-152,-79],[-34,-73],[-11,-35],[-97,-60],[-44,-127],[-79,23],[-3,47],[16,38],[17,83],[-5,34],[-2,19],[1,20],[4,36],[-3,12],[-17,59],[-5,57],[-81,3]],[[17923,52071],[38,125],[83,40],[95,28],[76,141]],[[18215,52405],[28,-28],[2,34],[-6,7]],[[18239,52418],[7,12]],[[18246,52430],[30,32]],[[18276,52462],[52,10]],[[18328,52472],[24,-24],[-21,34]],[[18331,52482],[18,122],[0,3],[9,41],[200,-4],[258,2],[89,19],[2,0],[186,68],[-50,119],[-67,117],[46,109],[36,124],[68,115],[60,107],[82,179],[47,125],[8,42],[194,327],[0,4]],[[19517,54101],[6,3],[-1,5]],[[19522,54109],[-6,106],[-14,199],[-77,456]],[[19425,54870],[105,-91],[92,-155],[-22,-237],[39,-279],[173,-11],[172,0],[-7,367],[-117,2],[88,262],[-24,43],[163,-23],[52,-231],[143,-137],[59,-149],[145,-124]],[[20486,54107],[-7,-28],[-27,-111],[-27,-118],[-11,-42],[-18,-54],[-11,-83],[-4,-25],[2,-102]],[[20383,53544],[12,-195]],[[20395,53349],[9,-23],[61,-245],[59,-97],[21,-68],[45,-71],[10,-20],[50,-63]],[[20650,52762],[-590,-2],[-10,-66],[-292,-9],[-58,-130],[-105,-209],[-76,-6],[-112,-78],[3,-148],[-2,-74],[-54,-62],[-62,-60],[170,-58],[-54,-122],[-49,-76],[-91,-5],[-28,10],[-2,177],[-45,-37],[-65,-37],[-126,33],[-78,-41],[-122,-51],[-36,-91],[-1,-3],[-88,-84],[5,-205],[-7,-187],[-63,-27]],[[18612,51114],[-25,73],[-81,197],[-3,132],[84,52],[3,46],[-4,16],[11,93],[5,20],[6,22],[9,78],[-38,37],[-6,7],[4,13],[21,10],[9,8],[5,14],[3,9],[24,44]],[[18281,52227],[26,11],[-20,39],[-6,-50]],[[19002,52442],[3,-39],[73,0],[13,31],[-89,8]],[[18272,52381],[23,24],[-24,-23],[1,-1]],[[19008,52376],[-65,-20],[4,-118],[152,-1],[98,6],[30,1],[46,30],[-49,16],[-10,71],[-106,3],[-4,-47],[-53,-1],[6,60],[-49,0]],[[19476,53352],[-27,-24],[27,24]],[[19774,53386],[31,-76],[115,-18],[1,62],[-101,0],[0,98],[-36,2],[-10,-68]],[[19982,53718],[-20,56],[-95,14],[-1,-47],[116,-23]],[[19852,53788],[-48,41],[0,15],[-41,-25],[35,-50],[24,-24],[31,0],[-1,43]],[[19850,54020],[-38,20],[38,-20],[-68,-74],[68,74]],[[20023,53368],[-89,69],[5,33],[-36,-53],[112,-87],[8,38]],[[12754,54714],[-76,14],[-73,33],[-72,47],[-57,-19],[-43,-20],[-47,29],[-57,31],[-12,3],[-48,22],[-92,97]],[[12177,54951],[45,74]],[[12222,55025],[-74,67],[35,138],[-41,5],[-55,32],[-41,-22],[73,-31],[-34,-52],[-93,-121]],[[11992,55041],[-58,27]],[[11229,55888],[45,65],[-32,90],[22,67],[-55,44],[30,76]],[[11285,56218],[42,-25],[50,26]],[[11414,56272],[0,6]],[[12662,55798],[-1,-13],[7,12]],[[13502,55428],[19,-190],[5,-127],[96,-76],[50,-49],[50,-118]],[[13722,54868],[-50,-245]],[[13672,54623],[-149,-47],[-120,58],[-220,39],[-28,-57],[-37,-148]],[[13118,54468],[-93,33],[-7,4],[-57,24],[-98,41],[-67,83],[-22,47],[-20,14]],[[12687,54947],[12,-5],[-5,5],[-7,0]],[[12660,54950],[11,14],[8,34],[-27,-24],[-15,-17],[23,-7]],[[12600,55604],[-2,-1],[2,1]],[[12298,55408],[-68,-47],[-31,-47],[35,-20],[44,13],[24,10],[-4,91]],[[12217,55360],[-29,0],[29,0]],[[12116,55355],[13,215],[-47,72],[-17,-4],[-76,-48],[0,-64],[42,-63],[84,-108],[1,0]],[[12112,55349],[2,4],[-2,-4]],[[12572,55039],[5,-2],[-5,2]],[[11884,55271],[1,0],[-1,0]],[[11719,55438],[1,-2],[-1,2]],[[12209,55743],[-4,95],[-59,109],[21,132]],[[12167,56079],[-59,-18],[-44,-94],[-154,-94],[13,3],[154,8],[47,-50],[51,-50],[34,-41]],[[12167,56079],[2,1],[-2,-1]],[[13225,54223],[-75,160]],[[13150,54383],[169,110],[116,-50],[78,27],[139,-16]],[[13652,54454],[-9,-63],[0,-1]],[[13643,54390],[0,-1]],[[13643,54389],[-7,-49],[-4,-52],[-16,-42],[-139,-68],[-36,-29],[-59,-36],[-92,23]],[[13290,54136],[-22,53],[-43,34]],[[15612,53205],[6,50],[0,3],[-1,18],[16,-5],[4,2],[-17,31],[33,9],[21,-11],[21,33],[39,7],[18,7],[22,5],[10,10],[16,29],[5,20],[27,9],[2,0],[23,-7],[41,18],[41,49],[11,37],[-1,28],[7,22],[-1,25],[-7,26],[-8,26],[-14,10],[-9,11],[-37,8],[-46,-18],[-11,-23],[-18,-20],[-9,-25],[-30,-5],[-45,-23],[-49,-11],[-29,-15],[-38,-22],[-52,-5],[-34,51],[22,21],[35,88],[-16,84],[-14,105],[-36,73],[-23,90],[-74,13],[-27,44],[-23,27],[-33,23],[-12,-38],[-26,58],[-47,2],[-113,70],[-14,16],[-55,34],[14,51],[-10,11],[-37,-11],[-7,78],[-2,9],[-20,37],[43,63],[10,16],[75,26]],[[15986,54196],[-150,-123],[-7,-40]],[[15829,54033],[77,11],[126,114]],[[16100,54050],[12,2],[73,-32],[65,84],[113,-9],[95,59],[27,21]],[[17010,54314],[-64,-138],[47,6],[31,16],[111,131]],[[17135,54328],[-11,-98],[-50,-55],[49,-29]],[[17145,54128],[-33,-42],[-10,-161],[-63,-80],[-57,-79],[18,-17],[56,-44],[119,-94],[125,-105],[56,0],[-14,177],[44,82],[-3,-317],[-9,-93],[2,-32],[114,-52],[66,-21],[61,-15],[8,-59],[-92,-45],[-41,25],[-21,-85],[-21,-113],[-11,-44],[-60,-25],[-20,6],[-138,-5],[-138,-83],[-110,-35],[-7,-78],[-82,-109]],[[16180,52718],[120,-88],[67,77],[78,-16],[3,23],[-44,142],[-33,16],[-159,5],[-83,-34]],[[15540,52979],[0,-1]],[[15316,53270],[35,-62],[26,67],[47,36],[43,68],[49,-55],[46,-60],[24,-60],[26,1]],[[15549,53240],[12,15],[-32,10],[-2,-22],[22,-3]],[[15871,53169],[23,-23],[8,-11],[41,13],[1,49],[42,-11],[-47,97],[-21,21],[-27,-8],[-16,-49],[-8,-7],[49,-53],[-45,-18]],[[15910,53104],[17,-24],[-25,39],[8,-15]],[[15562,53194],[-50,16],[-21,-95],[67,23],[4,56]],[[15837,53325],[-7,8],[-4,-2],[7,-8],[4,2]],[[15841,53349],[17,2],[10,7],[5,2],[7,8],[-18,26],[-17,-7],[-1,-3],[-3,-35]],[[16406,53035],[-39,45],[38,-45],[-55,-18],[56,18]],[[16313,52798],[9,-91],[-34,-16],[-13,105],[38,2]],[[16183,53841],[10,-6],[-10,6]],[[16183,53841],[-11,3],[11,-3]],[[15829,54033],[-1,-1],[1,0],[0,1]],[[17812,47624],[58,-43],[120,53]],[[17990,47634],[1,0]],[[17991,47634],[34,5],[22,-10]],[[18047,47629],[1,0]],[[18048,47629],[49,-42],[47,-73],[52,-34],[2,0],[46,-114],[114,-25],[102,-7],[157,-158]],[[18617,47176],[9,-154],[7,-76],[-73,-84],[21,-170],[44,-37],[32,-17],[152,3],[23,-31],[58,14],[18,-91],[36,-105],[-58,-26],[50,-37],[-10,-40],[41,-34],[71,-67],[60,-104],[-56,-124],[18,-19],[23,-21],[-164,-113]],[[18919,45843],[-74,-61],[-157,-27],[-39,26],[-48,-45],[-64,7]],[[18537,45743],[-29,11],[-123,76],[-97,-18],[-60,-3],[-53,-95],[-91,48],[-90,27],[-3,3]],[[17991,45792],[-27,53],[-27,120],[-105,125],[-184,-121],[-10,-3]],[[17638,45966],[-6,0]],[[17632,45966],[-97,-23],[-117,44],[-70,66],[17,54],[-164,-105],[-132,-97],[-144,-68],[-15,-41],[-7,-30],[-64,-77],[-80,-130],[-4,-14],[-49,-113]],[[16706,45432],[-125,-198],[-33,18],[-7,167],[-369,19],[-20,-25],[-43,-45],[-32,-92],[-47,0],[-96,101],[-37,90],[-2,78],[-2,120],[-50,182],[-44,101],[-82,-22],[-16,104],[54,-8],[18,36],[30,40],[-1,0],[-19,25],[0,37],[-62,180],[-39,44],[-70,49],[-23,-44],[-40,6],[-17,68],[15,23],[37,-26],[0,36],[29,46],[-65,41],[25,33],[18,167],[-8,95],[-75,110],[147,74],[105,-94],[-13,-109],[36,-7],[24,-91],[53,-17],[50,29],[194,-128],[28,38],[148,-14],[-27,100],[144,105],[63,125],[57,10],[68,39],[84,38],[68,21],[164,-26],[70,46],[67,52],[-66,74],[-6,10],[-64,-29],[-350,186],[-288,31],[-98,-64],[42,-123],[-49,-57],[-36,8],[-192,-65],[-126,16],[-141,-28],[-100,32],[-40,172],[-84,160],[-26,203],[-173,-65],[-172,502],[-46,219],[-194,421],[18,45],[107,-68],[73,47],[228,37],[34,18],[35,153],[61,24]],[[15479,48936],[2,-4]],[[17335,48433],[25,-26],[20,-30],[6,-8],[5,-10],[21,-33],[3,-4],[44,-39],[11,-18],[1,-6],[5,-56],[0,-4],[32,-12],[55,-38]],[[17563,48149],[-4,-34],[17,-67],[7,-13],[13,-24],[3,-5],[5,-11],[9,-12],[7,-6],[20,-13],[30,-24],[4,-20],[-29,-100],[-3,-43],[3,-1],[32,-45],[3,-6],[39,-18],[54,-20],[9,-35],[30,-28]],[[17524,47380],[1,7]],[[17525,47387],[-1,-7]],[[18861,46256],[-8,5],[8,-5]],[[16878,46252],[-56,25],[-128,40],[-43,-52],[12,-49],[-72,-79],[5,-45],[18,-9],[74,61],[70,63],[50,-6],[34,-5],[36,56]],[[16613,46319],[-31,0],[-21,17],[-56,-30],[-38,-54],[11,-32],[65,-24],[25,-33],[33,42],[-42,51],[54,63]],[[16711,46654],[2,33]],[[16713,46687],[-2,-33]],[[16254,45331],[-33,-4],[-5,65],[99,26],[-6,-63],[-46,-20],[53,-6],[15,-69],[-96,-9],[19,80]],[[16463,45678],[52,38],[152,-24],[122,32],[-1,0],[-27,28],[-19,39],[-83,1],[-198,1],[-9,-65],[11,-50]],[[15769,45362],[-67,-13],[57,47],[10,-34]],[[16166,45323],[39,8],[2,-69],[-80,0],[10,128],[29,2],[0,-69]],[[16539,45412],[-3,-106],[-176,51],[3,61],[176,-6]],[[11069,46833],[-9,-18],[8,-32],[6,-8],[-8,-54],[13,-85],[-10,-27],[-3,-52],[-11,2],[22,-108],[18,-43],[-38,-28],[-40,-42],[-45,-39],[-83,-81],[-42,-82],[-39,31],[-23,-18],[25,-69],[-86,53],[-35,-29],[-9,45],[-49,-34],[-2,58],[33,-13],[-25,59],[-13,5],[-29,-16],[-18,-75],[-89,-16],[-11,107],[-33,-7],[-15,-46],[-71,-23],[-51,47],[-56,70],[38,39],[12,30],[-1,40],[-37,70],[-12,17],[-25,38],[-58,124],[26,29],[-16,71],[-46,38],[14,46],[-35,127],[-44,14],[23,23],[-26,69],[-8,60],[-32,38],[25,44],[-34,28],[-4,-8],[-58,-41],[-8,54],[-32,65],[-68,50],[-45,24],[-38,28],[-2,48],[-44,25]],[[9716,47455],[43,80],[25,28],[6,22],[0,1],[2,38],[-14,10],[-51,1],[-14,11],[-9,10],[-4,4],[25,47]],[[9725,47707],[14,0],[-14,1]],[[9725,47708],[-11,27],[14,19],[-39,64],[-8,27],[-2,38],[5,59],[50,-28],[78,8],[7,1],[63,32],[21,66],[-14,24],[29,1],[61,-17]],[[11099,47445],[6,-18],[-26,-75],[2,-98],[-8,-46],[18,-22],[40,-20],[-9,-35],[17,-31],[-34,-46],[-33,-52],[-17,-48],[2,-49],[-13,-39],[25,-33]],[[10734,47367],[-25,-3],[25,2],[0,1]],[[13430,41711],[13,-39],[-110,34],[6,31],[91,-26]],[[13356,41852],[32,-71],[-212,19],[-143,-51],[95,-152],[-19,-97],[-87,128],[-127,64],[-145,67],[82,73],[-18,67],[31,5],[11,105],[76,36],[14,152],[-22,169],[32,38],[13,118],[61,78],[140,-71],[148,-174],[112,-16],[-11,-36],[49,-45],[-21,-132],[-14,-69],[18,-60],[-10,-52],[0,-23],[-85,-70]],[[12999,41952],[70,-18],[80,113],[32,176],[-82,5],[-2,-23],[-73,-169],[-25,-84]],[[12571,43723],[8,-40],[2,-10],[6,-17],[3,-13],[8,-32],[9,-32],[-3,-17],[-11,-29],[-52,63],[-38,73],[9,47],[9,11],[19,40],[12,-24],[8,-8],[3,-10],[8,-2]],[[12857,43785],[-41,-47],[-195,76],[146,63],[80,43],[81,-17],[-10,-173],[-61,55]],[[10171,46956],[0,1],[-1,1],[1,-2]],[[10348,47046],[53,-78],[-46,-84],[45,-2],[51,4],[-16,39],[-20,81],[22,55],[63,-4],[-39,35],[-55,-6],[-7,-4],[-52,-29],[1,-7]],[[10561,46973],[-42,26],[-2,17],[-3,3],[-49,-6],[103,-44],[-7,4]],[[10079,47241],[-28,29],[-16,-22],[-5,-10],[33,-22],[16,25]],[[10198,47271],[0,-60],[35,-12],[4,15],[1,30],[7,22],[-16,7],[-31,-2]],[[14057,44441],[-17,65],[-90,-85],[-226,-68],[-82,-93],[-84,48],[-41,139],[178,152],[161,24],[28,-29],[178,-9],[166,26],[17,-71],[113,18],[46,-36],[70,63],[19,-61],[27,-243],[-59,-30],[0,-36],[-77,-34],[-231,20],[-205,14],[109,226]],[[13222,43376],[135,15],[-17,-37],[32,-9],[-50,-40],[45,-131],[-56,-5],[-83,169],[-145,-110],[-47,75],[-41,53],[-90,123],[41,-23],[-2,37],[141,17],[-6,33],[-20,40],[-26,44],[-61,62],[41,162],[68,54],[8,-90],[15,-68],[37,-13],[42,-62],[40,-80],[-75,-70],[23,-35],[33,-58],[18,-53]],[[13563,43663],[-43,8],[2,37],[41,-45]],[[10230,47172],[-26,1],[27,-67],[-1,66]],[[10919,43647],[36,3],[66,-4]],[[11021,43646],[30,5],[11,-62],[26,-96],[-60,-16],[-110,60],[3,38],[-74,58],[72,14]],[[12227,43392],[-40,31],[65,44],[34,-61],[-51,-59],[-8,45]],[[12593,43502],[-6,-46],[-20,32],[26,14]],[[12734,43500],[47,-15],[0,-97],[46,-64],[-105,70],[12,106]],[[12449,43925],[43,31],[13,-24],[-71,-39],[15,32]],[[10860,46367],[0,-1]],[[10860,46366],[0,1]],[[11992,55041],[185,-90]],[[13118,54468],[8,-12],[20,-54],[4,-19]],[[13290,54136],[-69,-108],[-86,1],[-87,-9],[9,-104],[42,-70]],[[13099,53846],[-87,-63],[-153,-11],[-63,-145],[-29,-6],[-171,-20],[38,-110],[-17,-217],[-96,9],[-104,77],[37,-184],[6,-150]],[[12054,53611],[-4,8],[-113,124]],[[13099,53846],[110,27],[101,-87],[65,21],[85,66],[276,-2],[68,-65],[18,-20],[47,-267],[168,108],[133,21],[147,23],[82,12],[37,-36],[68,-48],[46,-67],[68,-116]],[[14618,53416],[-33,-50],[33,-57],[31,9],[30,-83],[6,-25],[120,55]],[[15167,53208],[0,-1],[0,1]],[[13635,52847],[-17,-1],[-3,0],[3,-1],[17,2]],[[15044,52997],[-33,31],[-45,-94]],[[14966,52934],[19,16],[59,47]],[[14966,52934],[-2,0],[2,0]],[[14412,52889],[-1,0],[-4,-6],[5,6]],[[13816,52245],[3,14],[-4,-14],[1,0]],[[13643,54389],[12,-1],[-12,2]],[[13652,54454],[2,10],[8,81],[10,78]],[[13722,54868],[63,-8],[41,-107],[84,-88],[-14,-90],[-34,-68],[57,7],[1,-44],[21,-95],[41,-2],[34,89],[73,-38],[72,-49],[-9,-32],[-39,-89],[-18,-48],[59,-16],[-60,4],[-62,-30],[20,-12],[24,-36],[27,23],[34,-42],[15,-28],[27,-8],[59,69],[36,-72],[42,-50],[74,-67],[2,-56],[64,-42],[39,-98],[7,-70],[52,16],[57,-53],[29,-97],[-24,-37],[128,-128],[-8,-46],[-118,86]],[[14774,54625],[58,-13],[-50,-30],[30,-29],[4,-3],[45,-48],[75,-141],[19,-51],[20,-41],[19,-34],[3,-33],[73,-97],[72,-55],[86,-65],[-21,-24],[47,-78],[78,-62],[-6,-47],[-56,-38],[-26,-7],[-59,-21],[-59,-4],[-79,-40],[-47,36],[-10,-5],[-52,-62],[-24,24],[-94,20],[-14,27],[-47,37],[-18,17],[-28,18],[-50,33],[-71,-28],[-12,37],[-21,89],[-31,27],[-32,27],[-51,1],[-28,-30],[-25,34],[-68,76],[-82,172],[-18,77],[-7,20],[-26,34],[-28,60],[2,19],[-2,16],[-2,17],[-14,13],[-16,12],[-1,17],[11,12],[13,28],[-6,23],[6,84],[4,66],[6,65],[41,96],[73,62],[51,30],[37,-25],[-9,-50],[17,-16],[98,23],[98,-40],[66,-101],[22,-41],[116,-90]],[[15171,53934],[-1,-3],[-1,-57],[54,12],[-52,48]],[[15004,53822],[-1,-23],[9,26],[-8,-3]],[[14936,53867],[6,0],[0,1],[-6,-1]],[[14276,53937],[-3,-1],[1,-1],[2,2]],[[14227,54405],[0,-7],[1,7],[-1,0]],[[15264,58568],[66,-26],[45,-33],[106,-67],[81,-26],[148,-108],[106,-82],[1,-14],[18,-2],[91,-27],[132,-63],[156,-96],[113,-113],[-1,-67],[25,27],[51,-62],[49,-24],[57,-12],[0,-54],[26,28],[46,-36]],[[16580,57711],[-43,-95],[1,-11],[-14,-40],[-7,-16],[-50,-139],[-15,-23],[-20,-45],[-67,-109],[-43,-127],[-53,-163],[-83,-105]],[[16186,56838],[-40,6],[-51,83],[-33,-67],[-97,13],[0,-31],[13,-27],[85,12],[2,32],[99,-32]],[[15925,56602],[6,59],[31,8],[5,103],[-78,0],[8,-32],[65,0],[-64,-72],[-77,11],[-26,-52],[0,-123]],[[15786,56499],[-57,4],[0,-33]],[[15674,56471],[-24,14],[0,-36]],[[15286,56258],[23,85],[79,128],[-6,30],[-47,-51],[-29,-22]],[[15377,56755],[69,-11],[-38,-61],[22,-36],[-10,49],[59,21],[-12,30],[54,52],[-20,51],[-5,-5],[-92,-14],[-38,-26],[23,-24],[-72,-22]],[[15266,56761],[30,60],[46,-20],[39,174],[81,-123],[36,39],[-29,12],[4,50],[-34,-27],[20,38],[101,31],[57,58],[-5,6],[-29,-39],[-21,10],[-10,-17],[-17,20],[-103,1],[15,-27],[-74,1],[-24,-60],[-39,45],[89,62],[22,-16],[97,104],[25,54],[65,-17],[30,30],[19,-20],[-82,-89],[60,-13],[23,10],[-21,35],[68,1],[22,32],[-28,8],[96,42],[14,28],[-23,0],[-105,-71],[13,70],[-63,62],[-12,4],[-43,-17],[-45,-51],[-75,-4],[-29,32],[-34,-30],[-24,59],[34,35],[24,47],[-49,-49],[-4,75],[-73,-36],[43,-46],[-128,-82],[50,-50],[40,-38],[-64,-74],[-20,-3],[-38,-16]],[[14973,56974],[56,69],[-52,-23],[-37,-44]],[[14831,56975],[-152,-9],[-58,-49],[-93,-118],[-7,29],[-20,-19],[31,73],[-41,-93],[-56,24],[-41,-44],[-13,37]],[[14381,56806],[0,2]],[[14468,56983],[34,-46],[22,30],[30,62],[-44,-10]],[[15034,57433],[41,-25],[81,-3],[1,63]],[[15157,57468],[-74,11],[-36,-11]],[[15134,58637],[130,-69]],[[15427,58422],[-3,0],[0,-4],[3,4]],[[15553,58288],[-11,-25],[11,25]],[[15237,58156],[-29,35],[-4,0],[-13,-35],[-15,-130],[34,-3],[14,65],[69,-1],[63,10],[-34,24],[-85,35]],[[15304,58207],[37,-18],[-11,-31],[36,-4],[106,-20],[-11,-86],[57,-4],[27,51],[22,32],[-2,1],[-58,4],[4,26],[61,-12],[0,20],[-48,2],[2,43],[-42,12],[-11,0],[-85,0],[-48,-6],[-36,-10]],[[15169,57972],[-40,-114],[114,-28],[2,61],[55,-4],[-2,34],[0,5],[-88,70],[-41,-24]],[[15703,58220],[-35,-28],[2,-25],[35,-35],[37,18],[4,40],[-43,30]],[[15671,58102],[34,-39],[16,60],[-50,-21]],[[15647,57992],[17,56],[-40,-32],[23,-24]],[[15824,57794],[-34,31],[-79,-98],[33,-19],[72,49],[8,37]],[[15761,57796],[-20,18],[-62,5],[23,-46],[-72,8],[-129,-102],[-41,-67],[-11,-50],[62,-34],[93,-84],[43,9],[95,69],[29,32],[-164,170],[154,72]],[[15641,57809],[-29,70],[-112,-44],[-23,-16],[60,-26],[-74,-66],[178,82]],[[15385,57791],[56,112],[-1,45],[-49,3],[-6,-27],[-11,-23],[-47,-10],[27,-7],[-34,-97],[65,4]],[[16174,57689],[7,-13]],[[16181,57676],[-7,13]],[[15562,56449],[48,-1],[0,28],[-52,-12],[4,-15]],[[15652,56718],[21,0],[-21,0]],[[15574,56722],[48,-2],[7,49],[-20,-4],[-35,-40],[0,-3]],[[16025,56748],[-2,-11],[13,24],[-11,-13]],[[15728,56880],[73,29],[36,-30],[44,42],[40,56],[-32,67]],[[15889,57044],[26,55],[-27,55],[33,22],[21,-20]],[[15942,57156],[46,-36],[-13,-19],[20,-3],[-20,-33],[2,-20],[-20,-4],[2,-65],[151,-22],[90,92],[-26,79],[90,59],[0,4],[-110,-18],[10,-109],[-55,-89],[-106,46],[30,22],[-47,26],[10,22],[-1,37],[-37,39]],[[15958,57164],[-4,4],[23,3],[86,-11],[29,10],[-23,102],[-2,7],[28,20],[6,11],[4,35],[-15,20],[-82,-18],[10,45],[24,28],[-37,10],[-27,-12],[-7,-7],[25,-58],[-28,-39],[-60,9],[-51,11],[-19,-24],[-21,-14]],[[15817,57296],[-15,1],[-14,-47],[15,27]],[[15803,57277],[39,0],[10,-28]],[[15852,57249],[3,-2],[12,-58],[5,-17],[-14,-14],[-39,-18],[9,-26]],[[15828,57114],[-63,-67],[-37,-167]],[[15886,56902],[-23,-26],[45,-2],[-22,28]],[[15409,56574],[-11,-41],[-14,-30],[87,-16],[-1,20],[-26,-3],[-5,88],[-30,-18]],[[15486,56662],[16,-41],[61,41],[-20,37],[-46,-1],[-11,-36]],[[15416,56401],[-6,21],[6,-21]],[[15535,56888],[39,-22],[-1,57],[-38,-35]],[[15647,56802],[0,-1],[0,1]],[[15604,56995],[41,0],[-41,0]],[[15517,57391],[-45,81],[-49,-20],[32,-73],[-24,-40],[86,52]],[[15577,57337],[37,-16],[-37,16]],[[14988,57270],[5,-75],[22,-3],[-8,78],[-19,0]],[[14732,57161],[24,18],[-46,32],[-21,-63],[-22,-48],[65,61]],[[14755,57028],[-50,16],[16,33],[-47,6],[-26,-51],[-27,-64],[66,12],[17,48],[51,0]],[[14616,57056],[28,41],[1,29],[-59,-20],[-27,-79],[0,-61],[6,-37],[19,28],[32,99]],[[15157,57468],[53,-3],[-47,69],[-41,0],[35,-66]],[[15094,57271],[-28,0],[28,0]],[[15272,57777],[-17,41],[-7,-141],[24,100]],[[15029,57045],[18,33],[-22,11],[4,-44]],[[15106,57172],[-10,11],[-13,-12],[23,1]],[[16580,57711],[58,-72],[92,-59],[45,-42],[93,-27],[107,-40],[98,-50],[90,-80],[78,-22],[23,-122],[49,-70],[65,-98],[74,-92],[19,-17],[52,-43],[63,-10],[40,-15],[63,-2],[10,-4],[62,-20],[1,0],[80,-23],[117,-27],[-9,-25],[41,20],[62,-43],[15,-10],[142,-83],[64,-20]],[[17688,56219],[-15,38],[-43,-49],[-54,2]],[[17408,56339],[45,89],[17,36],[-31,21],[52,62],[-103,-26],[-54,3],[53,56],[-47,-39],[-78,29],[-73,-99],[2,1],[58,37],[27,-28],[26,36],[15,-91],[-48,-9],[-1,0]],[[17159,56457],[83,154],[-6,3],[-108,-145]],[[16824,56663],[15,31]],[[16164,56827],[22,11]],[[16690,57254],[-54,2],[-28,-87],[24,-11],[67,-21],[-4,-49],[35,12],[49,9],[21,15],[-1,59],[-37,-2],[-29,-12],[-18,74],[-25,11]],[[17219,56864],[41,27],[14,10],[-27,19],[58,48],[-19,12],[-34,12],[-6,-30],[-49,-95],[22,-3]],[[17327,56946],[-11,17],[-16,-38],[27,21]],[[17615,56825],[1,0],[-3,4],[2,-4]],[[17612,56369],[-8,-66],[71,-16],[-63,82]],[[18612,51114],[-106,31],[-42,-3],[-40,12],[-66,13],[-55,48],[-46,18],[-85,-6],[-56,-24],[-51,-47],[-12,-15],[0,-5],[5,-23],[4,-28],[10,-25],[9,-65],[5,-35],[163,-169],[45,-18],[41,-35],[2,-6],[53,-56],[26,-17],[57,-37],[76,-58],[10,-30],[25,-26],[35,-26],[20,-19],[30,43],[35,61],[31,39],[60,84],[52,95],[44,-7],[12,-14],[147,-349],[95,23],[103,39],[18,31],[42,59],[30,57]],[[19338,50624],[30,1],[-30,0]],[[19338,50625],[33,54],[31,59],[28,63],[76,13],[67,-56],[77,-75],[129,-169],[18,-75],[74,-34],[30,-106],[112,-46],[126,-134],[300,-161],[27,-127],[-4,-14]],[[20462,49817],[-134,3],[-11,-42],[47,-37],[199,-85],[-35,-10]],[[20528,49646],[-63,-30],[-39,-36],[-130,24],[-86,-40],[-95,-9],[-28,-6],[-46,-22],[-66,-14],[-104,11],[-139,-13],[-161,3],[-83,-11],[-94,-25],[-52,-89],[-9,-50]],[[19333,49339],[-52,47],[-12,18],[-97,34],[-115,-56],[-43,151],[21,91],[-37,79],[-66,151],[-3,54],[-14,120],[-78,81],[-36,-19],[-68,-39],[-38,-18],[-48,-24],[-14,-59],[-1,-2],[-70,-80]],[[18562,49868],[0,-1]],[[18562,49867],[-69,-57],[-10,-7],[-13,-10],[-65,-52],[-61,-60],[-45,-32],[-26,-27],[-6,-5],[-76,-30],[-62,-21],[-6,-73],[-14,-23],[-12,-12],[-10,-7],[-33,-29],[-62,-23],[-31,-34],[-7,-7],[-40,-45],[-11,-11],[-14,-8],[-6,-4],[-22,-16],[-12,-10],[-30,-34],[-22,-28],[-3,-3],[-9,-28],[-185,-42],[-62,-101],[-94,9],[-117,-68],[-43,-6],[-101,-20],[-38,-74],[-155,-36]],[[17055,49989],[13,0],[-13,1]],[[17332,50813],[70,8],[43,-31],[20,-6],[27,4],[7,80],[13,35],[39,40],[-3,53],[9,44],[-4,18],[6,43]],[[17551,52037],[130,-109],[95,-23],[2,1],[-28,128],[3,52],[73,1],[70,-51],[27,35]],[[17971,51570],[9,-5],[-9,6],[0,-1]],[[18025,50807],[0,2],[0,-2]],[[17554,50196],[3,-3],[-3,3]],[[17523,50047],[-5,-3],[1,0],[4,3]],[[17651,49961],[2,-7],[1,0],[-3,7]],[[18969,50235],[-3,4]],[[18966,50239],[3,-4]],[[18562,49867],[5,-2],[-5,3]],[[19333,49339],[2,-94],[113,-117],[78,-115],[126,-31],[59,-75],[-19,-130],[55,-148],[195,-238],[-134,-6],[-96,-100],[-1,-120],[22,-32],[46,16],[-6,-93],[35,-93],[72,-62],[-103,-63],[31,-68],[-65,-77],[-8,-57],[24,-46],[-1,-60],[24,-24],[-16,-75],[3,-148],[-38,12],[-35,-49],[13,-56],[168,-169],[50,-59]],[[19927,46962],[-434,165],[-27,18],[-71,51],[-95,56],[-81,21],[-24,8],[-26,6],[-14,9],[-30,7],[-39,36],[-34,79]],[[19052,47418],[53,70],[-53,-70]],[[19052,47418],[-199,50],[-144,57],[-120,-74],[28,-275]],[[18048,47629],[39,60],[-40,-60]],[[17991,47634],[11,15],[-12,-15]],[[17563,48149],[48,13],[-48,-13]],[[18490,48320],[38,-2]],[[18528,48318],[-38,2]],[[19702,48135],[-119,-446],[119,446]],[[19171,47658],[-24,-22],[24,22]],[[20650,52762],[-6,-166],[-104,-187],[-56,-203],[-26,-152],[2,-147],[-6,-78],[0,-8],[-2,-38],[-2,-56],[-1,-94],[-8,-144],[-74,-56],[-46,-126],[-6,-97],[21,-91],[47,-38],[222,-36],[2,-19],[-7,-159],[-41,-91],[-12,-9],[-71,-130],[270,-45],[42,-15],[24,29],[19,-46],[-4,-68],[-24,-54],[39,-86],[-42,-94],[30,-82],[27,5],[-7,-58],[28,-255],[-42,-95],[-108,-21],[-239,-1],[-27,66]],[[19338,50625],[0,-1]],[[18358,54513],[187,168]],[[19175,55339],[39,-84],[-3,-174],[-12,-135],[-18,-29],[-34,19],[-10,-53],[-92,-167],[72,-95],[75,6],[5,86],[61,103],[95,64],[72,-10]],[[19522,54109],[-5,-8]],[[18331,52482],[-3,-10]],[[18276,52462],[-30,-32]],[[18239,52418],[-24,-13]],[[17383,52286],[-38,123],[-57,-5]],[[8763,49712],[160,100],[31,53],[6,69],[-58,68],[15,56],[54,21],[68,-48],[24,-78],[47,1],[-23,-9],[32,-32],[30,-3],[46,16],[28,67],[60,-123],[-14,-13],[52,-55],[39,-6],[76,35],[54,-16],[22,-48],[10,-49],[57,-34],[12,-40],[33,-38]],[[9624,49606],[-97,-102],[-28,-80],[-42,-26],[-29,-100],[72,-141],[22,-26],[-1,0],[11,-36],[49,-86]],[[9499,48522],[-42,-36],[-31,-21],[-5,-56],[40,-33],[3,-13],[1,-2],[27,-52],[7,-29],[-44,-22],[-24,20],[-35,41],[-33,48],[-29,19],[12,-91],[-60,-18]],[[9286,48277],[-124,4]],[[9162,48281],[-34,-10],[-92,-47]],[[9036,48224],[-100,162],[-54,102],[-31,47],[-46,50],[-55,-3],[21,40],[-29,53],[-102,104],[-39,-4],[22,94],[-52,37],[0,39],[-43,11],[124,138],[-41,3],[-181,-67],[-27,26],[-13,14],[-47,81],[-83,115],[-38,66],[-44,51],[-45,43],[-3,82],[-25,7],[35,114],[95,-68],[43,-22],[-22,-34],[61,4],[17,28],[-43,10],[44,37],[21,-33],[64,-32],[-34,-94],[8,-8],[2,2],[117,47],[-1,33],[94,10],[7,-50],[64,-53],[17,-18],[91,37],[-9,156],[-64,51],[17,77],[34,3]],[[9130,49656],[54,-47],[-12,-27],[12,27],[-54,47]],[[8981,49732],[8,-18],[-7,17],[-1,1]],[[9095,49845],[20,-7],[-10,4],[-10,3]],[[9207,48828],[1,1],[-1,-1]],[[9044,49073],[0,1],[-10,4],[10,-5]],[[8955,49225],[2,16]],[[8957,49241],[-2,-16]],[[9725,47708],[0,-1]],[[9716,47455],[-70,53],[-74,33],[11,49],[-36,27],[-40,17],[-59,34],[-49,5],[-124,5],[-9,66],[-27,43],[-48,-5],[-12,53],[-23,75],[-31,97],[-14,44],[-25,60],[-22,55],[-28,58]],[[9162,48281],[31,-64],[101,35]],[[9294,48252],[-8,25]],[[9599,47944],[3,-2],[1,0],[-4,2]],[[8833,47292],[31,42],[32,-28],[-63,-14]],[[8913,47195],[-1,73],[47,6],[8,-40],[28,-29],[1,-55],[-52,23],[-31,22]],[[8914,47339],[-26,30],[18,19],[37,14],[38,-21],[-25,-6],[-9,-10],[-16,-11],[-17,-15]],[[9327,47861],[0,1],[-4,2],[4,-3]],[[9399,47997],[0,-1],[2,1],[-2,0]],[[9294,48252],[1,1],[-1,-1]],[[9504,48066],[1,1],[-1,-1]],[[9740,48208],[-1,0],[-1,0],[2,0]],[[9688,48198],[7,-4],[28,5],[-35,-1]],[[14056,58464],[25,-1],[-5,16],[-7,30]],[[14069,58509],[98,-12]],[[14355,58333],[-1,-27],[-41,-34],[30,-14],[-38,-37],[-7,-80],[-26,2],[11,-43],[24,-1]],[[14079,57995],[-53,17]],[[14026,58012],[11,-44],[-49,-57]],[[13932,57938],[1,2],[0,1]],[[14167,58501],[-98,8]],[[14069,58509],[-16,47],[-10,38],[-14,25]],[[14212,59101],[-43,-28],[1,-17],[51,-27]],[[14207,58230],[-4,0],[4,0]],[[14026,58012],[-4,2]],[[14022,58014],[4,-2]],[[14022,58014],[8,12],[-8,-12]],[[14009,58103],[1,0],[0,4]],[[14010,58107],[-1,-4]],[[14100,58831],[1,-2]],[[14101,58829],[-1,2]],[[14302,58317],[1,0],[-1,1],[0,-1]],[[14126,58226],[-2,0],[2,0]],[[14048,58220],[2,1],[-2,0],[0,-1]],[[14175,58331],[0,-5],[1,-1],[-1,6]],[[13955,58160],[0,-1],[0,1]],[[14010,58107],[-2,0],[2,0]],[[15673,55756],[1,0]],[[15646,55810],[-2,2],[0,-1],[2,-1]],[[15653,55828],[10,1]],[[15663,55829],[-10,-1]],[[15680,55934],[-1,0],[1,0]],[[15586,55906],[0,1],[-1,-1],[1,0]],[[14567,50802],[-11,16],[-15,11],[-11,4],[-4,15],[-7,8],[-14,17],[-22,3],[-4,10],[-9,4],[-9,52]],[[18495,55805],[1,0]],[[18294,55684],[-3,3]],[[18341,55805],[0,-6],[1,6]],[[13481,58456],[0,-1],[11,0]],[[13317,58405],[0,-1],[0,1]],[[13312,58529],[7,8]],[[13410,58545],[0,-1],[5,0],[-5,1]],[[13369,58337],[1,-1]],[[13370,58336],[-1,1]],[[13377,58361],[1,1]],[[13378,58362],[-1,-1]],[[13272,58364],[3,0],[-2,1],[-1,-1]],[[15852,57249],[5,0],[-5,0]],[[15803,57277],[14,19]],[[15958,57164],[-16,-8]],[[15889,57044],[-57,68],[-4,2]],[[16019,57227],[2,-1],[-3,2],[0,-1],[1,0]],[[16009,57240],[0,1],[-1,0],[1,-1]],[[16710,49157],[-11,0]],[[16451,49404],[-4,0],[0,-1],[4,1]],[[16328,49675],[1,0],[-1,2],[0,-2]],[[10010,49067],[23,-20],[36,-55],[14,-54],[47,-55],[3,-25],[56,-41],[22,-14],[17,-21],[7,-16],[4,-37],[-1,-13],[6,-40],[5,-10],[15,-23],[15,-19]],[[10111,48359],[0,-1],[10,8]],[[9624,49606],[73,-14],[5,-127],[126,-137],[37,-43],[18,-20],[24,-25],[28,-29],[8,-29],[22,-75],[11,-25],[34,-15]],[[9925,48872],[-3,-2],[3,2]],[[9877,49136],[1,0],[-1,0]],[[9754,49171],[-12,13],[12,-13]],[[22807,35503],[-30,109],[26,20],[16,18],[-10,33],[-52,-9],[-30,65],[-1,15],[-35,-37],[49,-62],[23,-122],[44,-30]],[[23671,36227],[-6,-56],[137,-119],[83,-82],[28,-133]],[[23913,35837],[0,-1],[0,-1]],[[23913,35835],[5,-7],[39,-66],[18,-30],[11,-19],[24,-40],[35,-60]],[[24045,35613],[75,-124],[29,-120],[9,-77],[10,-85],[11,-94],[12,-98],[14,-126],[0,-19]],[[24205,34870],[3,-71],[10,-36]],[[24218,34763],[-115,-144],[-75,-37],[2,-82],[-178,-102],[-154,-78],[-14,-1],[-99,-83],[-96,-71],[-13,-9],[-52,-38],[-34,-24],[-6,-5],[-47,-34],[-94,-69],[-44,-31]],[[23199,33955],[-102,163],[-405,439],[-50,230],[-23,118],[-193,272],[-7,103],[58,72],[139,192],[32,162],[-30,171],[89,13],[-48,82],[-50,-43],[-1,115],[-8,56],[-51,148],[-48,89],[-46,71],[-123,141],[-110,149],[-63,131],[-51,79],[-55,74],[-58,73],[-101,177],[37,1],[67,30],[-84,146],[-32,151],[-17,-38],[-44,-74],[-89,-43],[-32,157],[2,38],[103,44],[12,36],[-33,80],[-126,-43],[-18,88],[12,65],[-37,33],[-64,7],[5,92],[98,86],[-32,50],[35,96],[23,52],[-22,124],[144,1],[43,94],[-6,0],[-191,31],[-142,-96],[-36,39],[-41,11],[8,44],[-47,58],[-79,52],[71,55],[5,19],[-2,13],[-76,-1],[-27,-25],[-14,-15],[12,-51],[-104,41],[-5,35],[-13,10],[-40,-15],[-70,65]],[[21048,38775],[-25,77],[-12,47],[-112,131],[-3,65],[-45,-16],[-37,48],[156,42],[27,136],[-23,8],[-38,-13],[-12,41],[-70,26],[13,110],[-36,40],[65,112]],[[20896,39629],[141,148],[5,22],[68,80],[88,14],[77,67],[40,97]],[[21315,40057],[61,-122],[20,-227],[109,-118],[124,48],[45,-169],[126,-11]],[[21800,39458],[-51,-95],[51,95]],[[21800,39458],[41,13],[110,51],[77,-23],[44,-69],[15,-15],[4,-147],[73,-36],[72,11],[83,-140],[11,-19],[-10,-85],[41,-58],[-21,-89],[-11,-67],[61,-59],[25,29],[64,-96],[75,35],[76,-95]],[[22630,38599],[77,-37],[-15,-47],[72,-128],[-65,-49],[41,-43],[65,-43],[80,-63],[-16,-60],[-12,-100]],[[22857,38029],[2,-6]],[[22859,38023],[61,-41],[73,-29],[29,-32],[-2,-27],[46,-132],[73,-91],[52,-60],[-26,-95],[1,-23],[60,-79],[60,-37],[68,-38],[13,-93],[117,-51],[4,0],[132,-57],[1,-2]],[[23621,37136],[0,-85],[0,-61],[8,-133],[-19,-36],[49,-71],[3,-55],[39,-27],[6,-13],[15,-97],[81,-127],[-55,-123],[-87,-43],[10,-38]],[[21703,38143],[-16,-9]],[[21687,38134],[16,9]],[[21506,37998],[-95,118],[87,75],[-94,42],[50,68],[79,-96],[-6,-86],[24,-8],[-45,-113]],[[21040,39348],[-6,4]],[[21034,39352],[6,-4]],[[22600,36269],[35,15],[26,11],[-45,50],[-62,1],[-4,-5],[50,-72]],[[22900,35816],[0,-4],[0,4]],[[21315,40057],[73,135],[32,62],[5,18],[-5,41],[-26,36],[-47,116],[-44,24],[18,54],[25,84]],[[21346,40627],[64,-16],[316,87],[-5,-25],[35,-12],[65,-17],[45,25],[-3,35],[-22,22],[-10,9],[1,7],[14,75],[52,55],[7,30],[-78,26],[-64,-12],[-39,-10],[-37,-77],[-22,-23],[-14,-6],[-204,-59],[-25,-53],[3,34],[-92,-71]],[[21333,40651],[-125,81],[-14,55],[-12,73],[-65,11],[-34,15],[3,64],[-84,22]],[[21002,40972],[7,15],[-60,96],[-2,149],[-41,27]],[[20906,41259],[-1,1]],[[20905,41260],[213,-7],[134,94]],[[21252,41347],[106,-134],[45,-2],[3,-53],[52,-58],[87,20],[5,52],[-35,86],[-64,198]],[[21451,41456],[3,2],[122,225],[33,-31],[39,31],[41,34],[101,30],[72,-4],[0,-71],[81,-3],[33,-75]],[[21976,41594],[-1,-1],[-25,-96],[10,-75],[-22,-31],[-11,-34],[11,-76],[49,-35],[-22,-65],[-5,-63],[-24,-85],[-4,-42],[102,-33],[23,34],[14,4],[24,-5],[31,1],[3,0],[0,-2],[30,-45],[90,-70],[31,-47],[60,-27],[41,7]],[[22381,40808],[81,-53],[68,15],[63,-72],[84,-111],[117,69],[27,4],[101,-84],[67,-46],[92,-41],[27,-105],[84,-31],[84,7],[72,-195],[30,-74],[-63,-98],[66,-54],[85,13],[149,43],[73,61],[149,27]],[[23837,40083],[32,-6],[19,-114],[-47,-28],[2,-102],[-42,-78],[-125,-10],[64,-97],[24,-173]],[[23764,39475],[32,-129],[75,-104],[60,-17],[131,-198],[-63,-134]],[[23999,38893],[-147,79],[-92,0],[-72,129],[-77,27],[-138,155],[-134,66],[-241,-9],[88,-132],[11,-132],[-17,-101],[-105,-138],[-181,-100]],[[22894,38737],[-12,9]],[[22882,38746],[-123,-30],[-129,-117]],[[22153,39542],[82,-55],[12,86],[-111,79],[-76,-26],[93,-84]],[[22063,40175],[4,-5],[-12,12],[8,-7]],[[22113,39742],[1,139],[-69,46],[-35,-27],[4,-58],[99,-100]],[[22381,40808],[42,28],[-46,87],[-23,74],[-11,15],[-1,92],[-3,32],[-2,17],[-2,20],[-35,42],[48,55],[20,116],[3,20],[14,58],[-44,46],[47,50],[-61,72]],[[22327,41632],[90,109],[62,2],[53,47],[-39,122],[-89,17],[15,79],[14,57],[-32,46],[27,72],[10,13],[19,63],[21,72],[-17,93],[-31,62]],[[22430,42486],[0,3]],[[22430,42489],[34,8],[45,37]],[[22509,42534],[54,28],[55,-27],[118,18],[66,63],[154,25],[52,-6],[126,-37],[136,-157]],[[23270,42441],[7,-78],[-62,-43],[155,-411],[88,-64],[94,31],[82,-97],[128,-47],[154,-218],[84,-39],[2,0],[90,-93],[108,20],[103,-30],[168,-171],[26,16],[-8,-52],[50,-44],[55,-43],[2,0],[102,-55],[15,-47],[52,-62],[85,-82],[120,-74],[60,-93]],[[25030,40665],[-104,-117]],[[24926,40548],[-110,-22]],[[24816,40526],[-63,-132],[-69,-67],[33,-30],[-16,-96],[72,-37],[-138,-43],[-125,14],[-36,56],[6,-97],[-59,-42],[-22,37],[-51,-11],[-169,9],[-174,78],[-84,86],[-57,11],[-27,-179]],[[20824,41635],[-50,-3],[-38,91],[-19,69],[32,116]],[[20749,41908],[176,-3],[-12,33]],[[20913,41938],[-1,1],[0,60],[5,29],[-2,4],[-30,21],[-66,1],[-17,17]],[[20802,42071],[-8,15],[-23,-9]],[[20771,42077],[-1,-26],[-23,-1],[-90,-62],[19,-21]],[[20676,41967],[2,-21]],[[20678,41946],[-158,-8],[-60,120],[-8,68],[6,49]],[[20458,42175],[35,79],[24,22],[5,42],[5,6],[20,-1],[224,29],[65,-22],[132,-2],[39,-2],[17,5],[17,-1],[4,0],[20,22],[0,1],[26,42],[5,54],[21,37],[30,32],[79,179],[85,74]],[[21311,42771],[59,-9],[83,1],[30,-40],[-13,-37],[26,-40],[5,-2],[61,-5],[6,-70],[13,-80],[67,-6],[93,0],[65,16],[16,50],[-3,18],[12,14],[14,12],[30,-5],[20,-4],[2,-7],[18,-32],[18,-11],[20,-4],[50,-20],[47,-27],[113,-56],[73,26],[16,54],[178,-21]],[[22327,41632],[-49,60],[-19,-48],[-33,14],[-52,4],[-42,-13],[-10,0],[-66,21],[-80,-76]],[[21451,41456],[-104,208],[-31,28],[-79,5],[-69,54],[-60,-40],[10,-59],[40,-133],[94,-172]],[[20905,41260],[-2,80],[-213,62],[90,30],[75,79],[-4,64]],[[20851,41575],[53,33],[-54,-33]],[[20850,41575],[-26,60]],[[21097,42035],[0,-1],[37,12],[-37,-11]],[[21357,42101],[0,1],[-18,3],[18,-4]],[[21356,42106],[-5,31]],[[21351,42137],[5,-31]],[[20300,41177],[40,-25],[-58,-101],[71,-4],[21,26],[89,-38],[183,-16],[209,-103]],[[20855,40916],[-164,-101],[-160,-134]],[[20531,40681],[-74,-10]],[[20457,40671],[-4,-1]],[[20453,40670],[-27,-5]],[[20426,40665],[-27,-2],[-37,-1],[7,-34]],[[20369,40628],[-264,310],[-91,79],[-124,127],[21,21],[-59,21]],[[19852,41186],[-22,38],[40,59],[33,-4],[-4,32]],[[19899,41311],[103,-58],[-16,-40],[43,-4],[24,79],[-29,-4],[15,61],[15,-53],[19,24],[-1,64],[-25,6],[-58,-8],[-59,45]],[[19930,41423],[-18,39],[-5,17],[-11,11],[-15,-14],[-1,1],[-24,35],[-17,-7],[-31,29],[-2,18],[11,49],[-52,3]],[[19765,41604],[-17,-3]],[[19748,41601],[-5,8]],[[19743,41609],[15,34]],[[19758,41643],[-7,43],[-14,10],[-18,-18],[-1,-1]],[[19718,41677],[-1,-1]],[[19717,41676],[-22,-8],[-44,-16],[-12,-10],[-53,-24]],[[19586,41618],[-6,13],[-39,69],[-139,158],[-44,45],[-39,58],[-172,131],[-61,63],[72,100]],[[19158,42255],[0,9],[21,46],[55,-9],[-20,68],[-33,58],[28,26],[202,-18],[39,60],[31,67],[93,32],[51,-30],[41,3],[76,60],[74,-99],[25,-107],[-2,-62],[74,-95],[57,-29],[105,-3],[-5,-69],[88,-66],[31,-76],[15,-4],[11,1]],[[20215,42018],[0,-1]],[[20215,42017],[12,-4],[113,31],[118,131]],[[20678,41946],[71,-38]],[[20850,41575],[1,0]],[[20906,41259],[-100,-62],[-174,29],[-137,61]],[[20495,41287],[-38,-37],[-68,53],[-46,-23],[-43,-103]],[[20495,41287],[39,52],[-62,-39],[23,-13]],[[20454,41145],[-17,-82],[-61,56],[78,26]],[[19748,41826],[-1,-2],[1,1],[0,1]],[[19417,41967],[0,1],[-3,-12],[3,11]],[[19158,42255],[-109,37],[-157,180],[-28,-35],[-64,80],[-265,173],[-61,148],[-22,179],[-118,194]],[[18334,43211],[142,-22],[170,52],[257,3],[109,69],[119,29],[103,-24],[16,32],[43,154],[87,65]],[[19380,43569],[128,-12],[136,36],[64,-66],[140,-61],[37,32],[113,53],[153,94],[58,-7],[37,91],[13,28]],[[20259,43757],[66,-36],[79,-48],[58,38],[60,-122],[90,-37],[-15,-32],[11,-6],[69,-77],[8,-69],[17,-56],[69,-45],[168,-62],[13,-50],[6,-53],[90,-79],[17,-8],[71,-39],[108,-67],[59,-24]],[[21303,42885],[22,-37]],[[21325,42848],[-14,-77]],[[20215,42017],[0,1]],[[19207,42540],[10,75],[-15,74],[-59,-52],[4,-55],[60,-42]],[[18962,42998],[15,-68],[78,-35],[108,30],[-127,104],[-39,8],[-35,-39]],[[19870,42679],[6,-177],[79,-25],[-66,-14],[3,-146],[149,-36],[40,117],[-20,51],[28,113],[9,196],[-85,119],[-29,2],[-69,-22],[-31,-20],[-71,-112],[57,-46]],[[20243,42486],[1,-4],[21,-4],[-22,8]],[[20079,42928],[66,-63],[77,34],[80,38],[-142,75],[-81,-84]],[[20551,42799],[-26,-24],[30,-47],[18,-20],[48,-36],[7,-20],[18,-5],[4,-12],[3,-12],[12,-9],[9,-11],[37,-3],[37,-8]],[[20748,42592],[32,6],[24,21],[-2,11],[-3,6],[-9,10],[-21,33],[6,17],[-3,22],[-18,17],[-16,20],[-24,-3],[-86,2],[-77,45]],[[20210,43303],[-117,71],[16,-184],[-79,-123],[71,-6],[58,39],[51,203]],[[20259,43757],[-10,61],[180,69],[48,122],[61,46],[5,13],[-82,170],[46,259],[90,123],[-73,156],[-2,134],[-64,87],[-8,139],[77,170],[-128,181]],[[20399,45487],[74,26],[124,-70],[57,37],[37,-22],[176,140],[55,-27]],[[20922,45571],[115,-79],[22,37],[45,-24],[62,-143],[31,-22],[82,-59],[41,-46],[-24,-61],[77,-58],[93,-93],[61,-47],[13,-9],[54,-69],[51,-68],[32,-55],[107,-79],[89,-48],[81,235],[53,-29],[84,-11],[95,3],[44,58],[115,26],[124,-91],[42,-117],[0,-177],[-34,-84],[-64,9],[-66,-58],[-59,-2],[-4,-85],[-46,-15],[102,-215],[122,70],[74,-87],[-29,-72],[14,-110],[-73,-60],[-11,-74],[-55,-29],[-115,118],[-67,-48],[-69,-86],[-12,-114],[59,-170],[-12,-96],[46,-89],[-19,-203],[38,-21],[80,-79],[31,-25],[17,-113],[131,-90],[7,-148],[12,-35]],[[22430,42489],[0,-3]],[[21325,42848],[104,35],[-64,52],[-62,-50]],[[21156,43603],[15,-97],[54,-3],[41,95]],[[21266,43598],[-110,5]],[[21601,43112],[-34,11],[-69,-33],[-1,-12],[1,-26],[52,-28],[8,-7],[-43,-55],[-26,-35],[-8,-6],[50,-31],[18,-39],[5,-18],[33,-23],[36,-14],[14,3],[49,20],[66,-21],[-11,74],[36,43],[45,5],[15,32],[23,16],[-5,33],[6,34],[30,-6],[-4,36],[-27,35],[2,19],[-54,14],[-10,14],[-34,-2],[-32,6],[-46,-5],[1,-20],[-10,-8],[-36,-1],[-40,-5]],[[21589,43255],[-1,1],[-5,0],[6,-1]],[[19380,43569],[-27,94],[68,96],[-108,77],[-34,78],[-139,103],[-64,115],[94,82],[42,40],[76,228],[-5,116],[32,129],[38,123],[-14,72],[-24,19],[-31,58],[-88,32],[-86,-21],[-65,57]],[[19045,45067],[-123,108],[-57,-10],[0,-49]],[[18865,45116],[-162,-50],[-149,64],[-13,-15],[-101,-22],[-30,89],[-74,-43],[-45,30],[-12,75],[90,91],[-130,104],[26,51],[95,17],[14,69],[144,-21]],[[18518,45555],[307,-198],[54,-104],[97,-2],[45,9],[-16,37],[130,289],[88,65],[-40,120],[-39,-10],[-53,46],[-172,36]],[[19927,46962],[57,-2],[15,-42],[54,-71],[31,28],[76,-34],[8,-220],[-153,-145],[-71,-120],[-5,-29],[-21,-129],[24,-45],[149,-25],[66,-68],[-1,-12],[-85,-89],[101,-94],[-17,-63],[89,-118],[-21,-15],[94,-135],[82,-47]],[[19820,43615],[2,3],[-8,2],[6,-5]],[[19703,32519],[-65,-11],[-49,37],[-69,-48],[-99,106],[-35,-29],[5,-117],[-82,3],[-90,75],[66,14],[15,37],[-81,95],[176,121],[194,-136],[114,-147]],[[18506,34658],[136,-135],[-12,-45],[74,-145],[-10,-74],[-70,29],[-18,126],[-167,-17],[-22,67],[48,100],[-29,71],[-342,155],[-78,-17],[-41,29],[-38,106],[-85,77],[11,84],[-129,66],[-53,71],[82,256],[42,168],[55,60],[178,-121],[45,-74],[55,-261],[-22,-15],[55,-44],[-21,-33],[61,-19],[-4,-65],[56,-99],[121,-109],[4,-145],[74,9],[44,-56]],[[15676,37822],[219,61],[98,-220],[139,-106],[-378,-60],[74,-98],[207,-150],[-296,-35],[-264,131],[-189,-433],[-411,258],[-54,127],[-140,115],[47,105],[-79,152],[-52,136],[-468,692],[-178,236],[-1,102],[-126,137],[-30,113],[73,65],[159,389],[27,427],[85,84],[137,60],[81,-61],[222,12],[100,67],[169,31],[103,97],[58,-6],[4,-127],[-32,56],[-22,-34],[27,-41],[30,16],[-25,-98],[-119,-164],[-446,-76],[108,-215],[177,-224],[15,-86],[128,-13],[100,2],[68,67],[113,194],[22,-124],[124,-146],[88,85],[24,-98],[87,-72],[39,-92],[-67,-60],[126,-49],[53,-125],[-20,-45],[-48,8],[46,-63],[-53,-18],[70,-41],[13,49],[34,-12],[61,-218],[-100,-44],[-75,-88],[-239,-33],[230,-192],[104,-234],[23,-73]],[[17626,35528],[-98,0],[0,58],[91,16],[130,15],[0,-58],[0,-80],[-123,0],[0,49]],[[20089,32894],[-69,-56],[-106,-15],[-105,116],[-169,96],[4,176],[55,188],[202,-124],[188,-381]],[[24687,39211],[9,113],[123,212],[2,121],[56,58],[2,105],[-36,29],[-84,11],[-33,-86],[-104,-66],[-151,3],[-32,-16],[0,-93],[32,-245],[-158,-55],[-189,19],[-112,-42],[-143,173],[-105,23]],[[24816,40526],[139,-130],[65,26],[12,42],[-9,39],[-97,45]],[[25030,40665],[43,-20],[120,-22],[82,-74],[135,-5],[92,45],[78,-22],[18,3],[47,5],[73,-57],[45,-97],[60,-23],[45,28],[6,-46],[1,-106],[-83,-160],[70,-19],[94,-37],[14,-13],[71,-59],[167,26],[134,-53]],[[26342,39959],[-44,-57],[4,-121],[-3,-28],[12,-123],[6,-119],[40,-69],[32,-6],[1,41],[75,-41],[44,75],[64,-38],[-32,-129]],[[26541,39344],[-37,-25],[-102,-141],[-34,-45],[-19,-24],[-43,-56],[-40,-55],[-77,3],[-8,-8],[-54,-56],[-67,-3],[-3,0],[-63,4],[-16,-1],[-69,-19],[-26,-89],[-32,-45],[-2,-3],[-42,-65],[29,-80],[28,-56],[14,-38],[9,-19],[30,-60],[-29,-75],[-73,-77],[11,-49],[75,-73],[15,-64],[-168,-200],[-48,-85],[-69,-51]],[[25631,37789],[0,-1]],[[25631,37788],[-46,-39],[-22,-25],[-264,-190],[-125,-130],[-118,-244],[-81,23],[-172,-85]],[[24803,37098],[-31,65]],[[24772,37163],[15,155],[79,88],[131,150],[83,30],[34,133],[66,79],[23,42],[-54,97],[77,53],[54,111],[77,-12],[88,36],[162,146],[105,55],[-198,129],[-131,122],[-142,2],[-136,-50],[37,136],[-135,46],[-38,18],[-12,5],[-35,23],[-2,86],[-42,23],[-43,129],[21,42],[-57,14],[-96,96],[-16,64]],[[25926,39572],[64,-51],[4,53],[-20,122],[-37,52],[-72,7],[-27,-69],[88,-114]],[[26038,39672],[60,2],[-35,48],[-51,19],[-24,-10],[33,-39],[17,-20]],[[24354,37087],[-34,-11],[-35,3],[-54,9],[-49,5],[-33,0],[-48,-30],[-58,-37],[-31,-46],[-79,1],[-50,40],[-38,147],[-79,-134],[-145,102]],[[22859,38023],[-1,5],[-1,1]],[[22882,38746],[12,-9]],[[22894,38737],[73,-214],[93,-144],[39,13],[254,-133],[69,-12],[114,46],[351,188],[29,76],[5,177],[59,48],[19,111]],[[24772,37163],[-1,0],[-66,26],[-54,-71],[-239,12],[-13,-30],[-44,-12],[-1,-1]],[[23315,37787],[-3,4],[3,-4]],[[23884,38302],[45,-52],[323,-85],[156,-92],[60,32],[14,80]],[[24482,38185],[-17,2],[-570,215],[-11,-100]],[[24482,38185],[2,0],[-2,0]],[[17991,45792],[-2,-50],[2,50]],[[18537,45743],[40,-130],[-59,-58]],[[18865,45116],[180,-49]],[[18334,43211],[-86,107],[89,-11],[94,140],[-8,65],[121,170],[-93,201]],[[18451,43883],[-138,-89],[-60,-47],[-216,158],[-146,159],[-420,237],[-197,93],[-169,71],[111,98],[-59,116],[31,233],[-179,328],[-174,-20],[-24,89],[-105,123]],[[17632,45966],[6,0]],[[18451,43883],[0,1],[0,-1]],[[20596,40012],[-2,17],[8,13],[-2,35],[-3,36],[-7,49],[1,15],[-1,17],[-6,18],[-10,26],[-4,30],[-3,52],[-29,73],[-14,33],[29,15],[-52,75],[-46,44],[-86,68]],[[20426,40665],[27,5]],[[20457,40671],[23,-34],[38,-111],[30,-23],[-2,38],[50,-10],[13,33],[-78,117]],[[20855,40916],[107,38],[40,18]],[[21333,40651],[13,-24]],[[20896,39629],[-62,0],[-26,48],[26,27],[-37,47],[-19,18],[-76,-51],[47,126],[-46,67],[-29,41],[-20,24],[-58,36]],[[20712,40091],[-2,-3]],[[20710,40088],[2,3]],[[20736,40066],[-1,-1],[1,1]],[[20692,40169],[1,-1],[0,1],[-1,0]],[[20854,40092],[1,2],[0,-1],[-1,-1]],[[20825,40055],[5,-1],[-5,2],[0,-1]],[[20706,40223],[3,0],[-3,1],[0,-1]],[[20682,40258],[-8,-7],[3,2],[5,5]],[[20706,40500],[-1,0],[0,-1],[1,1]],[[22097,41104],[1,1],[-2,-1],[1,0]],[[22200,41249],[1,0],[-3,1],[2,-1]],[[22131,41247],[1,2],[-1,1],[0,-3]],[[22195,41479],[-4,-1],[4,0],[0,1]],[[20913,41938],[-42,19],[-4,-2],[-60,15],[-6,0],[-53,-20],[-72,17]],[[21610,43043],[1,2],[-5,-5],[4,3]],[[21744,43056],[2,2],[-1,-1],[-1,-1]],[[21719,43061],[-1,3],[1,-3]],[[21740,42951],[0,3],[-1,-1],[1,-2]],[[19702,41370],[-12,24],[-16,54],[-15,32],[-11,24],[-16,30],[-15,21],[-13,21],[-9,22],[-9,20]],[[19717,41676],[1,1]],[[19758,41643],[-31,2],[16,-36]],[[19748,41601],[-20,-16],[-19,-32],[29,2],[1,1],[26,48]],[[19930,41423],[-20,-6],[-2,-17],[1,-45],[-2,-4],[-3,-25],[-5,-15]],[[19852,41186],[-32,33],[-35,38],[-50,44],[24,26],[-4,4],[-24,13],[-26,24],[-3,2]],[[19708,41402],[-1,-2],[1,1],[0,1]],[[24596,45638],[34,9],[20,-13],[135,-49],[-2,27],[24,-15],[39,-28],[3,67],[10,6],[101,83],[109,-40],[1,1],[190,-59],[50,-25],[26,118]],[[25336,45720],[53,-103],[57,-83],[46,-55],[148,-21],[102,-13],[34,-12],[-110,-250],[80,-104],[10,-87],[-2,-10],[-237,-6],[-155,-5],[-23,-53],[-36,-130],[49,-82],[35,11],[20,-43],[-50,-174],[-42,-396],[-125,-75],[-33,-164]],[[25157,43865],[-416,787],[-94,-23],[10,-37],[-105,-35],[-39,-34],[-12,-130],[93,-225],[159,-193],[69,-262],[95,-168],[88,-58]],[[25005,43487],[-26,1],[-50,-111],[-69,9],[-54,72],[-107,141],[-60,-101],[-13,-115],[-54,-5],[-33,-79],[-83,165],[-103,63],[-34,145],[-32,17],[17,36],[-36,22],[-54,92],[-16,35],[-41,-5],[-6,-6]],[[24151,43863],[-1,-1],[-1,-1]],[[24149,43861],[-45,-130],[-88,-78],[-46,-64],[-5,-37],[-32,-21],[-71,-114],[-2,-8],[43,-103],[-9,-145],[-47,-58],[-57,-115],[9,-19],[-20,-25],[-46,21],[-8,-67],[32,-43],[-33,-45],[-39,-43],[-33,-91],[5,-24],[9,-61],[-14,-61],[-56,-71],[-35,-123],[-41,14],[-225,34],[-25,57]],[[20922,45571],[49,5],[114,130],[135,27],[205,278],[26,20],[130,-92],[75,-90],[17,-20],[18,-24],[127,-127],[58,-47],[102,-118],[8,-3],[127,-98],[84,37],[33,11],[9,-56],[143,-89],[105,87],[9,231],[-3,108],[-42,108],[-40,97],[-102,136],[-83,-67],[-96,63],[-23,22],[-98,66],[-24,16],[-143,119],[-82,89],[-119,120],[-104,195],[243,183],[83,131],[31,52],[22,50],[34,28],[-33,45],[250,117],[160,183],[167,209],[148,187],[59,75],[49,62]],[[22750,48027],[289,-164],[79,-46]],[[23118,47817],[35,-19]],[[23153,47798],[404,-231],[136,-78],[147,-83],[127,-72],[120,-68]],[[24087,47266],[36,-21],[47,-26],[126,-111],[36,23],[77,-36],[-1,-13],[-37,-251],[-53,-92],[12,-46],[247,-139]],[[24577,46554],[-7,-66],[-69,-53],[-35,-32],[-34,-28],[-57,-78],[67,-88],[99,-69],[5,26],[18,-47],[-17,-42],[-29,-41],[0,-139],[-50,-25],[30,-101],[4,-25],[0,-3],[16,-113],[78,8]],[[23501,45333],[14,-2]],[[23515,45331],[16,-2],[-16,2]],[[23515,45331],[-14,2]],[[23446,45388],[-12,7]],[[23434,45395],[12,-7]],[[23772,45330],[1,1]],[[23773,45331],[-1,-1]],[[24155,45269],[1,0],[0,4],[-1,-4]],[[22566,45254],[-3,-19],[8,17],[-5,2]],[[24900,44983],[-54,-72],[54,72]],[[23739,46903],[-1,-149],[1,149],[111,23],[-111,-23]],[[23124,47104],[55,0],[-1,18],[-54,-18]],[[23928,44819],[0,-1],[131,0],[-131,1]],[[24065,44799],[9,5],[-9,-4],[0,-1]],[[29112,44226],[26,18],[185,64],[45,1],[154,3],[80,3],[71,2],[52,1]],[[29725,44318],[43,1]],[[29768,44319],[-1,-887],[0,-517],[0,-821],[10,-63],[-40,-45],[-69,29],[-3,-42],[-12,-240],[-83,-207],[-9,-52],[13,-274],[-84,-70],[-25,-143],[0,-75],[-1,-193],[0,-13],[-18,-87],[-217,-260],[-64,-610],[-25,-225]],[[29140,39524],[-147,42],[-78,-15],[-98,48],[-50,106],[-63,78],[-45,-25],[-188,20],[-28,84],[42,49],[-110,93],[-122,28],[-59,137],[-26,49],[-156,-25],[-134,-63],[-24,-14],[-76,-24],[-62,24],[0,98],[-83,54]],[[27633,40268],[0,9]],[[27633,40277],[0,4]],[[27633,40281],[-2,478],[-49,53],[-42,-50],[-86,1],[5,213],[0,41],[-35,-17],[-10,-289],[-4,-157],[-63,-84],[59,-156],[-12,-83]],[[27394,40231],[-164,97],[-56,-30],[-115,50],[-5,3],[-130,14],[-82,-96],[-134,-4]],[[26708,40265],[-45,88],[-245,-157],[-31,56],[-20,113],[-221,152],[10,124],[-32,54],[46,235],[24,19],[17,167],[26,88],[-1,46],[29,32],[11,12],[38,43],[24,29],[27,31],[22,38],[86,85],[4,5]],[[26477,41525],[61,72],[82,132],[11,95],[10,37],[-2,135],[-78,196],[11,117]],[[26572,42309],[39,-11],[62,-6],[91,-23],[81,1],[65,64],[8,9],[193,230]],[[27111,42573],[74,-206],[76,-8],[7,1],[0,10],[0,28],[64,0],[0,80],[-38,1],[-1,121],[108,0],[0,205]],[[27401,42805],[142,8]],[[27543,42813],[6,-224],[9,-126],[-35,-26],[26,-67],[0,-2],[41,-10],[64,73],[13,129],[56,19],[-1,35],[0,40],[-18,140],[-60,63]],[[27644,42857],[29,97],[16,107],[78,133],[203,37],[333,-48],[149,1],[127,54],[83,64],[186,238],[63,388],[50,124],[37,58]],[[28998,44110],[2,-1557],[-2,1557]],[[28998,44110],[13,16],[31,36],[70,64]],[[28685,42250],[0,3],[-113,37],[-36,-6],[12,-52],[47,-46],[60,22],[30,0],[0,42]],[[28550,42343],[-122,30],[-94,-98],[-12,-90],[60,-1],[137,33],[-24,65],[67,51],[-12,10]],[[27974,40565],[-16,26],[16,-26]],[[27421,49768],[-27,20],[-11,11],[-86,60],[-96,90],[-80,83],[-45,65],[-95,152],[13,57],[106,40],[145,-15],[41,-11],[126,-41],[477,-111],[124,-13],[64,-28],[376,-48],[277,-77],[55,-24],[129,-193],[-30,-99],[-38,-8],[49,-21],[12,-75],[-3,-33],[-2,-33],[2,-44],[7,-87],[2,-30],[3,-34],[3,-36],[4,-50],[20,-94],[16,-203],[-24,-26],[-286,211],[-126,88],[-132,161],[-89,93],[-115,103],[-63,62],[-183,14],[-174,7],[-142,33],[-73,20],[-75,32],[-26,16],[-30,16]],[[27605,49337],[-5,-67],[-12,-66],[-13,-103],[1,-81],[-45,-1],[-48,-112],[-48,-10],[-31,-46],[79,-109],[4,6],[0,60],[78,47],[-25,84],[37,48],[47,-150],[-11,-115],[3,-49]],[[27616,48673],[-102,-50],[-100,-124],[-12,-42],[-48,-48],[-30,-45],[-23,-35],[-38,-58],[-35,-55],[-12,-13]],[[27216,48203],[-10,-15],[-147,-199],[-46,-50],[-145,-190],[-172,5],[-48,2],[-40,-61],[-160,0]],[[26448,47695],[-78,0],[28,52]],[[26398,47747],[128,268],[10,168],[-61,174],[-66,104],[-142,124],[-396,113],[-317,-547],[-77,-131],[-3,-6],[-272,-406],[-56,22],[-26,83],[-115,61],[-21,12],[-105,61],[0,74],[-78,38],[-76,40],[-159,9],[-18,7],[-55,14],[-65,-8],[-151,75],[-71,54],[-4,-8],[-197,-207],[-266,223]],[[23739,48158],[-70,59],[-402,338],[-417,349]],[[22850,48904],[58,412]],[[22908,49316],[105,-4],[150,4],[119,67],[90,48],[282,175],[70,50],[321,119],[223,33],[74,4]],[[24342,49812],[90,-30],[7,-4],[69,-44],[60,-29],[56,-21],[64,-25],[48,-18],[12,105],[207,-8],[22,103],[131,1],[43,40],[204,192],[161,-86],[243,-11],[27,0],[65,256],[75,370]],[[25926,50603],[139,-50],[92,-79],[429,-371],[129,-92],[101,-94],[89,-69],[71,-55],[134,-106],[201,-147],[253,-112],[41,-91]],[[27420,49105],[-24,0],[23,0],[1,0]],[[23736,49071],[85,-12],[16,57],[44,8],[116,-8],[2,107],[-61,122],[317,5],[-23,166],[-280,38],[-34,76],[-141,-19],[151,-249],[-284,25],[-65,-67],[101,-128],[-32,-50],[88,-71]],[[25164,50725],[-229,77],[416,830],[-60,25],[-67,26],[381,339],[-8,13],[48,378],[128,-61],[107,-99],[28,-156],[71,-17],[118,-169],[59,-235],[-67,-32],[38,-20],[-60,-94],[-47,-96],[-49,-399],[-47,-77],[-147,-100],[-277,-189],[-336,56]],[[25876,51999],[-2,2]],[[25874,52001],[2,-2]],[[25140,51717],[-487,196],[0,26],[135,171],[148,68],[145,-61],[39,-83],[147,73],[42,-32],[-11,35],[96,165],[103,-160],[14,-91],[-371,-307]],[[27356,48951],[34,22],[-44,-15],[10,-7]],[[27274,48770],[67,38],[-28,72],[-23,15],[-40,-81],[24,-44]],[[31703,40821],[-93,21],[-17,3],[-92,21],[-1,0],[-209,16],[-50,-25],[-223,9],[-119,-10],[-97,-133],[-24,-37],[-229,-310],[-115,-116],[-39,-40],[-107,-93],[-52,-41],[-95,-81],[-147,-156],[25,-97],[-92,22],[-6,-72],[-90,-34],[-5,-91],[-180,-31],[-54,-102],[-86,-34]],[[29506,39410],[-30,-10],[-59,77],[-2,2],[-140,36],[-121,-20],[-14,29]],[[29768,44319],[1,0]],[[29769,44319],[301,58],[157,73],[97,65]],[[30324,44515],[159,183],[199,202],[259,194]],[[30941,45094],[131,37],[164,50],[36,6],[169,92],[50,53]],[[31491,45332],[69,78],[108,120]],[[31668,45530],[5,6],[132,104],[76,65],[59,33],[217,98],[14,7],[79,209]],[[32250,46052],[224,-57],[271,-231],[169,-94],[-124,-128],[74,-72],[99,-94],[81,57],[105,27],[73,-148],[325,-151],[134,-149],[64,-115],[92,-257],[15,-180],[-539,-82],[3,-26],[541,83],[-264,-92],[-272,-30],[3,-29]],[[33324,44284],[-41,-5],[9,-343],[-82,30],[-58,77],[-64,8],[6,-60],[154,-121],[-119,-72],[-47,-39],[80,8],[2,-73],[-221,-119],[-58,24],[-329,370],[-52,-54],[-29,25],[-46,-23],[-68,-91],[-31,-79],[2,-2],[119,-103],[87,-53],[113,-147],[143,-83],[17,-48],[-439,-338],[-129,-26],[-177,-28],[-62,15],[-94,6],[-72,-83],[-92,-65],[68,-51],[0,-230],[124,-30],[144,-46],[-28,-83],[95,-66],[8,-45],[-36,-104],[167,15],[92,-327],[148,-60],[31,-86],[-281,-61],[-43,-15],[11,-106],[49,-60],[-39,-43],[-71,-18],[-22,-42],[-129,71],[2,-114],[-38,-31],[97,-15],[-352,-97],[54,-37],[-48,-300]],[[31749,40811],[-33,8],[-13,2]],[[32093,40739],[-10,2],[-81,17],[-181,39]],[[31821,40797],[98,172],[199,45],[102,49],[110,10],[106,-41],[14,35],[55,-1],[53,-46],[-67,-52],[89,-39]],[[32580,40929],[0,-110],[-65,-35],[-4,-1],[-45,-22],[-51,-23],[-27,-11],[-109,-41],[-45,-22],[-58,56],[-83,19]],[[31983,41715],[-40,23],[12,51],[-127,39],[-6,-232],[9,-5],[190,-83],[49,10],[-25,186],[-62,11]],[[31848,41936],[176,-86],[64,16],[-9,21],[-70,179],[-99,35],[7,99],[0,1],[-112,0],[43,-265]],[[32930,42309],[168,0],[98,-73],[12,-75],[-151,-197],[-157,-123],[-226,32],[-181,-67],[-82,23],[-87,314],[-38,29],[-142,-21],[24,127],[-109,84],[32,68],[56,35],[143,-71],[137,-16],[168,32],[93,-43],[165,49],[77,-107]],[[33911,42525],[-356,-52],[-343,-164],[-101,47],[-161,-15],[-83,105],[-199,-47],[-54,52],[74,215],[121,182],[46,65],[119,112],[283,-36],[97,-9],[86,-90],[106,-39],[71,16],[224,-211],[70,-131]],[[32279,42745],[-108,-85],[-126,13],[-77,121],[-17,123],[244,-28],[36,-56],[-30,-79],[78,-9]],[[32405,42728],[-18,72],[56,70],[446,191],[-238,-407],[-246,74]],[[30108,41867],[-122,47],[-36,108],[-19,28],[-79,-56],[-65,-124],[172,-20],[17,-67],[143,39],[-11,45]],[[31691,43383],[52,-12],[88,33],[23,11],[-52,33],[-33,84],[-78,-149]],[[31745,43321],[-74,-2],[3,-209],[80,5],[-9,206]],[[31525,43220],[47,57],[-6,136],[-82,-27],[-7,-3],[0,-95],[48,-68]],[[33733,44254],[138,52],[150,-433],[-359,-52],[-163,-13],[-39,19],[1,88],[-131,7],[-6,362]],[[33324,44284],[128,16],[58,8],[83,10],[6,-114],[58,4],[76,46]],[[33232,45166],[90,44],[-41,52],[-59,-9],[10,-87]],[[30802,40739],[-45,46],[45,-47],[0,1]],[[30390,40906],[-8,3]],[[30382,40909],[8,-3]],[[31756,42982],[-2,2],[2,-2]],[[31113,42736],[-71,-28],[-1,-53],[1,53],[71,28]],[[32247,43528],[-21,61],[-87,-81],[-20,22],[28,-93],[100,91]],[[31802,43764],[-19,-141],[55,-123],[45,11],[83,-18],[35,106],[-199,165]],[[29938,42915],[-62,0],[0,-816],[34,-11],[57,661],[-29,166]],[[30182,40459],[17,-13],[1,24],[-18,-11]],[[26572,42309],[-79,13],[-53,-50],[-36,2],[-74,108],[-79,-18],[-47,37],[-156,66],[-43,49],[52,51],[-20,77],[-84,5],[3,19],[-53,100],[-8,19],[-76,62],[-122,28],[-21,58],[-100,-8],[-50,43],[-40,-22],[-34,50],[-45,105],[-136,142],[-49,129],[-76,51]],[[25146,43425],[-8,0]],[[25138,43425],[0,1]],[[25138,43426],[-32,308],[51,131]],[[25336,45720],[-13,66],[70,12],[-25,132],[38,95]],[[25406,46025],[73,24],[128,25],[81,-22],[1,-130],[45,-198],[-21,-139],[2,-53],[80,47],[20,105],[79,17],[254,-148]],[[26148,45553],[42,-22],[2,4],[2,5],[105,94]],[[26299,45634],[56,12],[50,145],[-31,91]],[[26374,45882],[100,-47],[0,-49],[73,0],[-32,-87],[118,20],[12,91],[35,1],[4,85],[-22,-13]],[[26662,45883],[-12,37],[29,2]],[[26679,45922],[323,23],[27,270]],[[27029,46215],[605,87],[396,28],[159,10],[197,18],[123,14],[148,15],[127,15],[168,20],[290,31],[39,5],[522,59]],[[29803,46517],[222,-1324],[149,-397],[150,-281]],[[29769,44319],[-44,-1]],[[27644,42857],[-101,-44]],[[27401,42805],[-52,-26],[-238,-206]],[[30941,45094],[-45,136],[223,164],[296,77],[76,-139]],[[31668,45530],[-71,98],[66,182],[104,56],[124,73],[148,10],[111,143],[100,-40]],[[26530,45003],[1,-2],[-12,-50],[72,-143],[-50,-72],[11,-117],[75,-103],[52,82],[70,-36],[15,33],[-58,43],[29,69],[84,16],[-3,43],[-68,15],[-1,29],[-94,13],[25,45],[-34,-1],[-22,134],[-92,2]],[[27073,44707],[87,93],[-261,247],[-27,14],[-107,-73],[29,-13],[106,-101],[61,-59],[94,-91],[18,-17]],[[32002,46060],[-33,-44],[-218,-21],[-244,-95],[-85,138],[-19,114],[22,149],[20,270],[217,-122],[175,196],[159,-212],[40,-124],[-34,-249]],[[20528,49646],[214,-176],[112,-55],[157,-140],[-35,-18],[38,-38],[76,-17],[197,-170],[19,-8],[282,-217],[72,18],[66,91],[84,157],[138,-178],[351,-1],[18,46],[31,46],[0,27],[102,192],[385,288],[95,37],[-22,-214]],[[22850,48904],[-15,-129],[-66,-597],[-19,-151]],[[20618,46751],[-5,-77],[7,75],[-2,2]],[[20945,47173],[37,0],[57,139],[40,96],[-41,58],[-20,-7],[-32,-152],[20,-17],[-44,-88],[-48,-7],[31,-22]],[[20951,47293],[1,-34],[-32,21],[-73,-33],[16,-51],[97,48],[7,40],[-16,9]],[[21446,52499],[57,-41],[199,-23],[60,-10],[78,-8],[298,-127],[50,-11],[60,-31],[222,-239],[-406,-272],[9,-44],[52,-38],[318,-215],[21,23],[-45,60],[99,70],[-84,72],[171,82],[27,-78],[37,-55],[56,41],[-29,67],[-9,95],[151,47],[487,9]],[[23325,51873],[0,-2]],[[23325,51871],[0,-1],[11,-49]],[[23336,51821],[-1,0],[1,-1]],[[23336,51820],[29,-127],[115,-184]],[[23480,51509],[1,-2]],[[23481,51507],[50,-62],[37,-59],[12,-36],[20,-26],[56,-94],[19,-24],[164,-206],[100,-136],[185,-287],[30,-43],[63,-158],[72,-176],[7,-46],[106,-255],[-60,-87]],[[20395,53349],[-5,95],[-7,100]],[[20486,54107],[74,-302],[-3,-45],[33,-149],[39,-123],[65,-79],[6,-101],[55,-111],[-20,-39],[75,-35],[87,-125],[205,-223],[-33,-47],[54,25],[129,-72],[8,-37],[89,-47],[-10,-75],[58,38],[49,-61]],[[22283,52462],[-1,20],[-28,102],[-7,101],[-37,130],[128,150],[59,-51],[200,-16],[18,127],[-35,100],[93,10],[111,8],[117,-3],[220,-48],[97,-7],[-34,-188],[38,-207]],[[23222,52690],[-74,-260],[20,-125],[47,-147],[87,-221]],[[23302,51937],[-520,-15],[-102,-13],[-7,123],[-150,195],[21,20],[-21,-19],[-95,72],[-81,58],[-64,104]],[[22742,50287],[45,51],[-22,22],[179,171],[19,21],[-34,123],[-80,78],[-66,50],[2,15],[9,23],[-55,-1],[3,-48],[29,-2],[-10,-87],[-92,-85],[35,-112],[-37,1],[5,-55],[-36,-15],[39,-115],[-53,-41]],[[22622,50281],[53,-46],[67,52]],[[23513,51077],[-5,-3],[-1,-7],[6,10]],[[22928,51410],[9,7],[-9,-7]],[[20852,50685],[76,-41],[-5,-83],[42,1],[78,18],[-13,47],[-64,-28],[-1,77],[-92,40],[-21,-31]],[[20993,50912],[-26,0],[-22,0],[1,-153],[53,-19],[-40,121],[34,51]],[[20755,51023],[12,-1],[-12,1]],[[21239,50939],[-33,-14],[33,14]],[[21137,50480],[-1,22],[-1,-18],[2,-4]],[[21088,50719],[35,-10],[13,-3],[-8,73],[-36,-6],[-4,-54]],[[22451,50481],[-1,-1],[1,1]],[[22622,50281],[-10,-3],[10,3]],[[20486,51302],[-6,-2],[5,2],[1,0]],[[20669,51131],[-1,5],[1,-4],[0,-1]],[[21701,52766],[-16,84],[121,-135],[83,-156],[-137,77],[-51,130]],[[27616,48673],[5,2],[44,149],[82,-45],[49,-107],[-43,-232],[-21,-174],[61,-161],[51,-130],[120,-201],[186,-129],[210,-229],[55,-61],[166,-217],[343,-221],[327,-66],[432,73],[280,-95],[319,31],[198,-72],[-104,-64],[-69,-143],[-504,-64]],[[27029,46215],[-128,-25],[-16,-87],[-208,-117],[-3,-12],[5,-52]],[[26662,45883],[12,-62],[-61,-1],[-1,55],[-54,-30]],[[26558,45845],[-14,99],[-44,0],[-94,0],[-72,-14],[8,-27],[32,-21]],[[26299,45634],[-28,80],[28,125],[-72,-7],[-25,-49],[-48,71],[26,30],[-36,0],[3,-264],[1,-67]],[[25406,46025],[-62,70],[39,118],[-29,78],[37,-1],[13,39],[-69,57],[-9,72],[-83,-1],[-35,68]],[[25208,46525],[-2,11],[-42,-2]],[[25164,46534],[-121,8],[-36,-33],[-18,33],[-106,9],[-231,122],[-59,-44],[-16,-75]],[[24087,47266],[-40,167],[-62,35],[19,142],[-75,-1],[9,188],[12,129],[-267,1],[0,-130],[-530,1]],[[23118,47817],[28,39],[155,-1],[0,304],[438,-1]],[[26398,47747],[-28,-53],[78,1]],[[25785,47035],[19,-14],[23,14],[-42,0]],[[26410,46175],[-1,15],[-9,-15],[10,0]],[[26746,46466],[-31,100],[-36,15],[8,52],[-84,-1],[-45,-11],[38,0],[2,-143],[148,-12]],[[26690,46713],[38,-88],[39,21],[3,91],[-72,14],[-8,-38]],[[27380,47607],[-66,-26],[66,26]],[[26271,46823],[10,0],[0,3],[-10,-3]],[[26421,46871],[-4,-18],[3,-1],[1,19]],[[24149,43861],[2,2]],[[25005,43487],[133,-61]],[[25138,43425],[8,0]],[[26477,41525],[-2,1],[2,-1]],[[26708,40265],[-38,-40],[-42,-142],[-45,-21],[-154,-49],[-3,-41],[-84,-13]],[[25255,41238],[152,4],[-281,145],[-106,19],[-1,0],[-77,3],[11,-31],[136,-31],[92,-28],[74,-81]],[[25986,41455],[72,-26]],[[26058,41429],[-72,26]],[[24814,41779],[-3,0]],[[24811,41779],[3,0]],[[25042,42532],[2,-8],[6,7],[-8,1]],[[26324,41518],[-51,229],[-10,69],[27,11],[4,17],[-55,39],[51,18],[-1,41],[-65,-61],[9,-311],[91,-52]],[[25629,42096],[17,0],[-17,0]],[[25690,42225],[28,106],[-4,11],[-99,-22],[-13,-38],[45,-43],[43,-14]],[[25526,42690],[-116,-129],[70,-78],[56,37],[12,141],[-21,29],[-1,0]],[[29731,47965],[108,32],[46,-34],[10,-65],[33,48],[62,-16],[88,-101],[112,-33],[215,-86],[254,-259],[80,-49],[134,-70],[96,-65],[87,-79],[28,-158],[-24,-100],[-4,-144],[-94,-132],[-143,32],[-223,285],[-109,46],[12,87],[-37,22],[-3,95],[-332,140],[-271,16],[-304,-6],[-65,-99],[-189,-13],[-96,-285],[-57,10],[-462,222],[-97,120],[-16,118],[126,205],[132,-30],[86,50],[128,86],[105,31],[31,22],[27,34],[76,74],[100,-28],[70,-26],[90,26],[57,28],[77,34],[56,15]],[[29574,48192],[5,50],[2,12],[35,70],[63,80],[22,-12],[-22,12],[88,76],[119,60],[97,0],[188,-46],[205,-55],[31,-13],[221,-93],[157,-58],[164,-173],[380,-436],[-186,3],[-78,-35],[-1,0],[120,-146],[2,-2],[97,-71],[62,3],[127,55],[14,-28],[-24,-147],[-117,-68],[-98,-16],[-45,7],[22,88],[-57,28]],[[31167,47337],[-49,6],[-31,-46],[-115,77],[-280,154],[-64,71],[-44,51],[-147,111],[-110,44],[-153,52],[-62,18],[-61,114],[16,36],[87,15],[13,66],[-31,-54],[-103,-37],[-40,-29],[-142,78],[-37,1],[-101,-35],[-103,-37],[-122,-56],[-61,0],[-24,47],[98,31],[16,12],[57,165]],[[31167,47337],[41,25],[-39,0],[-2,-25]],[[28692,48161],[63,-128],[66,-188],[37,-110],[-20,-66],[-80,26],[6,24],[-116,-54],[-37,-74],[-71,-19],[-81,-3],[-401,360],[-153,384],[50,301],[-95,263],[-74,141],[90,282],[-75,217],[12,50],[237,18],[114,-67],[148,-157],[-86,-137],[-82,-193],[-170,-122],[246,-58],[51,-70],[59,17],[108,217],[-102,37],[0,36],[106,124],[67,-53],[177,-132],[181,-161],[3,-161],[-23,13],[15,-30],[-89,-213],[-34,-102],[-12,-67],[-31,-80],[-4,-65]],[[28840,48390],[25,31],[191,2],[51,-55],[123,-130],[55,-55],[84,-84],[-20,-21],[-25,-65],[22,-84],[-81,-16],[-39,-32],[-52,-71],[-70,-30],[-48,-14],[-66,-44],[-64,-35],[-35,121],[-46,192],[-71,154],[4,88],[62,148]],[[25164,46534],[44,-9]],[[24827,46031],[6,0],[-6,0]],[[24827,46031],[-7,0],[7,0]],[[24769,46043],[0,5],[0,-5]],[[24813,45909],[0,-4],[0,4]],[[24721,50700],[89,-34],[11,-3],[27,5],[60,-3],[116,-49],[76,-89],[129,-44],[130,-20],[117,15],[211,98],[239,27]],[[23481,51507],[-1,2]],[[23336,51820],[0,1]],[[23325,51871],[0,2]],[[23325,51873],[-23,64]],[[23222,52690],[129,333],[-7,-107],[82,-142],[380,-340],[345,-189],[143,-161],[65,-164],[40,-357],[81,-258],[42,-62],[-30,-148],[74,-207],[44,-84],[111,-104]],[[24408,50379],[1,0],[0,1],[-1,-1]],[[25588,34874],[-70,-59],[-38,24],[-10,-71],[355,-266]],[[25825,34502],[-62,-1],[-113,-3],[-89,-26],[-44,65],[-87,-17],[-4,-71],[-57,-24],[-128,34],[31,-392]],[[25272,34067],[-35,29],[-95,55],[-193,108],[-96,61],[-45,47],[-103,50],[-87,57],[-47,29],[-54,38],[-28,17],[-41,26],[-73,50],[-61,46],[-63,51],[-33,32]],[[24205,34870],[34,24],[37,25],[40,28],[160,111],[71,65],[-9,49],[42,-4],[57,-18],[27,13],[57,83],[-5,54],[-8,38],[-11,61],[16,11],[14,26],[22,28],[25,-8],[26,-8],[6,-2],[7,-2],[26,14],[12,16],[15,20],[1,1],[15,21],[-24,36],[-7,6],[-8,8],[-15,50],[-13,19],[-8,49],[3,2],[6,4],[-9,14],[-7,11],[-5,7],[-4,8],[-9,14],[-8,12],[-52,-6],[-18,0],[-22,-1],[-17,-1],[-5,1],[-10,0],[-13,1],[-7,0],[-19,1],[-258,11],[-118,2],[-69,-23],[-101,-106],[-20,-22]],[[23913,35835],[0,2]],[[24803,37098],[10,-26],[90,-94],[126,-140],[166,-176],[41,-41],[113,-97],[17,-15],[193,-200]],[[25559,36309],[40,-76],[34,-102],[31,-89],[45,-57],[59,-17],[129,-86],[9,-107],[40,-40],[105,-91],[0,-87],[93,-97],[7,-48],[18,-98],[69,-42],[119,-128],[-29,-31],[-57,49],[-22,-19],[-3,-4],[-129,-88],[-23,-110],[-83,-95],[-13,-41],[8,-62],[-43,-68]],[[25963,34675],[-375,199]],[[25431,34871],[-54,7],[-30,-1],[79,-70],[5,64]],[[25153,35276],[-4,97],[-32,17],[-29,13],[-48,-10],[-6,4],[-3,2],[-15,-2],[-36,-12],[-52,-13],[-24,-26],[-64,-20],[30,-78],[14,-1],[24,-5],[28,-29],[22,-28],[66,-25],[22,2],[48,12],[60,17],[9,12],[-10,73]],[[25101,35114],[0,-1]],[[25101,35113],[-25,6],[25,-6]],[[25101,35113],[0,1]],[[24352,36807],[6,-13]],[[24358,36794],[-6,13]],[[24706,35795],[-10,-10],[10,10]],[[24748,37132],[-126,-71],[57,-51],[59,6],[36,49],[-26,67]],[[24483,35991],[1,0],[1,1],[-2,-1]],[[24481,36007],[-1,-1],[1,1]],[[24409,36092],[-27,-20],[6,-4],[30,16],[-9,8]],[[24666,35777],[-6,4],[6,-4]],[[25825,34502],[74,60],[25,83],[39,30]],[[25559,36309],[37,34],[77,34],[189,-17],[83,9],[143,95],[52,69],[113,11],[65,46],[225,-108],[131,49],[99,-101],[57,14],[74,-68],[47,-123],[32,-15],[32,34],[80,-27],[57,24],[112,117]],[[27264,36386],[0,-1]],[[27264,36385],[48,4],[93,-48],[54,107],[55,47],[29,91],[-31,124],[217,7],[102,27],[30,85],[123,89],[41,13],[123,88],[42,33],[30,8]],[[28220,37060],[1,-26],[-1,26]],[[28220,37060],[59,26],[1,43],[86,19],[1,1],[27,21],[57,-49],[85,-102],[30,-2],[1,0],[57,30],[61,28],[191,172],[123,46]],[[28999,37293],[3,-17],[40,-29],[-7,-23],[-19,-53],[-58,-73],[-44,33],[14,-32],[53,-55],[-42,-125],[-13,-20],[-54,-96],[-30,-29],[-71,-100],[3,-75],[35,-162],[-40,-143],[0,-8]],[[28769,36286],[1,-41],[51,-227],[60,-78],[26,-100],[-28,-11],[44,-41]],[[28923,35788],[88,-82],[87,-100],[115,-117],[156,-25],[2,0],[2,-4],[3,-5],[58,-174],[-51,-40],[-38,-69],[-116,-103],[-103,-21],[-46,8],[-116,27],[-189,5],[-44,-116],[-9,-14],[-24,-37],[-65,-37],[-23,-79],[-50,-168],[-77,-117],[-54,-48],[6,-28],[-82,-92],[-84,-9],[-18,-11],[-67,-6],[-29,-2],[-20,87],[-8,55],[-101,-41],[-60,-30],[-37,-37],[-73,-68],[2,-4],[-161,-58],[-191,-5],[-20,-3],[-23,-52],[38,-84],[8,-22],[6,-12],[68,-172],[1,-3],[11,-42],[-188,-170],[-55,-55],[40,-142],[-133,-67],[-26,-30],[78,-123],[0,-64],[8,-58],[-39,-321]],[[27280,32803],[-28,-10]],[[27252,32793],[-145,42],[-157,138],[-64,-4],[-201,-51]],[[26685,32918],[-154,12],[-103,68]],[[26428,32998],[-105,75],[-53,27],[2,74],[-123,67],[-143,158],[-153,176],[-20,32],[-80,89],[-42,50],[-73,2],[-14,-11],[-93,-57],[-105,33]],[[25426,33713],[-2,-1]],[[25424,33712],[-106,-33],[-48,-97],[-40,3],[-18,53],[22,189],[0,16],[54,174],[-16,50]],[[28054,35578],[9,-10],[0,6],[-9,4]],[[28769,36286],[195,-59]],[[28964,36227],[238,-14],[94,21],[105,-33],[222,-85],[124,-80],[61,31],[96,-9],[250,18],[15,-78],[-35,-95],[44,-35],[157,-24],[164,12],[34,89],[99,-14],[65,64],[103,103],[29,-9],[201,35],[73,-9],[39,-33],[139,-34],[99,1],[22,0],[39,0],[181,75],[-100,-132],[-38,-98],[15,-120],[185,-226],[42,-243]],[[31726,35305],[-56,-1],[-99,-137],[-11,-282],[106,-125],[23,-158],[-166,-65],[-101,-111],[-36,19],[-162,47],[-24,49],[-38,3],[-85,77],[-53,-3],[-34,-36],[8,-69],[-118,12]],[[30880,34525],[-58,-16],[-102,43],[-332,100],[-69,-107],[-62,-17],[-7,-27],[-7,-62],[9,-38],[23,-68],[93,-4],[-7,-42],[0,-2],[21,-55],[-253,-297],[-62,-99],[12,-82],[-35,-26],[-99,-54],[-93,-122],[-44,-29],[-45,65],[-43,-70],[-31,14],[-37,-31],[-48,-51],[-46,-21],[-86,-4],[-59,-102],[-50,-120],[-73,-52],[-300,-8],[-103,-97],[-45,15],[-26,-9],[-117,44],[-73,4],[-33,13],[-98,64],[-6,103],[-132,3],[-90,-37],[-107,74],[-84,91],[-46,-10],[-67,-55],[-3,-45],[-63,-199],[-422,-152],[-133,-163],[-62,18]],[[28807,33928],[17,7],[-15,-6],[-2,-1]],[[30311,35580],[39,-47],[-39,47]],[[31003,38072],[1,0],[30,5],[32,140],[74,47],[-43,63],[230,-30],[41,34],[69,79],[77,-75],[136,114],[11,10]],[[31661,38459],[47,-91],[144,-123],[47,29],[-64,64],[31,120],[143,24],[93,-74],[59,5],[31,-117],[53,-195],[109,-148],[66,37],[76,-15],[45,38],[47,-37],[46,25],[41,-6],[-57,-74],[27,-9],[-5,-104],[11,-14],[20,-27],[2,-6],[-33,-100],[-34,-50],[6,-105],[-51,-31],[-77,-33]],[[32484,37442],[-39,97],[-79,2],[4,-191]],[[32370,37350],[-7,-50]],[[32363,37300],[-5,-78],[70,-53],[57,0]],[[32485,37169],[-18,-83],[0,-1],[-59,-60],[0,-118],[0,-2],[13,-97],[61,-45],[50,-128],[-117,-64],[-5,-81],[0,-71],[-51,-19],[-2,0],[-119,1],[-62,0],[-29,0],[-62,0],[-1,-73],[1,-86],[-1,-135],[-1,-95],[80,0],[-6,-69],[-2,-76],[142,-1],[0,-196],[110,-31],[169,0],[7,-25],[13,-91],[2,-348],[28,-21],[18,-7]],[[32644,35147],[-29,-113],[56,-186],[-22,-165],[-52,-66],[0,-173],[-60,84],[-84,8],[6,48],[-70,103],[-145,85],[-114,210],[-113,66],[-20,125],[-19,-17],[-54,83],[-46,10],[-16,92],[-136,-36]],[[28964,36227],[-6,164],[49,55],[165,-93],[84,-4],[285,244],[110,188],[34,199],[71,24],[-31,48],[28,11],[54,-3],[17,68],[37,-21],[22,39],[93,162],[26,17],[72,170],[23,40],[1,186],[45,76],[9,26],[28,80],[0,121],[-38,163]],[[30142,38187],[35,21],[-1,86],[56,2],[31,41],[58,-8],[30,68],[70,7],[179,-85],[115,-120],[59,-6],[85,-39],[116,-22],[28,-60]],[[31155,36732],[9,1],[-9,-1]],[[31998,37421],[20,-6],[0,1],[-20,5]],[[32305,37230],[1,0]],[[32306,37230],[0,1],[-1,-1]],[[30798,36274],[15,15],[-17,-7],[2,-8]],[[31661,38459],[27,22],[31,23],[44,5],[29,-81],[89,123],[-6,406],[335,10]],[[32210,38967],[-3,-148],[182,-5],[66,-50],[181,-159],[96,-2],[115,-6],[159,56],[28,-95],[75,0],[23,-170],[-1,-37],[107,20],[291,57],[218,42]],[[33747,38470],[89,17]],[[33836,38487],[4,1],[115,25],[25,4],[152,28],[135,15],[107,13],[204,23],[80,9]],[[34658,38605],[59,7]],[[34717,38612],[83,10],[30,3],[162,20]],[[34992,38645],[32,26],[149,-156],[231,-420],[322,-412],[168,-89],[58,-145],[181,-143],[4,-52],[-68,-79],[-247,-67],[-233,-60],[-252,-70],[-3,-1]],[[35334,36977],[-256,-68],[-120,-33],[-66,-17],[-35,-9],[-92,-25],[-369,-99],[-73,-21],[-199,-48],[-193,-49],[-96,4],[-35,-38],[-387,-82],[-187,-19],[-13,3],[-88,-63],[-212,-125],[-72,-264],[2,-3]],[[32843,36021],[0,-1],[0,-3],[0,3]],[[32843,36020],[10,-5],[21,-6],[114,-82],[48,-55],[-23,-166],[-79,-56],[3,0],[-79,-112],[12,-80],[73,-93],[92,-59],[-125,-102],[-150,-42],[-74,13],[-42,-28]],[[32485,37169],[4,36],[-16,97],[-110,-2]],[[32370,37350],[102,-1],[38,43],[-26,50]],[[32718,37261],[71,-45],[117,28]],[[32906,37244],[0,-73],[63,-15],[62,2],[38,59],[29,6],[13,-25],[161,-99],[21,46],[18,27],[-89,67],[45,-3],[20,-13],[25,42],[71,-16],[21,22],[13,21],[17,13],[31,50],[39,51]],[[33504,37406],[1,0],[-1,0]],[[33504,37406],[-7,10],[-52,31],[-32,-13]],[[33413,37434],[-1,0]],[[33412,37434],[-5,71],[-17,47],[0,8],[13,74],[-2,13],[-3,20],[-61,11],[-70,2],[-1,1],[-14,9],[-7,1],[-7,1],[-4,0],[-16,2],[-20,-3],[-48,-35],[-34,-27],[-56,-46]],[[33060,37583],[-33,28]],[[33027,37611],[0,1]],[[33027,37612],[-29,5],[-23,-40],[-18,-76]],[[32957,37501],[-17,-8],[-42,-88],[-57,27],[-42,-57],[163,-10]],[[32962,37365],[-7,-59]],[[32955,37306],[-184,29],[-2,-2],[-51,-72]],[[32992,36977],[0,-3],[0,3]],[[32782,37500],[0,-1]],[[32782,37499],[0,1]],[[32951,37649],[-1,-6],[8,2],[-7,4]],[[33058,37968],[1,0]],[[33059,37968],[-1,0]],[[33055,38393],[2,0],[-2,0]],[[34346,37764],[2,-3],[18,29],[-20,-26]],[[34491,37953],[-1,0],[-23,-22],[24,22]],[[34396,38104],[85,0],[-161,0],[76,0]],[[32977,36740],[2,-2],[0,1],[-2,1]],[[32648,36431],[0,-2]],[[32648,36429],[0,2]],[[32772,36021],[-7,0],[-39,0],[46,0]],[[33564,37795],[12,8],[-65,64],[53,-72]],[[32539,36127],[1,35],[-1,-35]],[[32716,35796],[-1,-1],[0,-39],[1,40]],[[33706,37313],[-32,-30],[32,29],[0,1]],[[32357,36269],[-1,-34],[1,0],[0,34]],[[32135,36243],[-1,1],[1,-1]],[[32235,36108],[-2,57],[0,-58],[2,1]],[[32758,40701],[233,-56],[42,-135],[-37,-48],[95,-76]],[[33091,40386],[-26,-51],[-12,-114],[14,-48],[-35,-3],[27,-51],[-34,-1],[-26,-52],[31,-13],[-37,-23],[-24,-33],[25,-24],[-51,-54],[-156,-95],[-96,-70],[-63,-93],[-56,-66],[-28,-226],[4,-52],[8,-139],[-2,-77],[-131,-131],[-213,-3]],[[30142,38187],[-41,67],[-20,78],[30,53],[-74,190],[-73,153],[-54,81],[-118,29],[-44,62],[-92,98],[-14,120],[-58,89],[0,2],[-90,124],[12,77]],[[31749,40811],[18,-3],[38,-8],[16,-3]],[[32580,40929],[52,26],[83,-58],[43,-196]],[[32648,40619],[-8,-1],[1,-1],[7,2]],[[32565,40409],[-14,29],[14,-30],[0,1]],[[31737,40277],[55,-18]],[[31792,40259],[-55,18]],[[32128,39591],[223,-5],[-140,189],[-54,-1],[-29,-183]],[[32292,39828],[157,-86],[-90,122],[-37,-30],[-30,30],[0,-36]],[[30785,38736],[0,5],[-5,-9],[5,4]],[[34502,39926],[70,-26],[260,-16],[149,-67],[107,-47],[75,-12],[74,-63],[140,-5],[160,69],[174,-7],[117,-40],[-46,-77],[47,78],[73,-21],[103,28],[30,-44],[70,-153],[154,96],[57,-242],[11,-130],[-20,-83],[-43,3],[-5,-35],[6,-116],[88,-196],[157,-272],[-3,-119],[-19,-98],[29,-154],[-40,-63],[-29,-298],[60,-246],[56,-201],[109,-183],[-105,110],[-71,49],[-72,-8],[-22,37],[-231,-38],[-9,214],[-52,523],[-9,108],[65,86],[-29,152],[-66,381],[-54,320],[-8,41],[-72,-39],[-152,52],[-81,-50],[-29,-71],[-144,-12],[-58,-102],[-158,-207],[-37,53]],[[35279,38785],[-53,73],[-167,1],[-11,134],[-37,23],[0,-155],[81,-32],[-100,-184]],[[34717,38612],[-59,-7]],[[33836,38487],[3,204],[-1,0]],[[33838,38691],[-12,74],[-60,22],[-22,-22],[-89,-95],[68,-30],[24,-170]],[[33091,40386],[55,9],[132,-131],[63,-49],[118,-80],[19,-55],[146,1],[121,-97],[29,-38],[-12,-88],[2,-18],[21,-28],[-22,-17],[-27,30],[-46,-55],[48,51],[29,-31],[19,15],[-1,17],[-19,18],[0,36],[24,46],[185,-13],[25,-81],[133,22],[23,-80],[-18,83],[172,60],[77,45],[115,-32]],[[34425,39604],[-3,11],[3,-11]],[[34532,39529],[4,4],[-4,-5],[0,1]],[[35003,39641],[-36,-178]],[[34967,39463],[36,178]],[[35126,39480],[2,-1],[1,1],[-3,0]],[[35069,39168],[0,-2],[0,2]],[[34974,39286],[28,-34],[-23,30],[-5,4]],[[34834,39069],[0,1],[-1,-2],[1,1]],[[32664,39174],[-4,-8],[5,8],[-1,0]],[[32819,39275],[3,14],[-1,0],[-2,-14]],[[35279,38785],[11,11],[-11,-11]],[[26491,38620],[78,-113],[108,-59],[72,-32],[25,-9],[31,-8],[35,-10],[90,-24],[13,-4]],[[26943,38361],[1,-5],[0,5]],[[26944,38361],[95,-26],[20,-4],[86,-5],[-21,-14],[37,-13],[126,2],[14,-27],[103,-79],[65,-4],[62,-91],[56,-57],[1,0]],[[27588,38043],[2,0]],[[27590,38043],[91,27],[47,-5],[9,-13],[42,-57],[87,-23],[97,-6],[177,79],[68,-131],[33,-56],[-52,-189],[45,-79],[147,-5],[83,19],[72,11],[76,5],[225,-16],[14,-48],[30,-147],[3,-116],[115,30],[0,-30]],[[27264,36385],[0,2],[0,-1]],[[25631,37788],[2,-3],[-2,4]],[[26541,39344],[30,-3],[-7,56],[92,-74],[35,42],[84,-3],[15,-23],[-39,-36],[50,10],[59,15],[-17,-57],[35,1],[-16,-55],[-36,2],[-42,-169],[95,-26],[-45,-157],[-213,-21],[-26,-63],[-28,-18],[-19,-60],[-27,-22],[-30,-63]],[[26415,38274],[-4,25]],[[26411,38299],[4,-25]],[[26390,38608],[-14,-12],[14,12]],[[27454,37971],[-6,1],[3,-10],[3,9]],[[26008,38593],[-2,3],[2,-3]],[[25994,37945],[2,-4],[-1,5],[-1,-1]],[[26235,37444],[2,-20],[7,4],[-9,16]],[[25650,37581],[-10,11],[0,-2],[10,-9]],[[25778,37535],[-6,-3],[-14,-48],[20,51]],[[28097,37476],[-22,-22],[6,-3],[16,25]],[[27802,37871],[22,-13],[1,0],[-23,13]],[[27368,38134],[3,19],[-13,-36],[10,17]],[[26988,38238],[45,-3]],[[27033,38235],[-45,3]],[[27590,38043],[-2,0]],[[26944,38361],[-1,0]],[[27394,40231],[48,-29],[64,31],[22,55],[105,-7]],[[27633,40277],[0,-9]],[[33049,37575],[11,8]],[[33412,37434],[1,0]],[[32906,37244],[44,49],[5,13]],[[32962,37365],[31,75],[-36,61]],[[33027,37612],[0,-1]],[[33060,37583],[-11,-8]],[[33186,37405],[0,3]],[[33186,37408],[0,-3]],[[33212,37410],[2,0],[-1,0],[-1,0]],[[24656,35628],[6,6],[13,37],[-7,4],[-8,5],[-21,-34],[8,-14],[9,-4]],[[24638,35614],[8,15],[-17,-16],[9,1]],[[35615,26904],[7,-57],[15,-82]],[[35637,26765],[-12,-41],[-3,-37],[-10,-97],[-14,-58],[-6,-92],[-17,-18],[-61,-52],[-76,-65],[-39,-34],[-42,-36]],[[35357,26235],[-128,-59],[-65,-32],[-40,-48],[-163,-53],[-16,-11],[-98,-8],[-57,38],[-165,-77],[-97,109],[-77,69],[-38,51],[-41,85],[-99,29],[-56,1],[-37,7],[-15,4]],[[34165,26340],[1,140],[-1,8],[-6,63],[-10,95]],[[34149,26646],[-8,50],[-64,147]],[[34077,26843],[-35,48],[-37,55],[-42,63],[-103,-55],[-151,-108],[-106,-103],[-75,-38],[-100,-4],[-93,-3],[-60,-74]],[[33275,26624],[21,161],[-38,96],[18,112],[181,85],[74,31],[71,7],[-4,211],[13,183],[149,3],[93,63],[35,49],[28,31],[10,20],[7,13],[26,20],[57,14],[21,12],[26,37],[13,13],[27,9],[19,21],[0,1],[26,4],[8,3],[4,7],[108,134],[54,38],[-2,38],[7,113],[99,27],[93,86],[27,7],[62,25],[44,-43],[46,-56],[23,-26],[108,24],[111,30],[60,3],[58,18],[160,35],[36,6],[211,135],[19,33],[65,11],[6,44],[40,73],[62,75],[24,66],[93,39],[27,19],[58,49],[72,-73],[99,50],[84,-24],[39,4],[42,10]],[[36195,28800],[138,-85],[77,31],[1,1],[76,22],[54,-17],[-19,60],[144,-40],[17,-65],[213,-75]],[[36896,28632],[1,-18],[-7,-78],[-23,-23],[-32,-27],[-58,-51],[-57,-58],[-4,-64],[3,-55],[8,-47],[-52,-120],[-54,-28],[-118,-26],[-116,-103],[-5,1],[-72,-12],[-17,-88],[-63,-14],[-105,-7],[-54,-127],[-63,-96],[-70,-51],[11,-32],[34,-46],[-24,-67],[41,-105]],[[36000,27290],[13,-87],[23,-71],[-28,-71]],[[36008,27061],[-27,-11],[-73,-5]],[[35908,27045],[-57,-50],[-8,-71],[-24,-39],[-142,-21]],[[35677,26864],[-62,40]],[[35434,27351],[-1,-2],[106,-25],[9,65],[-64,25],[-50,-63]],[[35580,27411],[158,-51],[34,-59],[43,26],[-17,79],[-104,3],[-161,86],[-34,-24],[81,-60]],[[34825,26529],[1,0],[-36,52],[35,-52]],[[36673,28664],[22,-26],[-26,31],[4,-5]],[[37690,29130],[-211,125]],[[37479,29255],[34,81],[0,1],[-278,53]],[[37235,29390],[6,25],[2,20],[3,17],[13,28],[-1,20],[-1,41],[2,10],[44,82],[23,34],[25,95],[22,122],[46,20],[68,89],[11,-1]],[[37498,29992],[-17,-71],[17,70]],[[37498,29991],[62,-28],[47,-52],[15,27],[58,44],[64,31],[37,-18],[54,-2],[40,16],[23,19],[-6,46],[-27,58],[7,26],[1,1],[10,26],[-14,74],[0,37],[-4,11],[12,31],[21,51],[19,32],[-36,32],[-9,17],[3,15],[10,19]],[[37885,30504],[1,0]],[[37886,30504],[5,67],[3,1],[6,31],[-7,28],[-35,9],[-11,43],[1,36],[-8,55],[33,41],[0,23],[0,38],[-2,17],[0,50],[-11,13],[46,35],[-34,69],[-31,63]],[[37841,31123],[4,3]],[[37845,31126],[-17,11],[30,52],[48,44],[-34,14],[42,37],[-16,45],[-69,-4],[12,60],[12,16],[28,134],[-67,18],[4,27],[3,30]],[[37821,31610],[44,-2]],[[37865,31608],[85,-20],[3,-2],[19,-71],[78,-57],[7,-2],[67,17],[44,-32],[19,-68],[42,-17],[33,-16],[-37,-102],[189,-63],[9,1],[72,24],[50,31],[-4,42],[84,7],[-1,62],[106,69],[18,159],[10,150],[21,91],[-84,22],[61,101],[-99,44],[21,15],[299,102],[6,105],[-101,35],[5,105],[83,157],[-60,281],[60,116],[-11,85],[32,39],[73,-27],[94,-21],[198,-35]],[[39356,32935],[69,11],[36,71],[0,31]],[[39461,33048],[-5,76],[-76,122],[-84,38],[40,48],[81,4],[14,29],[9,83],[-41,57],[9,29],[96,-15],[65,115],[100,98],[57,95],[50,7],[57,41],[-9,56],[73,77],[40,69],[416,-21],[72,-34],[23,-4],[41,67],[46,-17],[4,42],[145,88],[120,3]],[[40804,34201],[109,30],[97,85],[57,-79],[1,-150],[-110,-374],[21,-223],[93,-187],[218,-166],[235,-29],[128,33],[16,-34],[51,-52],[26,-247],[-33,-452],[131,-209],[189,-153],[82,-26],[194,21],[-23,26],[128,35],[38,-71],[243,-65],[74,-313],[-35,-115],[22,-84],[-27,-16],[124,-330],[15,-160],[-111,-122],[-159,-63],[-512,473],[-182,-85],[273,-195],[226,-342],[-84,-72],[-83,-75],[23,-7],[-26,-63],[-126,-187],[-35,1],[-107,-260],[-121,-343],[-47,-257],[15,-215],[54,-124],[49,-103],[58,46],[57,-27],[175,-123],[91,-118],[46,-140],[-53,-140],[-240,-423],[-146,-559],[2,-185],[-44,-19],[-69,114]],[[41792,27283],[-40,73],[-122,44],[-18,-75],[-74,-64]],[[41538,27261],[-91,50],[-55,-25],[-52,3],[-17,42],[52,86],[-92,28],[-12,87],[-40,-27],[-56,-33],[-43,67],[-1,45],[62,53],[-140,41],[-37,-73],[-45,13],[-7,39],[20,48]],[[40984,27705],[80,123],[-45,66]],[[41019,27894],[-17,32]],[[41002,27926],[-93,130]],[[40909,28056],[59,11],[23,4],[-5,24],[-42,49],[-50,-49],[-46,15],[-49,37],[44,97],[-58,34],[-32,37],[-95,-44],[-52,99],[54,94],[-50,23],[-74,-1],[-56,79],[-97,-25],[-10,1],[-81,9],[4,168],[-164,17],[-73,-58],[-27,-17],[-23,4]],[[40009,28664],[-5,4]],[[40004,28668],[-24,185],[-42,88],[-58,7],[-62,-119],[-19,-142],[-80,-26],[-9,-119],[43,-73],[-70,-137],[-119,-105],[-45,63],[-41,-8],[-68,6],[-132,-107]],[[39278,28181],[-9,-67],[-98,6],[-22,-71],[26,-31],[-31,-117],[-32,-52],[-52,-2],[-33,-95],[65,-54],[-4,-26],[-22,-26]],[[39066,27646],[-78,18],[-110,-193],[-14,-54]],[[38864,27417],[5,-53],[-56,-80]],[[38813,27284],[-10,0],[-73,-11],[-29,-57],[-31,-62],[-178,8],[-83,-82],[-133,-30],[-88,-74],[-49,2],[-7,-66],[-106,-17],[-197,-50],[-14,-56],[-143,76]],[[37672,26865],[-2,76],[-29,15],[58,96],[57,91],[3,8],[37,15],[-8,41],[32,141],[48,58],[36,16],[73,52],[-27,93],[12,16],[54,45],[48,77],[56,42],[4,9],[66,32],[73,18],[33,70],[14,44],[18,51],[21,79],[-71,19],[-76,8],[-47,-40],[-41,-35],[-33,16],[-12,32],[-25,40],[62,87],[22,43],[-33,34],[-17,17],[-18,21],[13,68],[56,47],[4,41],[-3,30],[3,40],[13,93],[-38,82],[-22,13],[-1,1],[-33,42],[-169,112],[-3,2],[-142,91],[0,31],[2,61],[2,40],[-52,44]],[[37998,29909],[-7,-8],[11,-3],[-4,11]],[[38181,30184],[2,6],[-1,0],[-1,-6]],[[37981,30046],[10,28],[-8,-20],[-2,-8]],[[39826,29393],[2,17],[-2,-17]],[[37916,31356],[-5,32],[-32,7],[37,-39]],[[33275,26624],[-89,-221],[-1,-6],[-174,24],[-49,-62],[-101,-17],[-56,60],[-125,33]],[[32680,26435],[-53,84],[-40,5],[-259,64],[-95,64],[-86,24],[-99,154]],[[32048,26830],[16,13]],[[32064,26843],[502,324],[59,236],[28,17],[8,9],[6,9],[8,13],[47,-42],[64,-74],[65,85],[69,-17],[22,3],[44,-8],[39,-14],[21,44],[12,53],[12,13],[6,10],[79,154],[4,98],[26,77],[-13,26],[20,30],[10,13],[73,10]],[[33275,27912],[5,12],[17,13],[23,15],[24,22]],[[33344,27974],[9,7],[8,10]],[[33361,27991],[-27,56],[-1,0],[-21,36]],[[33312,28083],[95,72],[55,56],[53,-17],[78,54],[-1,112],[15,51]],[[33607,28411],[1,32],[0,1]],[[33608,28444],[25,44],[-27,81]],[[33606,28569],[74,89],[0,2]],[[33680,28660],[14,28],[-16,95],[9,14],[23,15],[100,64],[11,31],[-48,45],[-28,90],[2,4],[-38,35],[22,21],[106,15],[-1,3],[-3,74],[1,5],[-3,16],[-46,-6],[-7,0],[-43,58],[26,26],[3,4],[76,43]],[[33840,29340],[3,2],[-3,-1]],[[33840,29341],[-8,40],[10,42],[-43,9],[34,32],[-16,34],[40,5],[-61,51],[-144,23],[-4,2],[-104,65],[-81,58],[-162,106],[-209,-151],[-138,8]],[[32954,29665],[37,75],[-30,146],[80,46],[42,104],[55,-10],[108,154],[7,130],[34,45],[2,76],[-44,49],[14,59]],[[33259,30539],[212,-181],[25,5],[-24,123],[34,25],[165,-57],[149,30],[163,109],[33,-44],[76,16],[85,8],[17,-69],[93,34],[26,-23],[13,-30],[11,-9],[12,-9],[23,-11],[89,-165],[139,-54],[48,-12],[9,1],[56,3],[101,-26],[13,113],[1,26],[10,66],[118,-3],[64,1],[57,5],[28,33],[61,-51],[29,-12],[10,44],[15,-24],[31,22]],[[35251,30423],[0,-9],[2,-69],[76,-72],[-3,-96],[2,-94],[-49,-29],[4,-81],[-43,-82],[56,5],[-1,-17],[-44,-102],[44,-67],[70,-33],[101,-2],[31,27],[89,-19],[0,7],[-16,39],[42,-2],[-12,-29],[26,-7],[3,4],[32,2],[51,15],[11,-10],[-28,-119],[26,-5],[64,-9],[39,-2],[100,42]],[[35924,29609],[-4,-168],[66,-71],[122,53],[68,14],[-12,29],[58,27],[100,46],[49,84],[71,2],[114,-127],[39,-98],[-77,-184],[-2,0],[-31,-50],[-42,-47],[-60,-27],[-14,-10],[-114,-61],[-12,-34],[-46,-12],[-13,-47],[45,-102],[-34,-26]],[[36875,30999],[51,0],[11,-34],[10,-26],[0,-70],[-69,-54],[-2,-5],[-41,-24],[-46,-136],[5,-84],[38,22],[-11,-107],[0,-38]],[[36821,30443],[-17,2],[17,-2]],[[36821,30443],[-39,-51],[-9,-13],[-41,-74],[-23,35],[-51,-74],[-76,-26],[-18,-4],[-23,-70],[-64,-9],[0,-80],[0,-29]],[[36477,30048],[-9,0],[9,-1]],[[36477,30047],[-1,-18],[-3,-146],[-1,-3],[-175,-53],[-35,4],[-12,3],[-76,4],[-136,-5],[-66,10],[-63,23]],[[35909,29866],[-32,77],[2,4],[62,57],[34,156],[43,82],[11,21],[63,109],[-120,37],[-46,22],[-80,-24],[-45,-16],[-47,-14],[-134,1],[-54,9]],[[35566,30387],[-14,109],[3,20],[8,24],[84,129],[-8,40],[9,127],[-105,41],[24,33],[48,51],[25,84],[9,76],[7,89],[2,51],[23,139],[6,46],[18,78]],[[35705,31524],[15,39],[18,72],[-6,53],[1,18],[34,50],[52,-35],[7,0],[149,54],[146,-107],[-49,125],[64,-7],[224,-10],[101,-53],[91,13],[9,1],[36,-2],[16,-98],[40,-26],[73,36],[90,97],[44,4],[61,-33],[80,7],[7,-37],[-4,-17],[64,-3],[21,111],[17,21],[62,8],[74,-45]],[[37242,31760],[73,-64],[3,-1],[101,-57]],[[37419,31638],[-56,-20],[18,-23],[-163,-121],[-79,-59],[-157,72],[0,-2],[-102,-7],[-1,1],[-58,11],[-40,-18],[-51,31],[-104,-62],[-27,-63],[51,-171],[112,-182],[113,-26]],[[36166,30923],[1,1],[27,16],[-28,-16],[0,-1]],[[36119,31092],[-75,48],[0,-1],[75,-47]],[[35363,29510],[-52,5],[52,-5]],[[31414,28031],[-14,60],[-38,-26],[2,29],[-21,19],[3,39],[1,-1],[-6,8],[-57,13],[-2,137],[22,67],[3,12],[2,8],[3,9],[2,8],[67,18],[21,6],[14,4],[5,15],[0,1],[9,18],[5,7],[1,1],[86,134],[-2,60],[-67,104],[-27,114],[18,210],[34,35],[-6,23]],[[31472,29163],[-2,4],[-106,73],[-6,69],[-2,27],[1,21],[3,30],[7,86],[26,26],[24,31],[69,125],[10,-1],[25,178],[99,66]],[[31620,29898],[25,-50],[89,2],[87,-1],[50,-6],[25,25],[0,-27],[63,-16],[5,-1],[71,-5],[60,-5],[34,-46],[7,0],[99,-44],[123,10],[128,3],[29,39]],[[32515,29776],[53,-35],[28,67],[2,11]],[[32598,29819],[200,-22],[0,-136],[47,-121],[2,-56],[103,-3],[2,1],[-1,0],[3,183]],[[33840,29341],[0,-1]],[[33680,28660],[-284,59],[-2,0],[161,-85],[51,-65]],[[33608,28444],[-77,-13],[-286,-151],[3,-53],[59,-129],[5,-15]],[[33361,27991],[-154,71],[-100,-1],[104,-19],[133,-68]],[[33275,27912],[-24,18],[24,-18]],[[32064,26843],[83,260],[87,63],[43,104],[-35,86],[24,61],[-7,42],[74,71],[25,26],[4,-1],[29,33],[10,46],[46,145],[18,76]],[[32465,27855],[32,-10]],[[32497,27845],[-32,11]],[[32465,27856],[10,56],[-44,-9],[-182,-46],[-56,-167]],[[32193,27690],[-5,-1]],[[32188,27689],[-143,-9],[-97,15]],[[31948,27695],[0,1],[-6,5],[48,91],[-4,13],[-51,29],[-37,11],[-53,-6],[-23,18],[-30,13],[-7,8],[-73,22],[-46,-9],[-38,-1],[-76,-20],[-215,-82]],[[31337,27788],[-1,0]],[[31336,27788],[15,69],[46,55],[18,24],[-1,95]],[[33312,28083],[14,179],[198,149],[83,0]],[[30707,27634],[148,140]],[[30855,27774],[69,6],[80,-5],[9,11],[163,21],[64,5],[51,-48],[45,24]],[[31336,27788],[58,-106],[26,-110]],[[31420,27572],[23,-99],[8,-31],[20,-39],[36,-36],[29,-50],[21,-37],[10,-58],[12,-72],[-13,-246]],[[31566,26904],[-151,-58],[-152,-14],[-74,-41],[-51,25],[-73,156],[47,26],[-9,67],[-90,74],[-8,7]],[[31005,27146],[-11,11],[-15,12],[-1,1],[-31,9],[-41,13],[-42,24]],[[30864,27216],[-5,22],[-38,26],[-38,51],[-198,124],[-39,40],[17,67],[-31,47],[69,67],[106,-26]],[[31001,27336],[0,-1],[0,1]],[[31193,27618],[10,9]],[[31203,27627],[-10,-9]],[[31623,27995],[5,-1],[-5,1]],[[32375,27400],[43,13]],[[32418,27413],[-43,-13]],[[32775,28319],[3,1],[-1,1],[-2,-2]],[[32910,28597],[1,-4],[-1,4]],[[32847,28628],[15,12],[-2,-1],[-13,-11]],[[33334,28722],[27,-6],[20,10],[-29,38],[-32,41],[-9,-76],[23,-7]],[[33200,28739],[-3,4],[-9,-18],[12,14]],[[33173,28892],[23,-4],[13,52],[47,6],[42,10],[77,-55],[42,37],[49,-42],[35,54],[34,-6],[-20,80],[-70,13],[-24,59],[85,-14],[34,45],[-473,156],[57,-160],[131,32],[9,-42],[-122,-49],[19,-62],[12,-110]],[[32913,28721],[1,-2],[-1,2]],[[32946,28715],[-2,2],[2,-2]],[[32965,28893],[14,-2],[-5,1],[-9,1]],[[32942,27872],[3,-9],[-16,-312],[54,-57],[13,389],[-14,1],[-40,-12]],[[32901,27954],[17,-27],[5,18],[-32,26],[10,-17]],[[31953,28814],[0,1],[-3,-2],[3,1]],[[32339,29028],[139,-9],[-15,84],[-104,8],[-53,-38],[8,-29],[25,-16]],[[32132,29511],[16,-97],[-151,-7],[2,-63],[207,47],[62,-43],[86,55],[97,-7],[12,88],[-170,27],[-160,188],[-28,-20],[45,-103],[-18,-65]],[[31617,29441],[131,95],[6,51],[-25,49],[-182,-24],[55,-96],[-14,-62],[29,-13]],[[32402,28516],[-37,-245],[79,32],[194,507],[22,125],[-74,5],[5,-36],[48,-4],[-19,-87]],[[32620,28813],[-9,-10],[-9,1],[-104,-282],[-96,-6]],[[32788,28082],[-3,7],[-41,-61],[44,54]],[[33049,28067],[-20,-11],[1,0],[19,11]],[[33554,29193],[7,-9],[-7,9]],[[33572,29488],[40,-96],[-40,95],[67,82],[-67,-81]],[[31123,27178],[6,3],[-4,-2],[-2,-1]],[[32546,27953],[-47,-14],[30,-25],[28,-25],[21,-8],[16,39],[-48,33]],[[33460,28421],[-53,-14],[53,14]],[[32633,27957],[40,-22],[20,46]],[[32693,27981],[-60,-24]],[[32497,27845],[0,1],[-6,27],[6,-28]],[[32693,27981],[2,0],[-2,0]],[[30588,31057],[-1,23],[-33,9],[-14,9],[9,42],[21,42],[-13,7],[-136,55],[-11,-9],[-3,-1],[-80,104],[-64,-60],[-14,-5],[-50,-112],[-13,5],[-48,-6],[-19,-91],[6,-43],[-5,-93],[32,-19],[-72,-72],[-75,-17],[2,-40],[-57,-3],[-42,-57],[28,-1]],[[29936,30724],[-65,-128],[-265,-26],[-152,-122],[-12,37],[-48,17],[-3,1],[-4,1],[-107,30],[-120,119],[1,31],[-58,-6],[-76,55],[-108,86]],[[28919,30819],[-25,93],[55,87],[-71,41],[12,95],[-4,95],[-2,109],[-1,19],[-3,68],[-7,3]],[[28873,31429],[212,96],[31,-23],[120,69],[18,44],[341,131],[69,79],[97,-15],[71,30],[27,-24],[61,31],[52,46],[81,1]],[[30053,31894],[18,-5],[54,-21],[44,37]],[[30169,31905],[96,-6],[8,11],[47,52],[84,-24],[-32,41],[2,42],[9,146],[150,-33],[-41,196],[176,20],[183,71],[153,32],[2,1],[218,44],[20,-21],[12,259],[61,3],[48,45],[72,-39],[140,90],[2,3],[166,5],[34,-34],[106,32]],[[31885,32841],[31,12]],[[31916,32853],[296,-346],[24,-47],[115,-40],[70,-25],[116,-40],[-37,-72],[-41,-118],[100,-90],[83,-167],[38,-75],[56,-122],[67,22],[30,-155],[102,-78],[35,-42],[43,9]],[[33013,31467],[95,-56]],[[33108,31411],[9,-40]],[[33117,31371],[-27,-61],[78,-3]],[[33168,31307],[4,-87],[55,-79],[111,-34],[27,-65],[-46,-46],[63,-119]],[[33382,30877],[-87,-99],[-77,-76],[41,-163]],[[32598,29819],[-59,-30],[-24,-13]],[[31620,29898],[-18,34],[-9,18],[-7,0],[-54,50],[-140,-76],[-75,-16]],[[31317,29908],[-8,-2]],[[31309,29906],[-3,-1],[-150,142],[-107,104],[-142,47],[-75,11]],[[30832,30209],[30,68]],[[30862,30277],[0,2]],[[30862,30279],[-20,35],[-12,49],[-9,19],[-88,28]],[[30733,30410],[12,217],[2,51],[2,45],[-17,98],[-61,-12],[-22,0],[-25,17],[43,25],[-9,22],[37,45],[-10,2],[-33,31],[2,38],[-19,7],[-4,3],[-11,12],[-32,46]],[[30672,31124],[6,1],[17,47],[-23,-48]],[[30621,31242],[10,9]],[[30631,31251],[-10,-9]],[[30690,31229],[22,-3],[-22,4],[0,-1]],[[32873,31515],[-117,143],[-172,70],[-27,2],[5,-97],[1,-72],[107,-70],[203,24]],[[31762,32179],[-2,2],[2,-2]],[[31442,32509],[12,-1],[-11,1],[-1,0]],[[32607,30601],[2,2],[-2,-2]],[[31736,31198],[145,-2],[-145,2]],[[31686,31823],[-140,9],[-3,101]],[[31543,31933],[-109,-7],[-45,39],[-111,-14],[49,-40],[13,-110],[54,-121],[189,21],[106,-44],[105,25],[-108,141]],[[31543,31933],[-2,4],[2,-4]],[[31259,31967],[-45,139],[-220,-1],[-72,-100],[118,-26],[49,12],[32,-174],[138,150]],[[31744,30598],[15,-19]],[[31759,30579],[-15,19]],[[31539,30379],[4,0],[-3,2],[-1,-2]],[[30838,30756],[-1,-4],[1,4]],[[30898,31234],[9,-27],[0,1],[-9,26]],[[30916,31066],[-9,-10],[6,1],[3,9]],[[31387,30853],[-1,-4],[1,0],[0,4]],[[30723,30929],[3,-4],[-3,4]],[[30223,31533],[2,-31]],[[30225,31502],[-2,31]],[[30437,31348],[-1,-2],[-1,-6],[2,8]],[[30585,31460],[2,3],[0,1],[-2,-4]],[[29746,31307],[-40,-13],[-55,-215],[43,34],[73,103],[-21,91]],[[30004,31246],[0,12],[0,-12]],[[31006,31647],[-70,-13],[-26,-45],[-52,-62],[3,-41],[-40,-20],[-53,28],[-29,-44],[-19,-24],[0,-11],[100,50],[20,-30],[119,73],[47,139]],[[30909,32011],[12,-6],[-12,6]],[[30851,31852],[-145,174],[-4,55],[-85,-3],[14,-70],[16,-121],[66,-86],[48,-5],[2,-48],[88,104]],[[30749,31727],[-1,1],[-76,3],[9,-35],[68,31]],[[30700,31433],[-6,-7],[-3,-11],[9,18]],[[32270,29968],[0,-1],[0,1]],[[32277,29886],[0,-1],[1,-1],[-1,2]],[[31036,30569],[15,-10],[13,7],[-28,3]],[[30642,31547],[5,2],[-7,9],[2,-11]],[[30704,31573],[0,-1],[0,-1],[0,2]],[[31544,31232],[0,3],[0,-1],[0,-2]],[[31506,30989],[133,-159],[-133,159]],[[34447,31772],[-73,-41],[-61,-165],[-96,-53],[-48,10],[-76,-70],[-23,-23],[-129,-135],[14,-51],[-51,-87],[21,-77],[-28,-161],[0,-1],[-31,-75],[-76,-28],[-51,-23],[-96,18],[-39,96],[-113,-75],[-11,-1],[-98,47]],[[33168,31307],[93,13],[20,76],[92,56],[-38,54],[-218,-135]],[[33108,31411],[82,107],[-63,62],[-56,-15],[-58,-98]],[[31916,32853],[124,73],[95,98],[54,63],[96,356],[1,78],[-62,109]],[[32224,33630],[-10,20],[-54,89],[-39,-19],[-189,163],[16,108],[-46,14],[-86,-74],[-17,-121],[-71,-36],[-27,-60],[-118,135],[-93,-14],[-23,162],[-85,40],[-70,-36],[-65,49],[-123,59],[-63,93],[10,58],[-139,5],[-52,260]],[[32843,36020],[0,1]],[[35334,36977],[44,-284],[167,-328],[146,-252],[200,-245],[248,-279],[127,-265],[77,-105],[51,-79],[71,-59],[58,-58],[214,-150],[69,-34],[90,-25],[191,62],[114,-55],[35,-81],[41,-132]],[[37277,34608],[11,-26],[-21,-25],[-34,-26],[-7,-6],[-28,-22],[-21,-17],[-10,-11],[-119,-91],[-48,-32],[-57,-26],[-68,-23],[-352,-188],[-138,-24],[-253,-46],[-13,-7],[-236,-211],[-135,-40],[-144,37],[-229,218],[-126,94],[-123,23],[-128,-107],[75,-112],[65,-101],[-102,-75],[-11,-53],[156,-104],[82,60],[89,-51],[172,-122],[79,-28],[-52,-61],[77,-8],[4,-55],[55,8],[-19,-64],[171,-69],[-124,-104],[-88,-79],[71,-69]],[[35698,32965],[-4,-3]],[[35694,32962],[-148,-157],[-39,-45],[-81,-106],[-42,-59],[-88,-28],[-40,-159],[79,-33],[67,-35],[14,-9],[41,-78],[-17,-59],[-1,-63],[-14,-82],[13,-288],[31,-109],[-78,-10]],[[35391,31642],[-24,27],[-68,2],[-40,75],[11,60],[-145,31],[-125,10],[-173,-106],[-5,0],[-44,22],[-141,47],[-86,30],[-58,-48],[-46,-20]],[[33438,31257],[22,-110],[73,-10],[45,73],[-52,69],[-88,-22]],[[33887,33957],[12,-2],[1,0],[-13,2]],[[37886,32226],[-80,21],[-56,-53],[-76,8],[-87,48],[13,39],[-48,67],[-11,6],[-45,9],[-36,32],[-102,-19],[-31,-54],[35,-49],[10,-74],[-8,-50],[2,-36],[-113,53],[-55,-57],[-17,-101],[-8,-2],[-15,-122],[12,-35],[72,-97]],[[35705,31524],[-218,-42],[-146,-31],[-4,48],[54,143]],[[35694,32962],[7,5],[-3,-2]],[[37277,34608],[58,27],[85,-21],[64,-109],[-38,-3],[-2,-44],[40,-6],[17,-57],[71,-45],[23,-187],[21,-181],[-29,-85],[-39,-88],[12,-327],[45,102],[33,245],[29,124],[4,185],[-1,167],[114,25],[116,77],[117,-30],[103,-30],[158,-80],[69,-128],[45,-26],[-24,91],[-35,303],[124,36],[175,-10],[98,-67],[85,-98],[77,50],[52,-7],[143,-37],[349,192],[254,-161],[134,-29],[465,-62],[157,37],[374,-93],[-16,-57]],[[39461,33048],[-47,-1],[0,37],[-125,2],[0,-70],[68,-1],[-1,-80]],[[37865,31608],[21,104]],[[37886,31712],[9,20]],[[37895,31732],[9,22]],[[37904,31754],[33,65],[30,26]],[[37967,31845],[52,20],[244,99],[1,1],[-22,83],[-45,-19],[-116,-47]],[[38081,31982],[0,88],[-64,-17],[22,34],[4,77],[-43,-20]],[[38000,32144],[-72,-42],[-11,-7],[-17,-9],[-49,52],[-6,9],[-20,29],[51,37],[10,13]],[[36549,32578],[71,-59],[76,47],[18,76],[-47,11],[97,47],[-78,-13],[-103,-28],[-34,-81]],[[36665,32457],[9,-12],[26,-36],[56,21],[152,38],[32,-43],[48,13],[-17,54],[-40,77],[-114,9],[10,-34],[-82,-27],[23,-23],[-103,-37]],[[36833,33578],[-24,42],[24,-42]],[[36833,33578],[2,-4],[-2,4]],[[36162,32940],[-3,3],[-33,-14],[36,11]],[[35855,32911],[-1,1],[1,-10],[0,9]],[[38495,33146],[0,1],[-9,3],[9,-4]],[[38739,33392],[20,-6],[-20,6]],[[35990,26877],[77,-18],[95,-65],[94,77],[-248,190]],[[36896,28632],[48,36],[18,8],[41,88]],[[37003,28764],[0,1]],[[37003,28765],[39,76],[-22,1],[48,92],[50,63],[3,1],[50,123],[17,43],[37,66]],[[37225,29230],[5,3]],[[37230,29233],[3,1]],[[37233,29234],[246,21]],[[37672,26865],[-62,-36],[-102,-18]],[[37508,26811],[-5,8],[-64,-3],[-98,-7],[-45,2],[-47,56],[-94,18],[11,38],[9,51],[-9,17],[-3,2],[-61,-41],[-18,-24],[-20,-10],[-36,-23],[5,-20],[-84,-20],[-3,-1],[-21,-9],[-4,-2],[-20,-10],[-24,-11],[-54,-23],[-36,-16],[-46,-44],[-29,-9],[-51,-56],[-50,-9],[-9,-3],[-8,-35],[-46,-34],[-50,54],[-21,1],[-15,-6],[-70,-73],[-8,-14],[-12,-7],[-33,-49],[-105,-41],[-24,-98],[-22,-22],[-11,-9],[-56,-55],[0,-1]],[[36121,26273],[-28,-21],[-32,-91],[-25,-97],[3,-38],[-12,-12]],[[36027,26014],[-47,11],[-25,-51],[-109,10],[-75,57],[-69,-26],[-43,-14],[-27,-125]],[[35632,25876],[-86,188],[-58,31],[-57,52],[-89,53],[15,35]],[[35637,26765],[37,-1],[3,100]],[[35908,27045],[9,-113],[73,-55]],[[36741,26864],[89,47],[-19,48],[-83,-20],[21,-39],[-13,-35],[5,-1]],[[36655,26810],[-5,0],[-2,-23],[7,23]],[[36812,26963],[-1,-3],[4,-2],[-3,5]],[[37434,27342],[-21,-43],[-20,-70],[92,-57],[-3,67],[-29,57],[-11,36],[-8,10]],[[37378,27289],[-43,21],[-15,-12],[-37,-45],[23,-19],[31,7],[41,48]],[[37040,27179],[-4,-2],[4,2]],[[37164,27262],[-42,1]],[[37122,27263],[42,-1]],[[37119,27027],[-11,1],[-23,-12],[34,11]],[[36327,26776],[28,-27],[45,-36],[54,12],[-16,28],[-19,22],[-70,27],[-66,53],[-13,-75],[57,-4]],[[37462,27804],[15,20],[-15,-20]],[[38188,27911],[-17,-3],[23,-19],[-6,22]],[[37687,27445],[-6,8],[-6,-1],[12,-7]],[[35761,26042],[1,0],[-1,0]],[[36932,26920],[1,0],[33,7],[-32,-7],[-2,0]],[[36198,27514],[1,-3],[1,0],[-2,3]],[[37174,28629],[1,0],[7,17],[-8,-17]],[[36602,27323],[-1,-9]],[[36601,27314],[1,9]],[[35632,25876],[-2,0],[50,-38],[78,-47],[-29,-26],[51,-84],[44,-43],[121,-46],[61,22]],[[36006,25614],[16,-76],[16,-115],[-39,-88],[-100,-72],[-31,-133],[8,-105],[85,51],[5,-7],[-78,-53],[9,-49]],[[35897,24967],[35,-122],[-8,-69],[93,-184],[75,-45],[91,23],[-49,-105],[-147,-142]],[[35987,24323],[-68,-4],[-64,98]],[[35855,24417],[-13,-4],[-58,-81],[-96,-18],[-33,31],[-61,56]],[[35594,24401],[-104,-19],[-25,-108],[-92,-121]],[[35373,24153],[-78,-12]],[[35295,24141],[-39,11],[-108,1],[-28,12],[-8,2],[-27,7],[-131,102],[-20,-21],[-125,-42],[-58,-4],[-78,-6],[-39,-4],[-22,-2],[-2,-1],[-24,1],[-49,53]],[[34537,24250],[-47,51],[82,46],[85,23],[15,-42],[86,5],[19,-1],[12,32],[6,44],[-41,54],[-69,37],[-25,32],[-14,70],[41,26],[-15,33],[-36,3],[-18,2],[-36,-36],[52,-77],[-112,27],[-62,8],[-20,-2],[-36,-10],[-149,-266],[-35,51],[3,89],[-82,94],[-83,15],[8,79],[-66,31],[-85,3],[-30,-9],[-9,55],[-11,32],[-48,-7]],[[33817,24742],[0,84],[-123,72],[-57,28],[-53,17],[-111,-26],[119,124],[-4,44],[-50,159],[-20,19],[6,46],[-93,95],[-86,61],[-95,-8],[-73,12],[131,151],[-16,37],[-39,63],[-70,27],[-42,4],[-64,-5],[-131,-157],[-91,-44],[-100,-13],[-96,87],[-145,124],[-56,20],[-52,19],[53,160],[45,67],[21,209],[38,71],[117,146]],[[34077,26843],[-112,-119],[39,-89],[-33,-52],[1,0],[20,-26],[157,89]],[[34639,25430],[-3,35],[-52,9],[55,-44]],[[34451,24614],[15,3],[82,83],[-6,46],[-65,-2],[16,57],[-119,1],[-23,-87],[49,-29],[20,-17],[48,1],[-17,-56]],[[34408,24826],[170,11],[77,249],[-65,10],[-62,-166],[-120,-104]],[[34593,24666],[-8,26],[-20,-32],[28,6]],[[35506,25901],[7,-9],[0,1],[-7,8]],[[34279,25524],[-57,-36],[-55,-36],[-14,-15],[169,-8],[24,55],[54,-4],[59,48],[-8,6],[-172,-10]],[[33998,25946],[98,-30],[17,40],[121,-10],[24,50],[-1,1],[-47,5],[-186,-13],[-26,-43]],[[34313,25940],[6,30],[-36,14],[-5,-38],[35,-6]],[[34072,24962],[10,8]],[[34082,24970],[-10,-8]],[[35500,25025],[-49,-9],[34,-62],[15,71]],[[35283,25539],[6,18]],[[35289,25557],[-6,-18]],[[35512,24904],[99,-119],[143,34],[-19,158],[-223,-73]],[[33876,26474],[-1,-5],[15,12],[-14,-7]],[[35352,25750],[4,8],[-4,-8]],[[35924,29609],[28,82],[-33,150],[-10,25]],[[36477,30047],[0,1]],[[37419,31638],[100,-48],[-3,-46],[15,-61],[20,15],[21,69],[53,40],[2,67],[2,-2],[23,32],[38,3],[41,6],[13,19],[28,-33]],[[37772,31699],[-3,-48],[72,-9],[-20,-32]],[[37845,31126],[-4,-3]],[[37886,30504],[-1,0]],[[37498,29991],[0,1]],[[37235,29390],[-5,-34],[3,-32],[0,-90]],[[37230,29233],[-5,-3]],[[37003,28765],[-20,11],[20,-12]],[[36968,30316],[1,3],[-1,0],[0,-3]],[[37276,30501],[1,0],[-3,2],[2,-2]],[[37572,30704],[0,-1],[14,0],[-14,1]],[[37816,31241],[-1,-4],[1,4]],[[37798,31557],[6,-2],[-9,3],[3,-1]],[[37729,31552],[-3,8],[-3,-4],[6,-4]],[[36970,31163],[-5,-30],[164,4],[115,75],[54,57],[-79,57],[-223,0],[6,-173],[-32,10]],[[36980,31079],[58,0],[-58,0]],[[37455,30627],[-2,3],[0,-1],[2,-2]],[[37671,31015],[6,32],[-5,-23],[-1,-9]],[[37675,30926],[-1,-14],[1,14]],[[37600,31182],[22,-3],[-22,3]],[[37849,30423],[1,-1],[-1,1]],[[37801,30194],[-1,0],[1,-1],[0,1]],[[36877,30150],[0,-1],[1,0],[-1,1]],[[30855,27774],[-134,-6],[-87,77],[-16,27],[-17,44],[-83,51],[-1,1],[-33,-8],[-22,-11],[-20,-33],[-24,-24],[-39,7],[-36,-7],[-15,-11],[-19,16],[-16,23]],[[30293,27920],[-138,6]],[[30155,27926],[-5,6],[5,52],[-131,88],[-22,110],[-59,10],[-43,40]],[[29900,28232],[-2,132],[-1,14],[-1,9],[-3,24],[-10,41],[-49,53],[-57,5],[-9,28],[-83,-7],[20,36],[218,82],[-1,34],[-16,3],[-70,-10],[-106,-27],[-97,-27],[-143,42],[-101,-16]],[[29389,28648],[-3,1]],[[29386,28649],[90,31],[55,86],[17,0],[118,39],[68,20],[40,12],[67,24],[7,96],[27,109],[5,24],[2,11],[68,168]],[[29950,29269],[1,3]],[[29951,29272],[128,77],[38,60],[2,26]],[[30119,29435],[0,1]],[[30119,29436],[-50,95],[65,119],[-5,86]],[[30129,29736],[107,-29]],[[30236,29707],[11,-1]],[[30247,29706],[175,-165],[24,-123],[31,-23],[15,20],[41,69],[26,14],[81,108],[0,49],[38,78],[70,11],[85,70],[-20,60],[26,62],[19,46],[-30,54],[34,80],[-13,46],[-18,37],[1,10]],[[31309,29906],[8,2]],[[30932,28550],[-1,3],[-16,-12],[0,-1],[3,-10],[6,-15],[56,-53],[-15,29],[-12,29],[-15,22],[-6,8]],[[31270,28728],[0,-1],[1,-1],[-1,2]],[[30990,28511],[-10,-9],[21,-30],[-3,10],[-8,29]],[[31388,28562],[-166,-81],[165,80],[1,1]],[[31065,28920],[1,-2],[19,103],[-20,-101]],[[31225,29504],[12,-24],[-4,27],[-8,-3]],[[30590,29054],[1,4],[-1,-4]],[[29967,28526],[-19,2],[19,-2]],[[35566,30387],[-41,26],[-31,10],[-84,39],[-13,10],[-123,9],[-24,31],[24,-71],[-23,-18]],[[32224,33630],[-220,-125],[-22,2]],[[31982,33507],[-9,-284],[-31,-62],[-94,-13],[37,-307]],[[30169,31905],[-92,129],[-202,44],[-190,122],[-52,-106],[124,-45],[103,33],[-33,-53],[24,-82],[202,-53]],[[28873,31429],[-64,94],[-132,118],[-177,44],[-292,-97],[-72,81],[-40,35],[-93,9],[-60,48],[-40,144],[-45,223],[3,21],[-60,47],[-62,-5],[-45,68],[-89,40],[-102,61],[-10,82],[0,77],[-62,80],[-105,50],[-58,42],[-16,102]],[[30381,33004],[-114,21]],[[30267,33025],[-145,22],[-65,10],[-36,-2],[-51,-1],[-72,4],[-57,-35],[-68,-29],[26,-101],[206,-37],[94,-93],[153,-15],[9,-14],[48,85],[88,-29],[-16,214]],[[30267,33025],[2,2],[-2,-2]],[[30172,32636],[14,-8],[0,2],[-14,6]],[[29833,33032],[5,-5],[-5,5]],[[30671,33878],[-3,49],[-8,26],[-84,0],[-97,-113],[11,-24],[-30,19],[-68,-61],[8,-78],[45,5],[17,-98],[76,-2],[46,51],[-16,121],[77,-5],[26,110]],[[30412,33926],[81,175],[-1,1],[-150,19],[-16,-148],[86,-47]],[[30454,33590],[-1,0],[1,0]],[[31982,33507],[-2,3],[2,-3]],[[30707,32950],[1,0],[-4,23],[3,-23]],[[31153,32957],[-39,-1],[-144,217],[-24,11],[-5,-40],[-60,50],[24,-62],[-33,11],[-4,-40],[105,-99],[4,-251],[121,29]],[[31098,32782],[1,0],[0,1]],[[31099,32783],[54,-1],[0,175]],[[31099,32783],[-1,-1]],[[31098,32782],[1,1]],[[38081,31982],[-25,-37],[-81,-34],[-8,-66]],[[37904,31754],[-6,2],[-3,-24]],[[37886,31712],[-94,31],[-20,-44]],[[37751,31883],[-2,-2],[2,1],[0,1]],[[37729,31918],[0,1],[-1,1],[1,-2]],[[37672,31779],[1,-1],[-1,1]],[[38000,32144],[-10,-72],[-6,-43],[16,115]],[[32188,27689],[4,0],[1,1]],[[32465,27856],[0,-1]],[[32048,26830],[-78,-11]],[[31970,26819],[-58,4],[-70,43],[-110,14],[-89,-22],[-74,43],[-3,3]],[[31420,27572],[90,1],[16,71],[82,40],[27,21],[-80,76],[-218,7]],[[31841,27747],[-1,-1],[7,3],[-6,-2]],[[31869,27754],[-12,-3],[12,3]],[[32251,27593],[5,0]],[[32256,27593],[-5,0]],[[31853,27484],[-1,0],[0,-2],[1,2]],[[30261,30490],[-51,35],[-41,-2],[-29,-11],[-37,45],[-29,61],[-21,83],[-56,28],[-61,-5]],[[30733,30410],[-89,-17],[-57,-10],[-20,-7],[-60,-25],[-64,10],[-14,22],[13,33],[-31,54],[46,75],[-31,-10],[-96,-51],[-1,0],[-34,8],[-34,-2]],[[30388,30709],[0,8],[-2,-1],[2,-7]],[[30372,30700],[-5,6]],[[30367,30706],[5,-6]],[[30278,30965],[4,0],[-4,0]],[[30339,30674],[0,4],[0,-4]],[[35668,30115],[0,2]],[[35668,30117],[0,-2]],[[31970,26819],[-14,-131],[-115,-39],[-57,33],[-69,-63],[-73,-4],[15,-268],[-14,-71],[-50,-18],[-89,-36],[-49,-88],[-2,-49],[-22,-36],[-4,-4],[-22,-26],[-17,-15],[-9,-11],[-6,-4],[-34,-48],[-5,-7],[-14,-21],[-24,-17],[-9,-10],[-9,-15],[-15,-14],[-1,-2],[-13,-25],[-4,-21],[-54,-123],[4,-66],[-58,-12]],[[31137,25608],[-77,66],[-121,57],[-43,28],[-59,21],[-47,17],[-50,14],[-31,7],[-35,9],[-50,14],[-39,10],[-22,7],[-14,5],[-78,40],[7,75],[-1,3],[-13,26],[-30,45],[-46,72],[-45,35],[-54,47],[-104,85],[-36,28],[-58,87]],[[30091,26406],[30,15],[36,14],[25,10],[93,59],[5,21],[5,21],[26,52],[7,44],[5,35],[81,102],[5,70],[23,123],[33,73],[11,45],[0,31],[38,27],[55,-27],[71,-3],[73,63],[105,-11],[46,46]],[[31150,26169],[-1,6],[1,-5],[0,-1]],[[31151,26112],[-3,3],[3,-3]],[[31123,25889],[-73,54],[73,-54]],[[30926,26088],[1,0],[-10,11],[9,-11]],[[30897,26140],[-5,2],[5,-3],[0,1]],[[30720,26353],[3,-5],[9,1],[-9,-1],[-3,5]],[[30946,26346],[-4,-8],[3,5],[1,3]],[[30625,26063],[1,6],[-5,-2],[4,-4]],[[30302,26264],[20,-18],[-20,18]],[[30348,26309],[24,-1],[-4,2],[-20,-1]],[[30350,26419],[4,4]],[[30354,26423],[-4,-4]],[[30410,26478],[35,-67],[-35,67]],[[31005,27146],[-7,-286],[7,286]],[[30713,26942],[0,-6],[0,2],[0,4]],[[31052,26180],[-1,0]],[[31051,26180],[1,0]],[[30862,30279],[0,-1],[0,-1]],[[30247,29706],[-11,1]],[[30129,29736],[-51,-28],[-271,-59],[-59,11],[-23,7],[-38,2],[-60,-5],[4,34],[-71,5],[-71,9],[-33,19],[-5,7],[-28,53],[-6,0],[-41,-14],[-49,-21],[-9,-3],[-24,1],[-23,16],[-10,7],[-19,13],[-8,5],[-73,38],[-75,25],[-15,7],[-29,9],[-51,-3],[-18,-6],[-12,9],[-40,-37],[-14,-37],[-2,0],[-17,-5],[-36,-18],[-34,-44],[-113,13]],[[28705,29746],[-36,46],[-46,89]],[[28623,29881],[-10,31],[-13,49],[-37,75],[5,11],[-42,115],[-26,36]],[[28500,30198],[35,26],[21,15],[3,64],[-111,-24]],[[28448,30279],[-2,51]],[[28446,30330],[42,97],[36,9],[101,-11],[86,75],[23,52],[21,29],[108,-24],[65,40],[-50,99],[25,122],[16,1]],[[30399,30295],[-3,2],[-1,-13],[4,11]],[[29806,30187],[-14,-3],[-7,-5],[21,8]],[[29430,30207],[0,1],[-13,-29],[13,28]],[[29448,29869],[27,22],[-16,-13],[-11,-9]],[[29005,29941],[-1,-3]],[[29004,29938],[1,3]],[[29010,29981],[4,-6],[-4,6]],[[29020,29993],[-1,6],[-1,-1],[2,-5]],[[29038,30014],[-1,-4],[2,1],[-1,3]],[[28739,30152],[42,-4],[47,81],[2,16],[-59,20],[-26,9],[-6,-60],[0,-62]],[[29184,29975],[-6,0],[-2,-4],[8,4]],[[29054,29989],[-1,-6],[2,1],[-1,5]],[[28043,29519],[-90,-33],[-79,-16],[-16,-5],[-10,-18],[-9,-22],[-5,-17],[-49,-168]],[[27785,29240],[-50,46],[-73,53],[-14,15],[-34,26],[-19,17],[-24,18],[-22,15],[-50,54],[-71,37],[-46,52],[-44,34],[-57,40],[-162,84],[-94,50],[-76,43],[-47,23],[-64,33],[-62,27],[-86,52],[-11,76],[-39,61],[-357,220],[-17,14],[-303,217],[-105,78],[-96,77],[-121,86],[-83,61],[-153,168],[-62,105],[85,109],[91,33],[4,45],[181,49],[98,122],[76,79],[66,-95],[34,-62],[132,75],[118,-72],[35,25],[114,200],[59,-38],[86,146],[155,-14],[-3,126],[-64,48],[469,334]],[[27079,32232],[45,-90],[24,-166],[142,-92],[45,-53],[56,-80],[15,-65],[79,-61],[33,-32],[23,-57],[0,-1],[-33,-221],[1,-41],[-15,-38],[0,-2],[-6,-27]],[[27488,31206],[-4,-9]],[[27484,31197],[-6,-19]],[[27478,31178],[59,-106]],[[27537,31072],[69,-116],[3,-3],[123,32],[53,-10],[34,-22],[16,-18],[119,-123],[14,-10],[37,-17],[3,-3],[50,-33],[50,-11],[11,-60],[25,-105],[-41,-39],[-53,-112],[124,-44],[142,-15],[40,4],[83,-34],[7,-3]],[[28448,30279],[-37,-44],[52,-27],[37,-10]],[[28623,29881],[-129,-94],[-53,-15],[-175,-55],[-43,-41],[-19,-20],[-28,-21],[-54,-29],[-33,-34],[-46,-53]],[[27634,22455],[-156,122],[0,87],[138,68],[154,-90],[141,-55],[204,-105],[155,-49],[175,-76],[19,-75],[-53,-116],[55,-34],[-9,-59],[-102,-8],[-97,91],[-128,69],[-152,76],[-2,-2],[-342,156]],[[28010,29550],[5,-5],[2,34],[-7,-29]],[[31467,25432],[-13,11],[-29,16],[-47,20],[-21,8],[-71,56],[-55,25],[-94,40]],[[33817,24742],[-168,-74],[-59,-103],[-217,-121],[-94,-61],[-80,-13],[-33,-63],[-14,-65],[-72,-106],[-60,21],[-73,20],[-18,43],[-24,56],[-87,57],[-15,7],[-2,2],[-124,41],[-16,3],[-7,2],[-91,-1],[-18,-22],[-84,24],[-19,52],[21,53],[-16,26],[-12,20],[0,19],[-42,34],[-46,37],[-54,24],[-9,4],[-12,-2],[-12,0],[-10,0],[-39,-26],[-9,-37],[-64,16],[-46,61],[-25,43],[26,30],[5,7],[10,25],[-4,15],[-5,14],[-4,9],[-13,15],[-9,11],[-35,24],[-18,8],[-21,28],[-19,27],[-13,33],[2,23],[2,13],[-24,24],[-23,4],[-62,45],[-27,54],[-10,14],[-28,18],[-20,19],[-27,24],[-29,28],[-55,43],[-52,41],[-21,13],[-24,15],[-13,10],[-11,8],[-8,10],[-10,8],[-13,9],[-19,16],[-18,20],[-10,14]],[[32014,25333],[2,0],[-2,1],[0,-1]],[[32040,25463],[97,-8],[0,1],[-97,7]],[[31829,25802],[4,-6],[-4,6]],[[32675,25283],[-35,-223],[-80,-16],[7,-77],[-99,-115],[129,-108],[8,3],[55,25],[102,116],[22,89],[-59,247],[-50,59]],[[31885,25962],[1,0],[1,6],[-2,-6]],[[28294,28221],[42,29],[-2,55],[34,4],[13,-4],[181,104]],[[28562,28409],[25,0],[67,36],[189,31],[23,12],[109,13],[11,3],[19,7],[49,23],[75,-23],[16,59]],[[29145,28570],[66,72],[106,-23],[53,32]],[[29370,28651],[16,-2]],[[29386,28649],[3,-1]],[[29389,28648],[157,-65],[99,-109],[8,-57],[129,-70],[93,-60],[24,-59],[1,4]],[[30293,27920],[-45,-46],[45,46]],[[30091,26406],[-52,45],[-60,47],[-58,30],[-66,42],[-66,78],[-74,73],[-114,86],[-210,160],[-80,63],[-25,20],[-74,57],[-167,135],[-179,131],[-190,135],[-52,38],[-89,73],[-189,138],[-144,119],[-130,126],[-41,155]],[[28031,28157],[133,-85],[47,58],[0,72],[11,8],[54,2],[18,9]],[[29223,27514],[-8,5],[8,-5]],[[30079,27469],[-83,29],[83,-29]],[[29355,27551],[8,7],[0,1],[-8,-8]],[[29104,27478],[5,-2],[-1,3],[-4,-1]],[[29870,26934],[2,6],[-2,-6]],[[29456,27030],[18,-7],[3,-4],[-3,4],[-18,7]],[[25424,33712],[2,1]],[[26428,32998],[41,-289],[-63,-162],[-157,-172],[-26,-165],[-17,-71],[-53,-26],[29,-170],[-41,-58],[-103,-42],[-66,-100],[-134,-94],[-245,-79],[-187,-173],[-115,9],[-37,-3],[-81,-57],[-45,57],[20,53],[-43,88],[-67,74],[-50,145],[-13,37],[-107,136],[-171,189],[-44,89],[-76,179],[-19,55],[-42,94],[-77,188],[-47,81],[-100,168],[-14,13],[-29,24],[-387,217],[-2,0],[-198,120],[-129,184],[-6,9],[-39,50],[-102,131],[-91,108],[-96,120]],[[24089,33764],[-2,1],[-1,-35],[3,34]],[[24230,33561],[0,-1],[1,1],[-1,0]],[[24648,32677],[-1,0],[1,0]],[[24696,32291],[0,-2]],[[24696,32289],[0,2]],[[25313,32172],[-83,-41],[-2,-32],[64,-160],[60,-10],[44,41],[-83,202]],[[25437,31965],[-10,-3],[3,-162],[133,-18],[101,85],[1,66],[-87,19],[-61,-57],[-49,9],[-31,61]],[[24441,32896],[1,-1],[0,1],[-1,0]],[[27537,31072],[46,31],[31,51],[-34,33],[-102,-9]],[[27484,31197],[4,9]],[[27079,32232],[-50,59],[-22,178],[-17,17],[-141,116],[-164,316]],[[27760,31413],[1,0],[-1,0]],[[27702,31498],[0,1],[-7,23],[7,-24]],[[27805,31320],[-12,-11],[12,11],[0,0]],[[27782,31402],[2,-3],[1,1],[-3,2]],[[27701,31431],[1,0],[-1,0]],[[28277,31029],[5,9],[-4,6],[-1,-15]],[[27781,31678],[1,0],[-10,0],[9,0]],[[29370,28651],[-17,23],[-34,92],[-75,140],[-12,111],[-13,59]],[[29219,29076],[6,38],[1,6],[-25,11],[-20,6]],[[29181,29137],[23,18],[-24,-18]],[[29180,29137],[-39,27],[-9,9],[-7,37],[-44,9],[-44,8],[0,33],[0,14],[-5,21],[-11,31],[-1,2],[-42,42],[17,48],[-10,14],[-5,43],[-17,41],[-10,9],[-10,18],[-8,12],[-30,27],[-12,13],[-12,12],[-8,8],[-41,33],[-75,12],[-52,86]],[[30119,29436],[-58,14],[58,-15]],[[29951,29272],[0,1],[-1,-4]],[[29695,29030],[-1,0],[-2,-21],[3,21]],[[29623,28885],[0,17],[0,-17]],[[29399,29263],[1,2],[-1,-2]],[[29255,29285],[-1,0],[1,0]],[[29297,29286],[12,-7],[-13,13],[1,-6]],[[29749,29499],[-1,0],[1,0]],[[28562,28409],[-43,12],[-77,26],[-60,39],[12,53],[-25,54],[-24,74],[-39,54],[-7,19],[-17,54],[-1,7],[-1,36],[-6,89],[-52,4],[-91,-40],[-75,55],[-91,-42]],[[27965,28903],[-43,47],[-31,42],[45,59],[-44,81],[-46,58],[-61,50]],[[29180,29137],[1,0]],[[29219,29076],[-236,-55],[-41,-52],[38,-104],[34,-118],[97,-90],[11,-31],[23,-56]],[[28031,28157],[-13,47],[38,60],[72,-1],[35,61],[-13,83],[-59,98],[-38,57],[-9,14],[-17,18],[-28,28],[-22,20],[-1,10],[-23,22],[-5,15],[5,20],[19,3],[10,0],[6,3],[11,16],[5,57],[-39,115]],[[28110,28583],[2,-2],[-1,2],[-1,0]],[[28180,28566],[1,1],[-2,-1],[1,0]],[[27977,28668],[0,-1],[1,1],[-1,0]],[[27980,28659],[0,-1],[2,2],[-2,-1]],[[27989,28683],[1,0],[0,2],[-1,-2]],[[27974,28697],[0,2],[0,-2]],[[28107,28661],[0,-1],[1,1],[-1,0]],[[28062,28634],[-1,-1],[1,1]],[[28027,28653],[0,-1],[0,1]],[[28019,28664],[-1,2],[1,-2]],[[28141,28670],[-1,-1],[1,0],[0,1]],[[39546,22446],[-29,-48],[-23,-10],[-24,-14]],[[39470,22374],[-26,44],[-42,25],[-33,36],[-114,71],[-66,14]],[[39189,22564],[-126,23],[-24,32],[23,53],[40,8],[66,122],[21,9],[23,-26],[60,-53],[40,23],[-19,61],[-36,83],[-12,20],[5,78],[36,37]],[[39286,23034],[0,-5],[20,-4],[0,22]],[[39306,23047],[46,21],[51,48],[28,1],[119,36]],[[39550,23153],[17,-46],[122,11]],[[39689,23118],[7,-57],[17,-38],[23,-41],[42,-54],[33,43],[72,36],[10,-29],[13,-81],[57,-22],[6,11],[34,39],[44,59],[11,0],[128,5],[61,1],[-3,-28],[-80,2],[10,-42],[75,-3],[53,-9],[-35,-15],[1,-39]],[[40268,22856],[8,-2]],[[40276,22854],[118,9],[-5,-71],[-31,-86],[-131,8],[-1,-1]],[[40226,22713],[-151,-76],[0,-27],[73,22],[-4,-49],[89,23]],[[40233,22606],[3,-22],[189,23],[23,45],[51,28],[-2,-53],[53,-57],[54,-3],[43,-51],[35,-58],[4,-18],[-35,-109],[3,-79],[-1,-32],[9,-44],[21,-40],[-21,-46],[3,-56],[-50,-13],[7,-37],[18,-51],[38,0],[39,95],[33,5],[70,6],[72,3],[8,-12],[-22,-116],[-2,-30],[17,-2],[114,-20],[62,-38],[2,-27],[-4,-37],[0,-14],[2,-47],[2,-80],[101,-39],[-19,-42],[13,-42],[2,-1],[52,-45],[3,-55],[54,-12],[15,62],[66,-15],[-9,-33]],[[41349,21397],[44,-16],[71,-1],[0,50],[32,-2],[23,52],[20,-46],[11,35],[-8,-68],[42,18],[-1,-62],[77,9],[3,31],[31,-20],[-12,59],[32,-18],[9,59],[62,52]],[[41785,21529],[48,-41],[-43,-183],[-33,-215],[-49,-70],[-19,-83],[-35,-5],[-2,-47],[-82,-57],[9,-37],[141,39],[-14,-56],[-10,-65],[22,-61],[-60,-77],[-86,1],[-44,9],[1,-46],[18,-44],[-36,-50],[-54,43],[-8,-41],[-61,25],[-105,-37],[-39,38],[-41,6],[-48,8],[-46,0],[-17,-8],[-78,12],[-57,34],[-31,45],[-41,40],[-12,59],[-9,33],[8,28],[0,13],[-4,12],[11,34],[7,14],[2,7],[3,9],[-11,108],[-111,110],[14,54],[4,69],[-14,2],[-25,-32],[-23,34],[-32,-14],[-37,-101],[-70,86],[-147,90],[-183,100],[-164,199],[-52,129],[63,50],[17,37],[-108,40]],[[40012,21776],[-27,48],[-59,63],[-22,34],[-5,21],[-1,15]],[[39898,21957],[-4,29],[-6,44]],[[39888,22030],[30,45],[25,61],[-9,47]],[[39934,22183],[41,-12],[-42,41],[-16,-6]],[[39917,22206],[-39,18],[-12,28]],[[39866,22252],[-21,40]],[[39845,22292],[-31,45],[-10,63],[-54,-36],[-18,35],[25,44],[-45,16],[-27,-45],[-13,-1],[-27,12],[-12,66],[-73,-37],[-14,-8]],[[39539,22495],[37,68],[35,-9],[-16,40],[-86,3],[-25,-32],[42,-25],[13,-45]],[[39497,22689],[63,4],[29,90],[-7,66],[-68,-37],[-45,-74],[28,-49]],[[39338,22904],[56,-23],[51,138],[-6,6],[-46,20],[-36,-65],[-36,34],[-17,-16],[73,-48],[-18,-33],[-21,-13]],[[39988,22273],[20,-48],[63,-7],[-14,79],[-1,20],[-57,3],[-11,-47]],[[40867,21087],[3,-12],[106,-40],[-90,-17],[39,-89],[11,-2],[20,2],[46,193],[-135,-35]],[[40967,20762],[8,-42],[-6,-22],[3,-13],[3,-24],[1,-27],[8,-18],[33,-23],[48,-10],[33,-2],[31,1],[23,2],[55,-6],[45,-12],[-54,47],[12,12],[-120,66],[-48,38],[6,77],[-9,1],[-22,-12],[-21,-13],[-8,-6],[-13,-8],[-8,-6]],[[40717,21337],[-24,-40],[112,33],[29,27],[-32,25],[-85,-45]],[[40173,21587],[0,-1],[1,1],[-1,0]],[[41221,20919],[-13,-17],[4,-8],[9,25]],[[41286,20824],[-4,-5],[4,5]],[[41349,21397],[-10,3],[1,-6],[9,3]],[[40137,22528],[-3,34],[7,50],[-53,-29],[0,-34],[49,-21]],[[41585,20907],[33,32],[-29,4],[-4,-36]],[[41633,21052],[27,55],[-28,15],[-9,-23],[10,-47]],[[41650,21259],[3,-1],[-12,45],[-46,8],[2,-38],[53,-14]],[[38380,22793],[-7,-1],[-63,-18],[-27,-6],[-2,19],[-15,36],[-43,42],[-55,-31],[-59,85],[-2,19]],[[38107,22938],[-2,13],[-38,35],[-112,47],[-69,73],[-112,107],[5,56],[-37,-19],[-49,4],[-39,56],[-90,-5],[-111,-136],[-57,-4],[-90,-10],[-94,81],[-201,8],[-97,140],[-106,26]],[[36808,23410],[1,1],[183,198]],[[36992,23609],[71,-80]],[[37063,23529],[147,-46],[89,39],[90,-21],[45,71],[79,9]],[[37513,23581],[40,-25],[205,21],[68,71],[20,35],[94,-22],[37,122],[104,29],[-12,20]],[[38069,23832],[123,55]],[[38192,23887],[12,-46],[34,-37]],[[38238,23804],[19,-68]],[[38257,23736],[0,-1]],[[38257,23735],[80,11],[23,-78],[48,-135],[24,1],[-28,105],[21,59],[53,18],[39,74],[89,51],[38,-158],[30,-16],[-4,167],[-1,12],[0,58],[43,27],[3,96],[96,89],[11,58]],[[38822,24174],[58,28],[45,24],[38,45]],[[38963,24271],[33,-10],[23,26],[-14,44]],[[39005,24331],[-7,27],[-59,-37],[-90,40]],[[38849,24361],[87,122],[37,78],[25,26]],[[38998,24587],[54,101],[24,49],[19,42]],[[39095,24779],[-9,66],[13,32],[12,57]],[[39111,24934],[62,90],[-21,79],[89,75],[85,110],[-23,74],[93,30]],[[39396,25392],[52,-10],[-19,-75],[75,-36],[69,22],[61,8],[6,53],[37,-17],[82,53],[47,76],[131,168],[52,8],[63,117],[116,42],[41,-1],[-1,-29],[181,106],[84,-19],[54,57],[18,-48],[51,12],[98,-71],[-4,-45],[144,5],[38,-64],[31,83],[54,-30],[70,19],[46,141],[51,-9],[-19,-69],[28,-32],[89,42],[21,55],[75,-33],[-11,-75],[57,-63],[62,1],[28,-38],[81,63],[28,-43],[49,8],[-14,-44]],[[41598,25680],[13,-49],[45,-13],[24,29],[33,-31],[-17,-88],[43,-23],[-101,-82],[11,-115]],[[41649,25308],[15,-89],[-70,-46],[15,-40],[111,35],[68,21]],[[41788,25189],[-11,-129]],[[41777,25060],[-170,8]],[[41607,25068],[1,63],[-87,-13],[15,-122],[8,-78]],[[41544,24918],[-68,-59],[-59,42],[-132,-45],[-24,-60],[-12,-84],[-84,-26],[-29,-21],[13,-76],[-68,-77],[10,-77],[-48,-31],[-39,27],[-50,-4],[-21,-43],[-16,-63],[-53,-15]],[[40864,24306],[-14,21],[-107,17],[-47,-43],[-31,-9],[-39,24],[-43,-22],[-54,-48],[-75,19],[-71,-41],[-41,9],[-17,35],[-44,-3],[-85,-97],[-26,-29],[1,-23],[53,-149],[-33,-13],[-40,11],[-73,-21],[-57,4],[-48,13],[-15,22],[-64,-80],[-20,-82],[35,-10],[5,-17],[12,-2],[26,19],[40,-7],[34,-12],[13,-59],[-83,-51],[-80,-48],[-15,-8]],[[39861,23626],[-63,-39],[-39,-45],[-54,-40],[-41,-50],[10,-38],[61,1],[10,-14],[-31,-51],[-17,-29],[-21,-53],[-17,-41],[-23,-32]],[[39636,23195],[-65,-21],[-14,-4],[-6,-12]],[[39551,23158],[-78,50]],[[39473,23208],[0,1]],[[39473,23209],[7,15],[-45,-5],[-16,75],[-104,61],[-8,-12],[-2,-48],[-76,-24],[-38,-59],[-20,12],[-106,-4],[-15,0],[-30,-13],[-34,-30],[-21,25],[12,38],[29,50],[-18,19],[-34,-45],[-2,77],[-21,-26]],[[38931,23315],[-30,-6],[-94,-56],[6,-64],[58,-24]],[[38871,23165],[-42,-46],[-44,-64],[-19,-55]],[[38766,23000],[-21,-42],[-60,-56],[-109,-30]],[[38576,22872],[-65,-33]],[[38511,22839],[0,20],[-4,2],[-14,-6]],[[38493,22855],[-72,-61],[-41,-1]],[[38340,22990],[2,2],[-6,0],[4,-2]],[[38375,23907],[-21,-32],[-42,13]],[[38312,23888],[-53,53]],[[38259,23941],[-1,3],[5,82],[22,25],[7,13],[27,50],[16,37],[81,20],[5,1],[54,10],[13,5],[6,-32],[92,-28],[40,-59],[7,-47],[-47,-50],[-5,-37],[-81,-54],[-125,27]],[[38586,23181],[49,-18],[31,50],[-41,14],[-86,15],[-19,-43],[66,-18]],[[37836,25259],[50,58],[13,39],[1,4],[3,-121],[-67,20]],[[37798,25244],[20,-5],[-19,-22]],[[37799,25217],[-9,-46]],[[37790,25171],[-52,3],[-85,5],[-62,8],[2,7],[7,36]],[[37600,25230],[38,13]],[[37638,25243],[38,-19],[95,-12],[27,32]],[[38503,23271],[105,137],[57,47],[-37,43],[-15,8]],[[38613,23506],[-12,-12]],[[38601,23494],[-112,-125],[-27,-72],[41,-26]],[[38885,23427],[14,-41],[68,-14],[32,65]],[[38999,23437],[21,87],[-102,-8]],[[38918,23516],[-5,-1],[-43,-5],[15,-83]],[[37487,24901],[7,-4]],[[37494,24897],[43,-53]],[[37537,24844],[-65,-35],[-35,24],[-38,-47]],[[37399,24786],[-1,2]],[[37398,24788],[-42,58],[71,27],[60,28]],[[38358,23313],[1,12],[-45,69],[-25,32],[-56,-22],[-24,-24],[-7,-69],[52,-53],[104,55]],[[38510,23576],[32,-44],[34,26],[30,37],[-23,48],[-72,-63],[-1,-4]],[[38262,24945],[49,-62],[23,-55],[2,-23],[-89,-28],[-21,61],[-84,157],[7,70],[63,54]],[[38212,25119],[12,-137],[38,-37]],[[37738,24550],[-16,-72],[-73,79],[33,44],[23,11],[36,97],[29,-10],[0,-2],[-15,-69],[33,-41],[-50,-37]],[[39486,23822],[-11,-28],[21,-102],[28,4],[10,14],[0,71],[-22,48],[43,17],[-48,12],[-21,-36]],[[39496,23584],[-26,29],[-8,-17],[37,-70],[58,-1],[0,29],[-5,24],[-56,5],[0,1]],[[39313,23593],[-22,-28],[2,-108],[45,-3],[54,-1],[50,94],[-9,19],[-120,27]],[[37165,24838],[49,-60]],[[37214,24778],[2,-13],[14,-19],[-71,-104]],[[37159,24642],[-5,43],[-59,8],[47,137],[23,8]],[[36479,24936],[33,-12],[-62,-99],[-15,-44]],[[36435,24781],[-15,1]],[[36420,24782],[-46,52],[56,93],[49,9]],[[39728,23603],[76,64],[-1,0],[-29,-9],[-15,60],[-53,-68],[22,-47]],[[37514,24154],[28,-82],[0,-15],[-131,-38],[-50,105],[21,6],[56,19],[29,58],[47,-53]],[[39406,24117],[0,1],[-1,6],[1,-7]],[[39896,23957],[-1,0],[-2,-5],[3,5]],[[38842,24584],[-29,-162],[-116,52],[-10,24],[121,113],[42,11],[-8,-38]],[[38214,24455],[-17,-50],[-49,10],[6,39],[60,1]],[[40372,24393],[34,-64],[54,-10],[45,119],[-16,43],[-66,-22],[-51,-66]],[[36768,24558],[-63,-101],[-36,-5],[8,36],[-2,77],[49,16],[40,-17],[48,78],[104,-56],[36,-60]],[[36952,24526],[-75,-5]],[[36877,24521],[-76,40]],[[36801,24561],[-33,-3]],[[40649,24619],[4,0]],[[40653,24619],[-4,0]],[[40557,24586],[1,1],[-1,0],[0,-1]],[[40376,24477],[1,0]],[[40377,24477],[-1,0]],[[38928,24847],[30,-21],[-7,-7]],[[38951,24819],[-98,-99]],[[38853,24720],[-116,5],[16,44],[-3,20],[22,24],[23,40],[133,-6]],[[41043,25159],[2,-7],[-1,7],[-1,0]],[[39621,24886],[-116,-10],[101,-121],[-65,-27],[28,-111],[68,24],[-16,245]],[[38378,25516],[5,-22],[11,-52],[-93,-18],[-32,122],[12,12],[25,40],[108,-5],[-4,-73],[-32,-4]],[[38795,25120],[18,-26]],[[38813,25094],[-37,-29],[-5,-73],[-64,40],[55,131]],[[38762,25163],[33,-43]],[[39313,23399],[11,-2],[-11,2]],[[38326,24436],[1,-3],[16,-71],[25,-127],[-68,-94],[-51,24],[-13,102],[35,8],[7,142],[16,22],[32,-3]],[[39318,24735],[120,-43],[63,64],[43,52],[-39,40],[-97,-102],[-90,-11]],[[40644,25234],[-60,12],[-22,-51],[-47,43],[-64,-41],[21,-137],[102,-25],[17,4],[53,55],[49,22],[3,50],[-52,68]],[[37336,25383],[-35,-38],[-71,-47]],[[37230,25298],[1,-32]],[[37231,25266],[-22,30]],[[37209,25296],[-51,73],[178,14]],[[38041,23579],[-1,0],[-4,-5],[5,5]],[[37520,25698],[-50,-2],[-29,-51],[-90,-13],[48,141],[90,66],[54,-59],[-23,-82]],[[37185,26281],[35,-11],[-4,-64]],[[37216,26206],[20,-59]],[[37236,26147],[-84,-11],[-40,31]],[[37112,26167],[-2,8]],[[37110,26175],[-9,58],[48,61],[36,-13]],[[38139,23940],[-88,-102]],[[38051,23838],[-41,11],[-93,-62],[-48,42]],[[37869,23829],[2,15],[12,14],[171,82],[85,0]],[[37083,25586],[106,-158],[-76,-23],[-3,2],[-7,2],[-24,-14],[-58,24],[-10,4],[69,167]],[[37080,25590],[3,-4]],[[40432,24610],[2,-1],[1,1],[-3,0]],[[36246,25150],[4,-51],[-68,-8],[-10,38]],[[36172,25129],[17,31],[57,-10]],[[37472,25338],[-90,-108],[-78,30],[24,68],[144,10]],[[36862,24386],[15,42]],[[36877,24428],[11,18],[-11,75]],[[36952,24526],[84,8],[6,1],[74,-19],[36,41],[117,9]],[[37269,24566],[2,-10]],[[37271,24556],[-26,-90],[-25,8],[29,-52],[19,-38],[20,-21],[-34,-21],[7,-25],[60,30],[85,27],[0,30],[-7,65],[6,20]],[[37405,24489],[-20,91],[-27,-91]],[[37358,24489],[-21,-2]],[[37337,24487],[-13,114]],[[37324,24601],[-54,48],[-112,-57],[1,45],[0,5]],[[37214,24778],[11,17],[18,36],[-34,37],[-14,26],[-7,14],[-7,6],[-44,60],[47,33],[-9,46],[33,31],[25,117],[45,-4],[23,62],[-71,39]],[[37336,25383],[114,73],[-9,62],[20,22],[-23,83],[219,-39]],[[37657,25584],[21,-21],[108,-60],[144,8],[-2,43],[20,31],[100,9],[52,46],[63,34],[60,-17],[51,-14],[88,67],[38,13]],[[38400,25723],[92,10],[65,-115],[7,-8],[28,-110],[-29,-26],[45,-65],[5,-112],[1,-46],[2,-43],[29,-8],[9,7],[108,-44]],[[38813,25094],[61,-38],[13,-47],[35,4],[2,-7],[187,-72]],[[39095,24779],[-144,40]],[[38853,24720],[-4,-7],[149,-126]],[[38849,24361],[-24,-10],[12,-68],[-15,-109]],[[38257,23735],[0,1]],[[38238,23804],[69,25],[-35,59],[40,0]],[[38259,23941],[-67,-54]],[[38069,23832],[-18,6]],[[37869,23829],[-54,-19],[-46,-32],[5,-105],[-52,33],[-209,-125]],[[37063,23529],[28,81],[105,106],[285,56],[-42,54],[-65,89],[-70,32],[-10,18],[-23,34],[-64,26],[-96,-2],[-102,-120],[-59,-160]],[[36950,23743],[-25,4],[-110,10],[-44,-7],[-62,9],[-42,64],[17,197]],[[36684,24020],[39,106],[58,87]],[[36781,24213],[53,110],[28,63]],[[38931,23315],[-17,-117],[-43,-33]],[[37782,25019],[57,158],[-40,40]],[[37638,25243],[36,63],[14,45],[-50,57],[-125,12],[-6,-55],[31,-54],[-41,-79],[85,-31],[18,29]],[[37790,25171],[-14,-48]],[[37776,25123],[-67,3]],[[37709,25126],[2,6],[-3,-6]],[[37708,25126],[-37,-14],[-65,49],[47,-119],[99,-2]],[[37752,25040],[-2,-5],[32,-16]],[[38601,23494],[12,12]],[[38918,23516],[7,-60],[48,30],[26,-49]],[[37585,24754],[111,37],[24,33],[-39,57],[-52,-26],[-48,66],[-87,-24]],[[37398,24788],[0,-2]],[[37398,24786],[1,0]],[[37537,24844],[48,-82],[0,-8]],[[38262,24945],[121,148],[-28,27],[-67,62],[-32,13],[-50,-51],[6,-25]],[[38963,24271],[-47,20],[89,40]],[[41649,25308],[88,-79],[48,16],[3,-56]],[[37231,25266],[-39,-52],[-67,-50],[-69,29],[153,103]],[[37216,26206],[158,-61],[-7,-57],[-132,28],[1,31]],[[36172,25129],[-64,1],[43,138],[143,-49],[-48,-69]],[[41777,25060],[-38,-111],[25,-113],[-70,-6],[-34,55],[-58,15]],[[41602,24900],[5,168]],[[37000,24331],[-1,-1],[-2,-2],[3,3]],[[37127,24362],[-1,-1],[-2,-2],[3,3]],[[38332,24563],[-35,-68],[2,-1],[79,57],[-46,12]],[[38210,24581],[115,-8],[-23,44],[61,27]],[[38363,24644],[32,-6],[-1,136],[-58,29],[-25,-139]],[[38311,24664],[-73,-20],[-104,40],[12,-96],[38,-11],[26,4]],[[37808,24993],[38,-16],[26,146],[-26,42],[-45,-164],[7,-8]],[[37020,24688],[-64,-20],[-41,33],[-28,-37],[-57,24],[16,9],[84,87],[11,-49],[56,45],[43,-27],[-20,-65]],[[37262,24149],[42,18],[-3,47],[-9,29],[-35,4],[5,-98]],[[37553,23822],[-4,-34],[-67,-16],[-1,-74],[141,24],[26,71],[-28,47],[-36,-10],[-31,-8]],[[38365,24822],[57,-39],[103,24],[-30,29],[-133,39],[3,-53]],[[36846,24923],[-1,-16],[-6,-59],[-68,-3],[-14,8],[-12,7]],[[36745,24860],[-21,16]],[[36724,24876],[-18,52],[108,3],[32,4],[0,-12]],[[36334,24955],[-25,-121]],[[36309,24834],[-126,83],[-3,39]],[[36180,24956],[117,32],[37,12],[0,-45]],[[36866,25145],[-3,-83],[-14,-1],[8,-44],[-77,-6],[3,-39],[-35,37],[-88,4],[-6,30],[-59,-14],[24,38],[9,43],[41,-8],[115,-6],[-2,53],[74,-4],[69,116],[43,-67],[-12,-53],[-38,2],[-52,2]],[[37184,24343],[0,-2],[0,1],[0,1]],[[37831,24327],[27,23],[-1,0],[-26,-23]],[[34815,23627],[0,73],[-36,50],[-117,87],[-82,26],[-75,70],[-16,-19],[-169,82],[-73,-14]],[[34247,23982],[-47,68],[-57,71],[-75,70],[-33,149]],[[34035,24340],[221,-36],[-40,-72],[-46,-85],[80,-13],[47,-4],[61,-80],[58,-50],[13,45],[22,80],[-40,59],[42,-13],[20,30],[64,49]],[[35295,24141],[4,-136],[53,5],[94,-87],[9,-66],[58,-15],[209,192],[-95,17],[-48,15],[-11,-78],[-39,25],[11,50],[-54,-2],[-113,92]],[[35594,24401],[-3,-138],[130,25],[132,27],[2,102]],[[35987,24323],[42,-55],[90,-22],[96,-78],[54,65],[-141,44],[5,83],[202,19],[44,-154],[70,-66],[-82,-29],[7,-95],[11,-66],[74,92],[138,50],[79,-43],[8,-48]],[[36950,23743],[40,-121],[2,-13]],[[36808,23410],[-161,-93],[-86,-69],[-113,-63],[-4,-45],[-129,23],[7,-170]],[[36322,22993],[-19,-58],[-30,-99]],[[36273,22836],[-9,-57],[-28,-160],[-24,-132],[-117,-178],[-243,270],[-37,68],[-73,96],[-207,281],[40,15],[-12,113],[128,-3],[-83,28],[-4,136],[-109,64],[-107,29],[-93,97],[-27,-3],[-1,74],[-40,47],[14,85],[-123,-204],[-50,-129],[-100,97],[-112,35],[-49,-38],[-31,43],[39,117]],[[35512,23827],[-46,-71],[26,-12],[74,55],[-54,28]],[[35667,23712],[-8,-16],[28,14],[14,-56],[68,-15],[-13,59],[-65,25],[74,37],[-20,50],[48,34],[-35,75],[-71,-90],[-20,-117]],[[35618,23633],[-44,77],[-26,-64],[-49,-7],[-19,-51],[-60,-9],[-4,-46],[31,7],[54,-62],[29,17],[-33,47],[90,41],[31,50]],[[36290,23648],[1,1],[-1,-1]],[[36224,23719],[-14,46],[-39,-153],[24,-40],[-159,-245],[-102,29],[-10,-109],[-40,-51],[20,-30],[66,36],[149,-25],[25,69],[-29,69],[-22,37],[153,205],[-22,162]],[[36030,23423],[128,181],[0,33],[-79,15],[54,156],[-42,-4],[-10,-7],[-12,-150],[-98,-117],[59,-107]],[[35825,23893],[4,71]],[[35829,23964],[-53,-28],[49,-43]],[[35829,23964],[91,6],[6,55],[-70,28],[19,46],[-63,-12],[36,-47],[-19,-76]],[[35821,23612],[-10,-9],[13,-13],[-3,22]],[[35890,22804],[31,-108],[-4,242],[138,61],[49,136],[-142,21],[-147,-125],[-1,-4],[60,-78],[10,-121],[6,-24]],[[35308,23763],[-2,-17],[74,-2],[48,20],[-54,43],[-47,-2],[-19,-42]],[[35569,23451],[-43,-40],[68,-2],[-16,36],[-9,6]],[[36757,23481],[4,4],[-4,-4]],[[36198,23436],[-9,-8],[9,8]],[[35894,24135],[-61,105],[-1,-83],[62,-22]],[[35962,22826],[-27,107],[27,-107]],[[39301,25721],[-58,139],[22,-19],[113,60],[-33,46],[70,52],[29,-8],[35,64],[97,-100],[32,18],[46,92],[-40,22],[-18,85],[-18,-4],[-28,29],[8,93],[-87,8],[-16,22],[-43,5],[-14,83],[10,1],[56,24],[49,-27],[-7,65],[-94,0],[8,35],[-20,26],[-4,28],[0,8],[0,65],[-4,7],[-67,2],[-18,19],[-75,5],[1,84],[81,22],[43,0],[1,65],[-7,36],[0,2],[33,46],[73,38],[1,2],[-1,16],[41,138]],[[39498,27115],[81,-29],[117,6],[133,121],[204,-14]],[[40033,27199],[4,132],[91,9],[48,10],[92,23],[-6,-170],[50,-4],[123,20]],[[40435,27219],[0,1],[-1,91]],[[40434,27311],[1,0]],[[40435,27311],[56,5],[84,9],[17,-121],[130,-30],[83,-39]],[[40805,27135],[8,-2],[91,-45],[67,-38],[1,-77],[182,6],[4,86],[108,13],[0,7],[144,12],[6,-47]],[[41416,27050],[0,-1],[1,1]],[[41417,27050],[139,23],[-8,97],[-1,16],[-9,75]],[[41792,27283],[3,-82],[27,-92],[-15,-111],[-8,-77],[-5,-63],[-4,-109],[5,-136],[41,-180],[112,-98],[-24,-116],[89,-62],[62,-73],[84,14],[-48,-164],[18,-291],[-68,-103],[8,-164],[51,-68],[53,-51],[-66,-106],[-121,0],[3,58],[-47,5],[0,101],[-81,49],[-65,-109],[-3,316],[-1,111],[-194,-2]],[[39396,25392],[11,117]],[[39407,25509],[95,25],[9,46],[1,34],[-18,-4],[-110,-64]],[[39384,25546],[-2,1],[-65,24],[-22,38],[5,75],[1,33],[0,4]],[[40439,26559],[3,-96],[72,-9],[8,-78],[76,-3],[4,56],[-1,119],[-160,13],[-2,-2]],[[40035,27156],[142,-4],[-141,5],[-1,-1]],[[41015,26745],[-1,-1],[-1,-11],[2,12]],[[40729,26555],[-4,79],[-108,0],[-4,-86],[116,7]],[[39764,26408],[-10,36],[-61,8],[21,-43],[50,-1]],[[39699,26404],[-18,38],[-6,-42]],[[39675,26400],[8,-23],[16,27]],[[37149,21830],[-17,12],[-28,14],[-35,-11],[-32,-7],[-32,-16],[-16,-7],[-30,-7],[-71,-43],[-34,-40],[-42,-41],[-10,-18],[18,-31],[10,-6],[52,-77],[23,-66],[191,-238],[141,-196],[45,-126],[-47,-36],[78,-134],[48,-71],[138,-209],[-21,-60],[-18,-46],[-11,-51],[116,-136],[19,-63],[-33,-27],[-264,-5],[4,141],[-60,94],[-27,129],[60,107],[-148,88],[-97,164],[96,20],[0,64],[11,101],[57,53],[-163,166],[-67,116],[-86,36],[-60,-15],[27,71],[-34,37],[-2,1],[-80,30],[-46,77],[-46,34],[8,42],[-52,48],[-80,40],[-57,25],[-54,103],[-48,62],[4,58],[-18,42],[-40,47],[-54,60],[97,29],[113,-61],[25,25],[56,73],[21,91],[119,-37],[3,-130],[26,-16],[12,-20],[34,-23],[22,2],[18,-9],[6,-10],[13,-9],[7,-5],[14,-14],[30,-36],[5,-3],[20,11],[1,1],[10,218],[65,-26],[8,-54],[42,-13],[62,-35],[13,-13],[55,-24],[46,59],[-12,63],[30,25],[72,-46],[7,-92],[20,-43],[11,-7],[5,0],[67,30],[28,14],[23,11],[22,0],[20,13],[20,28],[8,12],[-12,74],[-62,-54],[-30,21],[-69,42],[11,47],[-2,4],[-197,79],[-76,-27],[-7,138],[-75,-14],[-52,8],[-36,51],[-40,20],[-62,52],[-22,139],[-43,1],[-70,90],[-71,32],[-67,20],[-244,5]],[[36322,22993],[43,1],[154,49],[55,59],[72,-18],[17,-50],[-56,-66],[40,-60],[45,-42],[41,-31],[13,-30],[50,-55],[60,-1],[10,-55],[71,-96],[40,-35],[16,-35],[18,0],[60,86],[57,-129],[57,52],[55,-17],[1,32],[0,7],[-26,70],[128,93],[-106,114],[149,0],[25,21],[-34,64],[-154,-70],[-58,71],[216,113],[67,-14],[18,-38],[88,45],[168,-47],[-13,-121],[-4,-18],[29,-56],[8,-7],[63,-52],[31,-93],[60,-52]],[[37896,22582],[22,-34],[25,3],[3,-15],[34,-49],[10,0]],[[37990,22487],[27,-27],[11,-2]],[[38028,22458],[39,2],[-2,-5],[16,-71],[2,-30],[-18,-21],[27,-25],[2,-12],[16,22],[15,-2],[34,-66],[49,-21],[37,-36],[1,-19],[-23,-21],[-32,-27],[50,-44]],[[38241,22082],[1,-6],[5,-19],[5,-5]],[[38252,22052],[1,0]],[[38253,22052],[-1,-31],[-32,-90],[-6,-45],[-14,-13],[-12,0],[-37,-23],[0,-67],[0,-12],[63,-97],[-6,-13],[85,-86],[74,-11],[36,-7]],[[38403,21557],[27,-26],[21,-7],[179,-77],[125,-117],[183,-192],[44,0],[3,-61],[-43,-150],[30,-24],[29,-63],[77,-97],[71,-16]],[[39149,20727],[114,-16],[23,-82]],[[39286,20629],[-83,-33],[-69,60],[-20,-20],[-1,56],[-41,37],[-109,-80],[76,91],[-73,-8],[-4,77],[-63,8],[-34,-44],[-36,83],[-99,-35],[-27,58],[20,41],[-56,-20],[10,41],[-36,22],[-129,14],[-46,-15],[-42,99],[-59,-33],[-111,100],[89,33],[-50,17],[-73,-9],[-17,-2],[-62,56],[-150,84],[-108,69],[-36,16],[-119,50],[-46,86],[-115,71],[-2,46],[-82,104],[-82,29],[-10,3],[-54,7],[-32,0],[-43,7],[-47,15],[-35,12],[-31,8]],[[37679,22329],[-102,19],[30,-68],[-66,-2],[-34,-71],[17,-18],[80,15],[-6,-24],[49,1],[7,-31],[-37,-108],[-21,-25],[-14,-29],[-37,14],[-10,-20],[45,-41],[27,-48],[26,-35],[27,-25],[57,23],[-51,147],[33,85],[-26,123],[-27,27],[0,14],[-3,41],[14,25],[22,11]],[[37577,22357],[1,5],[-1,-5]],[[36801,21870],[8,-10],[15,53],[1,13],[-23,13],[-47,11],[-13,11],[-4,3],[-15,4],[-17,3],[2,-34],[33,-26],[37,-28],[23,-13]],[[36914,21952],[-1,0],[3,0],[-2,0]],[[37382,22558],[1,-2],[7,-9],[-7,9],[-1,2]],[[37505,22462],[1,-2]],[[37506,22460],[-1,2]],[[37486,22449],[-9,-2],[9,2]],[[37546,22467],[-8,-4],[9,2],[-1,2]],[[37394,22709],[1,0]],[[37395,22709],[-1,0]],[[37946,20610],[52,-83],[72,-28],[-14,-30],[-157,62],[-25,64],[-62,101],[109,-58],[13,-9],[48,40],[-36,-59]],[[38064,21969],[2,-5],[13,8],[-15,-3]],[[37930,22040],[123,23],[48,19],[3,35],[-30,58],[-24,21],[-22,15],[-78,-80],[-20,-91]],[[36703,21776],[13,-8],[-13,8]],[[36703,21776],[-3,10],[3,-10]],[[36495,22045],[0,-1],[2,-3],[-2,4]],[[37931,21404],[12,-21],[-12,21]],[[37704,21650],[0,-2],[4,-1],[-4,3]],[[37414,22988],[15,-101],[26,46],[-41,55]],[[41110,23480],[1,-1],[27,37],[71,80],[60,35],[55,-53],[49,-145],[14,-175],[8,-17],[52,-18],[228,9],[38,-18],[10,-73],[3,-1],[34,-40],[68,-92],[24,-51],[72,-9],[-3,-132],[45,2],[-4,-23],[-80,-89],[-85,-194],[-1,-211],[8,-147],[4,-64],[9,-186],[0,-64],[-30,-97],[-9,-120],[7,-94]],[[40233,22606],[-7,107]],[[40276,22854],[-8,2]],[[39689,23118],[51,-7],[63,11],[4,-1],[95,44],[-3,7],[-14,25],[20,17],[-5,55],[-11,10],[-15,43],[19,42],[75,60],[-46,34],[-3,7],[-10,4],[44,41],[41,41],[-4,38],[-24,-17],[-111,-36],[-11,26],[17,64]],[[40864,24306],[22,-18],[-73,-103],[9,-32],[-52,-48],[42,-18],[-67,-44],[-1,-10],[26,-75],[-31,-41],[-3,-6],[-15,-57],[64,13],[225,-72],[41,-50],[-116,-43],[-48,82],[-42,-32],[-32,21],[18,33],[-62,10],[-23,-109],[4,-3],[25,5],[15,-81],[-37,-110],[44,-16],[-22,-59],[66,-33],[-5,-48],[8,-7],[30,45],[-23,115],[-49,49],[17,19],[114,-12],[141,28],[25,-14],[-38,-26],[49,-79]],[[40372,23441],[-6,18],[-2,233],[-62,-45],[-71,-154],[9,-27],[10,-23],[68,65],[20,-125],[-66,-26],[-1,-20],[78,8],[33,17],[-10,79]],[[40429,23487],[17,12],[-26,10],[9,-22]],[[40439,23524],[41,2],[-29,56],[29,63],[-8,60],[3,38],[-45,-60],[-42,8],[1,-91],[50,-76]],[[40637,23637],[27,-117],[48,2],[-11,99],[-11,27],[-53,-11]],[[40908,23398],[4,2],[-19,21],[15,-23]],[[41837,22812],[1,11],[-1,-11]],[[41512,22098],[-3,-4],[4,2],[-1,2]],[[40195,23610],[76,41],[6,114],[-40,-3],[24,-64],[-40,-40],[-26,-48]],[[40135,23680],[9,16],[-2,50],[-10,19],[-55,-32],[1,-9],[6,-39],[51,-5]],[[40468,23174],[-1,0]],[[40467,23174],[1,0]],[[40003,23312],[9,-3],[-9,3]],[[40128,23409],[-3,-4],[3,4]],[[41442,22936],[1,1],[-1,-1]],[[41377,22926],[9,2],[-9,-2]],[[41314,22913],[-13,96],[-111,-31],[-151,-24],[17,-51],[-101,0],[-39,-48],[96,-67],[-24,-116],[91,-10],[2,0],[252,77],[-10,69],[-9,105]],[[40447,24037],[-1,2],[1,-2]],[[36006,25614],[-48,152],[61,36],[15,71],[-7,141]],[[36121,26273],[1,0],[-1,0]],[[37508,26811],[14,-216],[34,-15],[66,-4],[107,-4],[-14,123],[99,-7],[152,-50],[24,-120],[22,7],[2,-116],[-47,34],[-49,-30],[5,-59],[42,6],[6,-50],[-86,-45],[2,-11],[137,18],[2,-46],[40,4],[47,77]],[[38113,26307],[-75,207],[-13,100],[179,-9],[124,-12],[85,-42],[167,-28]],[[38580,26523],[-2,-7],[17,-178]],[[38595,26338],[-9,-32]],[[38586,26306],[-18,-55],[2,-24],[38,26],[61,-25],[16,-24],[7,30],[31,-24],[12,32],[25,-38],[15,45],[81,-61],[1,-7],[10,-194]],[[38867,25987],[-72,-25],[-104,6]],[[38691,25968],[-67,29],[-43,30],[-37,31],[-37,-55],[-12,-88]],[[38495,25915],[-34,-13],[-33,61],[-78,23],[-3,1],[-129,66],[-59,49],[-145,-24],[-90,-10],[-68,-23],[-111,-12],[-2,-20],[6,-63],[-117,-4],[-35,-189],[81,31],[-3,-58],[-80,13],[-2,-35],[86,18],[-22,-142]],[[37324,24601],[-55,-35]],[[36801,24561],[-45,-138],[-64,-19],[9,-79],[60,71],[116,32]],[[36781,24213],[-97,93],[-49,36],[-104,-84],[-88,55],[-72,93],[-38,68],[75,84],[16,67],[38,4],[-22,55],[24,30],[-32,15],[3,52]],[[36420,24782],[-12,-73],[-65,57],[-1,47],[-33,21]],[[36180,24956],[-80,4],[-5,-56],[-49,61],[-149,2]],[[39550,23153],[1,5]],[[39636,23195],[51,-1],[2,-76]],[[36841,25926],[40,2],[55,-297],[144,-41]],[[37080,25590],[-34,35],[28,56],[51,87],[29,111],[16,81],[15,86],[-50,44],[-23,77]],[[37110,26175],[-183,15],[-1,28],[-9,4],[-58,-42],[7,-129],[-115,-8],[8,-74],[66,10],[16,-53]],[[41602,24900],[-58,18]],[[38363,24644],[-52,20]],[[37271,24556],[66,-69]],[[37358,24489],[47,0]],[[36724,24876],[21,-16]],[[37708,25126],[1,0]],[[37776,25123],[-24,-83]],[[36715,25269],[-3,21],[2,-21],[1,0]],[[37061,26274],[34,-21],[-34,21]],[[36700,24772],[-6,-1],[6,1]],[[36896,24918],[-2,-1]],[[36894,24917],[2,1]],[[37203,26680],[5,-19],[88,85],[-15,60],[-44,-17],[-94,50],[-53,11],[2,-24],[109,-52],[2,-94]],[[38113,26307],[20,-10],[122,53],[107,-47],[-10,135],[-111,-1],[-62,49],[-4,-92],[-62,-87]],[[36905,26631],[-15,-43],[15,43]],[[36913,26428],[-36,74],[-56,-23],[-8,-67],[100,16]],[[38989,22018],[-109,21],[-29,61],[-37,-27],[-51,133],[-19,10],[-16,-12],[-21,-54],[89,-142],[52,-84],[-76,-39],[-2,-6],[167,-127],[81,35],[1,-38],[65,-36],[93,-216],[131,60],[11,-37],[71,-8],[-92,-33],[-35,-63],[38,-53],[-70,-2],[-18,-18],[-30,1],[165,-105],[80,9],[-101,-71],[-19,-26],[51,-39],[-41,-10],[19,-20],[32,-39],[7,-31],[-110,-71],[-16,-73],[-18,-13],[-12,-38],[43,-34],[-15,-30],[30,-18],[126,3],[11,27],[65,-49],[-9,-44],[-91,4],[-6,-55],[-88,8]],[[39149,20727],[9,52],[-8,63],[-12,32],[19,138],[1,112],[36,176],[-40,42],[-115,-37],[-15,-29],[-136,3],[-7,57],[-68,54],[-76,-1],[-32,69],[68,48],[-55,39],[-123,-41],[-26,130],[-123,14],[-3,67],[-63,11]],[[38380,21726],[-37,124],[12,57],[-5,16],[26,78],[30,26],[-3,6],[23,91],[49,1]],[[38475,22125],[9,-35],[23,14],[2,36]],[[38509,22140],[15,11],[3,9],[18,-7],[64,40]],[[38609,22193],[74,-3],[4,82]],[[38687,22272],[19,17],[12,6],[14,6],[45,-6],[11,2],[40,-3],[40,-26],[15,77],[20,3],[-3,43],[-24,7],[-17,4],[6,50],[-36,43]],[[38829,22495],[1,43],[-76,2],[4,57],[-13,98],[32,96],[12,17],[5,29]],[[38794,22837],[1,4]],[[38795,22841],[62,22],[15,48],[-9,10],[7,9],[6,45],[-13,7],[-62,26],[-35,-8]],[[39473,23209],[0,-1]],[[39306,23047],[-14,0],[-6,-13]],[[39189,22564],[16,-94],[-31,-4],[8,-32],[86,-18],[35,-25],[64,-5],[64,-44]],[[39431,22342],[-11,-46],[3,-19],[-13,7],[-27,6]],[[39383,22290],[-42,-11],[-89,-37],[-100,-49],[-7,86],[-80,-47],[-16,-47],[-24,10],[24,33],[-44,-36],[40,-12],[-58,-17],[34,-127],[-32,-18]],[[38828,22212],[17,-29],[7,6],[29,31],[-53,-8]],[[38873,22196],[8,3],[-8,-3]],[[39011,22284],[-7,0],[7,0]],[[38699,21979],[1,5],[-1,-5]],[[39067,21407],[3,0],[5,7]],[[39075,21414],[-8,-7]],[[39190,21408],[2,38],[-18,-35],[16,-3]],[[38996,21484],[40,47],[-18,29],[-30,-70],[8,-6]],[[38681,21808],[-55,-35],[8,-21],[51,-21],[-4,77]],[[38622,21892],[-16,58],[-31,0],[47,-58]],[[38647,21970],[1,0],[1,4],[-2,-4]],[[38492,21898],[6,-5],[-1,4],[-5,1]],[[39445,21513],[138,22],[-50,-68],[-88,46]],[[39482,21591],[-17,28],[-51,-12],[14,117],[-21,22],[35,74],[146,-31],[39,-38],[-20,-20],[-38,44],[2,-35],[-5,-72],[-12,-51],[-61,-49],[-11,23]],[[39450,22049],[47,-78]],[[39497,21971],[-72,-71],[-76,92],[95,61]],[[39444,22053],[6,-4]],[[39268,22040],[-33,-59],[110,-150],[-136,-40],[-64,67],[-16,159],[139,23]],[[38509,22140],[-34,-15]],[[38380,21726],[27,-24],[-4,-145]],[[38253,22052],[4,1],[-5,-1]],[[38241,22082],[4,1],[-4,-1]],[[38028,22458],[28,187],[-31,6],[-35,-164]],[[37896,22582],[-3,109],[-45,92],[164,-18],[6,-1],[-30,56],[25,96],[94,22]],[[38493,22855],[18,-16]],[[38511,22839],[22,-15],[-79,-19],[23,-68],[74,35],[22,83],[3,17]],[[38795,22841],[-1,1],[0,-1],[0,-4]],[[38687,22272],[-69,36],[-21,-10],[3,-50],[-85,-9],[3,-16],[91,-30]],[[38601,22380],[-16,-6],[39,-57],[41,1],[3,4],[-47,60],[-10,4],[-10,-6]],[[38541,22317],[-2,2],[0,-1],[2,-1]],[[38360,22406],[-1,-1],[1,1]],[[38435,22221],[2,0],[-2,0]],[[38435,22221],[-2,0],[2,0]],[[38366,22221],[1,0],[-1,0]],[[38338,21917],[-5,3],[5,-3]],[[38307,21909],[0,-1],[4,3],[-4,-2]],[[38271,22724],[3,-27],[-3,27]],[[38313,22624],[-1,-1],[1,1]],[[38628,22739],[-3,-2],[3,2]],[[38705,22640],[2,-1],[-1,1],[-1,0]],[[38108,22549],[-17,52],[-3,34],[-7,2],[-5,-77],[32,-11]],[[40909,28056],[-69,-46],[87,-138],[75,54]],[[41019,27894],[-109,-94],[74,-95]],[[41417,27050],[-1,0]],[[40435,27311],[-1,0]],[[40434,27311],[1,-92]],[[39498,27115],[-55,44],[-33,9],[-67,-64]],[[39343,27104],[-20,-5],[-81,-41]],[[39242,27058],[-51,-15],[-17,-36],[3,-49],[-51,47],[-31,-22],[-59,-30],[13,81],[-42,-5],[-1,0],[-48,-40],[-27,-19]],[[38931,26970],[-45,7],[-18,48]],[[38868,27025],[26,87],[4,47],[-44,52]],[[38854,27211],[0,31],[-41,42]],[[38864,27417],[134,5],[46,56],[-8,81],[30,87]],[[39278,28181],[154,-24],[169,4],[-1,47],[46,4],[77,76],[59,-4],[0,-46],[-9,-67],[-48,-6],[-60,-132],[105,5],[15,87],[62,22],[76,-2],[31,37],[48,2],[3,31],[-55,58],[95,40],[49,-17],[29,27],[-48,44],[-21,54],[-76,-12],[-33,-47],[-34,108],[-16,192],[105,10],[4,-4]],[[40004,28668],[5,-4]],[[39234,27298],[28,2],[-37,32],[-63,16],[-79,-6],[48,-74],[103,30]],[[38400,25723],[30,125],[65,67]],[[38691,25968],[121,-87],[30,-89],[96,25],[58,39],[37,-8],[-4,-64],[77,0],[3,67],[-99,86],[25,99],[-57,18],[-91,-29],[-20,-38]],[[38586,26306],[9,32]],[[38580,26523],[2,83],[30,-6],[-17,93],[104,2],[61,283],[-7,75],[36,58],[-1,104],[66,-4]],[[38868,27025],[-3,-48],[46,-26],[20,19]],[[39242,27058],[33,-71],[35,5],[48,18],[18,21],[-33,73]],[[39384,25546],[23,-37]],[[39151,25319],[-2,39],[-14,-12],[-5,-19],[21,-8]],[[38951,25682],[-2,16],[-11,-15],[13,-1]],[[39148,25745],[0,12],[-5,-18],[5,6]],[[39123,25577],[22,-2],[-22,2]],[[39030,25583],[-10,-2],[9,-22],[1,24]],[[39024,25393],[-44,4],[0,-14],[29,-5],[10,3],[5,12]],[[39243,25511],[-26,-4]],[[39217,25507],[26,-11],[0,15]],[[39198,25571],[-2,14],[2,-14]],[[39095,25366],[-15,4],[15,-4]],[[39170,25197],[-13,-3],[13,3]],[[38884,25684],[-23,11],[0,-5],[23,-6]],[[38852,25353],[57,4],[-25,31],[-32,-35]],[[38643,25814],[153,-40],[-13,48],[-140,-8]],[[38799,25762],[-90,-3],[45,-45],[55,2],[-10,46]],[[34477,23087],[14,24],[21,46],[-19,21],[-10,30],[-2,8],[-22,40],[-9,10],[-29,35],[-10,10],[-23,21],[-100,63],[-57,-1],[-44,43],[-53,99],[-19,38],[-14,7],[-69,45],[-73,31],[-33,23],[-24,30],[-17,5],[-19,5],[-21,-25],[-30,-38],[-58,15],[-25,65],[33,95],[-18,61],[40,68],[-68,-40],[-87,58],[-44,19],[-77,-53],[-46,-67],[-44,1],[-26,16],[22,103],[-41,50],[-22,43],[30,1],[102,104],[61,21],[181,-32],[131,-123],[81,38],[44,-32],[14,-11],[8,90],[-69,81],[98,112]],[[34247,23982],[-55,-44],[-180,34],[-113,-124],[26,-28],[7,-10],[22,-17],[32,-31],[19,-9],[86,-9],[88,-19],[55,-70],[14,-50],[46,-39],[84,-44],[180,-8],[84,17],[37,-19],[12,-1],[12,-5],[26,-25],[15,-74],[89,-89],[-17,-62],[-83,-57],[6,-22],[-24,-65],[8,-99],[104,-25],[90,-50],[11,-49],[71,-40],[56,-86],[119,-36],[56,-24],[56,-38],[49,-39],[-60,-154],[-61,-81],[120,-127],[64,10],[2,-52],[85,19],[9,-33],[98,2],[69,-47],[-65,-53],[134,-77],[40,1],[39,-35],[-225,-178],[62,-4],[52,72],[119,95],[112,-129],[74,-65],[91,-87],[102,-95],[21,-29],[147,-76],[47,-91],[109,-148],[32,-124],[79,-64],[30,-92],[21,-38],[42,-65],[-28,-23],[-56,37],[-41,-31],[-86,13],[-45,-32],[-94,86],[-2,54],[-239,171],[-108,52],[-127,82],[86,65],[-32,126],[-38,33],[-53,50],[-135,106],[-120,66],[-37,-2],[-7,71],[-20,17],[-29,23],[-128,82],[-136,67],[-74,58],[3,47],[-155,106],[-107,151],[-34,16],[-39,35],[5,94],[-118,53],[-18,48],[63,52],[-1,12],[-22,75],[-16,19],[-25,27],[-46,37],[-38,14],[54,68],[-54,-68],[-70,27],[-20,13],[-9,6],[-13,9],[-45,10],[-2,0],[-20,-4],[-57,2],[27,43],[-29,-42],[-29,65],[70,55],[16,22],[17,18],[14,25]],[[34520,23155],[1,0],[1,0],[-2,0]],[[34162,23378],[4,-22],[-7,-23],[-11,1],[-30,24],[44,20]],[[39845,22292],[-30,-14],[-22,-19],[73,-7]],[[39917,22206],[17,-23]],[[39888,22030],[-27,-21],[12,-55],[25,3]],[[40012,21776],[-48,-30],[-79,75],[-5,55],[-9,24],[-16,19],[-4,5],[-19,66],[-45,44],[-69,12],[-41,-5],[-29,-13],[7,-39],[-39,37],[-2,4],[-3,-2],[5,-11],[-6,-25],[-11,-30],[-75,2],[16,-36],[-37,31],[-5,12],[-1,0]],[[39444,22053],[-25,64],[-41,45],[-68,21],[26,55],[47,52]],[[39431,22342],[21,17],[18,15]],[[39764,22298],[-16,-6],[67,-7],[-51,13]],[[39450,22195],[1,5]],[[39451,22200],[-1,-5]],[[39812,22066],[2,3],[-2,0],[0,-3]],[[39611,22124],[0,-3],[0,3]],[[39595,22146],[8,2],[-8,-2]],[[39587,22075],[-2,2],[2,-2]],[[39602,22008],[-1,-1],[2,1],[-1,0]],[[39688,22412],[-4,-36],[32,20],[-28,16]],[[39659,22384],[8,17],[-8,-17]],[[39757,22206],[-2,1],[1,-1],[1,0]],[[39750,22120],[-1,1],[1,-1]],[[39604,22005],[4,4],[-4,-4]],[[43026,36449],[51,-45],[103,-48],[38,-80],[-35,-48],[-45,-44],[-38,-148],[-13,-191],[43,-255],[-22,-69],[-26,21]],[[43082,35542],[-60,-58],[-21,0],[6,40],[37,37],[-17,53],[-25,29],[-50,-27],[-44,-6],[7,-45],[-34,-18],[-36,13],[-30,5],[-87,40],[-75,-51],[33,-78],[-34,-51],[64,-30],[18,-12],[61,-18],[24,-9],[12,-13],[9,-49]],[[42840,35294],[-38,-38],[-9,-3],[-31,-50],[-2,-4],[-49,-5],[-58,-68],[-74,-84],[-3,-28],[-176,-67],[16,-45],[-58,-13],[-157,149],[-18,-140],[-30,-16],[45,-106],[22,-7],[-35,-31],[2,-93],[-1,-3],[-16,-12],[-57,-77],[4,-53]],[[42117,34500],[-143,35],[-138,-56],[-94,-89],[74,163],[-5,98],[-77,130],[-61,82],[17,94],[-2,208],[-126,132]],[[41562,35297],[28,58],[-23,47],[34,22],[-76,61],[5,71],[40,17],[-42,61],[49,77],[29,82],[10,70],[50,26],[-112,68],[-64,163],[-91,-27],[-59,87],[15,35],[-33,34],[17,27],[69,36],[59,80],[52,41],[31,82],[-38,32],[-21,26],[63,14],[14,40],[-64,120]],[[41504,36747],[115,62],[29,-138],[68,-28],[-16,-166],[258,-46],[82,208],[-52,46],[7,36],[-24,-10],[11,77],[4,23],[-248,-80],[-36,24],[-10,66],[112,128],[135,-18],[112,134],[88,48],[59,85],[38,77],[-489,-105],[-19,-120],[-49,-15],[-37,-28],[-15,-102],[-84,61],[-16,71],[-39,96],[67,39],[16,70],[-31,29],[52,1],[-29,15],[-102,64],[34,46],[-24,61],[104,7],[20,-31],[18,-33],[51,43],[10,86],[-35,81],[-94,83],[-5,52],[385,40],[105,15],[31,32],[-18,38],[128,1],[21,-57],[-48,-63],[26,-38],[138,-74],[81,13],[-19,-115],[55,-31],[43,-134],[-104,-72],[-16,-196],[234,39],[150,-129],[56,-140],[76,-29],[-40,-51],[32,-32],[58,-64],[79,-40],[-30,-95],[27,-58],[36,-57]],[[42903,36389],[-10,2],[0,-1],[10,-1]],[[41735,37310],[12,-11]],[[41747,37299],[-12,11]],[[41960,37404],[-59,4],[67,-5],[-8,1]],[[42216,35192],[6,73],[-65,-2],[-28,84],[-83,75],[-98,-19],[-64,116],[-32,18],[-20,-39],[-23,28],[-29,-88],[23,-44],[125,-52],[76,0],[28,-71],[-1,-126],[36,6],[14,-43],[-63,-40],[181,27],[17,97]],[[42016,35068],[1,0],[-1,0]],[[48833,32907],[-47,-32],[13,39],[13,58],[-19,88],[112,7],[28,30],[81,111],[-202,12],[8,64],[43,23],[2,100],[48,32],[115,-85],[27,33],[71,85],[-81,99],[38,52],[80,58],[35,-19],[-18,-70],[46,-18],[55,24],[111,-162],[154,101],[75,-166],[194,-21],[41,86],[-8,-223],[-78,-108],[117,-82],[113,5],[-10,-45],[116,-88],[-18,-58],[144,7]],[[50232,32844],[-4,-90],[-232,-89],[-209,6],[-52,-10],[-71,-83],[9,-53],[-21,-33],[35,-98],[-66,-38],[-179,46],[-140,-68],[-19,-45]],[[49283,32289],[1,-1]],[[49284,32288],[211,-154],[118,-127],[85,-121],[-12,-73],[35,-25],[-1,-68],[-57,-70]],[[49663,31650],[-101,-115],[-86,0],[-52,-59],[6,-131],[-43,-87],[-121,12],[-218,-44],[-165,-115],[-149,53],[76,103],[-9,77],[38,-13],[-3,39],[31,7],[-34,-6],[4,-38],[-35,17],[-11,-12],[-48,93],[-64,4],[-48,84],[-1,102],[151,10],[63,51],[133,-14],[68,54],[104,141],[-164,72],[-197,12],[-60,120],[58,191],[-41,-45],[-81,4],[46,111],[181,158],[72,19],[-42,156],[-75,10],[15,127],[1,104],[-11,12],[-18,-7]],[[44335,31869],[-71,-50],[-24,19],[70,-78],[-102,56],[-28,117],[-92,62],[-193,-10],[12,156],[77,56],[72,-4],[186,345],[-56,52],[-79,6],[-455,-404],[-81,62],[-183,23],[-189,101],[-153,-18],[-75,100],[-121,56],[-233,19],[-210,68],[-104,-23],[12,155],[-133,155],[-50,196],[-19,131],[-57,72],[46,147],[-30,78],[59,41],[40,130],[51,38],[35,23],[-21,242]],[[42236,33988],[92,5],[107,0],[82,94],[105,32],[52,-68],[-79,-114],[20,-119],[76,-18],[42,99],[29,-34],[73,20],[57,25],[155,-50],[-10,46],[157,19],[61,71],[139,-4]],[[43394,33992],[4,-1]],[[43398,33991],[-38,-137],[-91,-92],[-1,-4],[3,-102],[27,-73],[119,-56],[169,61],[56,15],[34,73],[58,7],[223,-16],[11,-64],[187,10],[107,36],[8,-75],[-56,-90],[26,-86],[176,27],[-7,-188],[22,-9],[43,-2],[14,54],[31,-23],[197,-69],[138,-87],[97,-16],[41,-94],[68,11]],[[45060,33002],[-61,-157],[-205,-582],[4,-180],[71,-77],[48,12],[21,-39],[-80,-131],[-64,-16],[-64,-88],[-4,-89],[82,-108],[-60,2],[-75,138],[-134,2],[-204,180]],[[45327,31718],[-58,-19],[-80,48],[-28,31],[26,73],[181,-13],[14,-30],[-55,-90]],[[45012,31867],[-46,50],[39,45],[42,-33],[-35,-62]],[[43047,32683],[59,-18]],[[43106,32665],[-59,18]],[[43121,32802],[47,-5],[-47,5]],[[43895,33997],[156,-44],[23,2],[153,22],[75,-52],[69,-53],[159,-48],[379,-83],[101,-17],[98,-12],[171,-36],[509,-96],[-64,-72],[-120,-20],[87,26],[-60,39],[-90,-42],[-48,-75],[-39,37],[-62,-39],[-153,-140],[-179,-292]],[[43398,33991],[2,4],[-6,-3]],[[42236,33988],[-78,103],[-128,79],[37,12],[-40,72],[22,36],[124,91],[-56,119]],[[42840,35294],[31,-6],[19,-12],[6,-4],[3,-19],[54,1],[41,21],[17,12],[16,-10],[33,-22],[13,-9],[50,3]],[[43123,35249],[10,0]],[[43133,35249],[2,0]],[[43135,35249],[62,-36],[45,-2],[24,-84],[27,-93],[16,-81],[60,-119],[1,-100],[0,-41],[26,-86],[21,-49],[-49,-113],[71,-33],[-36,-24],[13,-36],[54,8],[43,68],[112,-199],[88,-83],[118,-114],[64,-35]],[[39275,35592],[-71,-5],[-75,-57],[-24,40],[-18,160],[-49,48],[83,155],[-18,105],[106,46],[38,73],[186,53],[141,66],[176,91],[114,59],[11,10],[104,79],[134,153],[48,161],[-19,34],[-10,78],[-57,56],[-207,87],[107,42],[69,31],[-99,44],[11,87],[50,-19],[96,40],[38,64],[-13,79],[138,7],[126,137],[44,39],[146,-12],[51,-16],[138,48],[42,47],[-11,64],[50,-26],[109,21],[-24,-66],[45,-67],[74,-241],[55,-85],[154,-41],[159,44],[-250,-283],[-30,-11],[13,-115],[54,-64],[16,-13],[85,-69],[106,-10],[87,7]],[[41562,35297],[-134,72],[-157,-22],[-37,28],[-58,-8],[-43,39],[-232,-3],[-65,94],[-146,50],[-73,-10],[-119,-42],[-152,-159],[-103,63],[-72,-18],[-39,-18],[-173,16],[-64,-8],[-130,-109],[-172,298],[-96,49],[-144,-29],[-78,12]],[[51390,32428],[1,-49],[-118,-102],[-64,-115],[-5,-93],[-170,222],[-138,48],[-136,-35],[7,-79],[35,-13],[-49,-29],[-66,0],[-22,-72],[150,-79],[34,52],[42,-8],[30,-89],[-110,-4],[-158,103],[-157,-134],[-52,57],[-66,0],[-210,-95],[-24,25],[-142,-95],[-74,-190],[-126,22],[-75,-62],[-64,5],[0,31]],[[49284,32288],[-1,1]],[[50232,32844],[77,47],[43,-18],[11,146],[-36,67],[94,197],[-12,184],[71,-22],[71,-6],[32,34],[111,-134],[46,13],[45,-76],[66,-27],[-60,-172],[-73,-27],[-34,-79],[48,-135],[23,-82],[52,-11],[51,74],[104,14],[-12,105],[82,171],[147,-144],[32,-59],[88,-46],[-17,-57],[59,-148],[58,-173],[-9,-52]],[[50126,31150],[-41,70],[-96,37],[3,74],[-41,7],[13,106],[23,59],[87,38],[37,79],[142,71],[52,-211],[153,-156],[-137,-139],[-61,-107],[6,-95],[-136,-70],[-4,237]],[[43082,35542],[41,-36],[14,-6],[59,-148],[-25,-100],[-36,-3]],[[43133,35249],[-7,0],[-3,0]],[[43069,35382],[2,0],[-3,1],[1,-1]],[[42927,35356],[-1,0],[0,-1],[1,1]],[[42914,35351],[-1,0],[1,-1],[0,1]],[[42989,35466],[1,0],[0,1],[-1,-1]],[[42935,35303],[-1,-1],[1,1]],[[42911,35508],[1,1],[-1,-1]],[[42930,35441],[0,-1],[1,-2],[-1,3]],[[36987,48025],[281,-53],[-60,-125],[-162,-8],[8,-38],[-110,-179],[41,-31],[-11,-35],[161,-70],[-20,-69],[-4,-178],[-28,-41],[-42,-51],[-191,39],[-96,29],[-24,86],[73,53],[29,83]],[[36832,47437],[32,99],[22,59],[-109,113],[-22,37],[8,56],[-77,15],[3,9]],[[36689,47825],[17,89],[27,120],[-97,14],[-41,-35],[-50,56],[-45,57],[-89,-5],[-51,-55],[-4,65],[-47,-6],[5,-79],[-59,-42],[-50,14],[-7,82],[-23,-48],[-80,34],[3,74],[-28,11],[-181,-5],[22,-88],[66,-18],[36,-56],[49,7],[-32,-138],[-144,40],[-123,-7],[-73,39],[13,160],[43,33],[3,156],[59,48],[-32,62],[151,55],[43,0],[2,-64],[133,-6],[5,34],[-57,28],[27,89],[81,27],[46,-50],[27,-13],[13,34],[55,-39],[295,13],[46,100],[150,6],[26,38],[57,53],[-24,63],[25,33],[129,24],[17,-99],[-124,-158],[-110,-137],[167,-193],[22,-124],[9,-93]],[[35674,48212],[33,-55],[-42,-65],[-30,23],[-3,87],[42,10]],[[36757,47026],[-14,-144],[-26,-1],[1,118],[39,27]],[[34098,47146],[8,-185],[-59,-51],[-2,85],[-187,94],[-143,157],[128,66],[150,-14],[105,-152]],[[34396,47037],[86,87],[32,-95],[-67,-101],[-31,8],[-20,101]],[[32729,46624],[-60,-120],[-32,-51],[-119,17],[-100,30],[-26,134],[-103,124],[-63,160],[-3,111],[-31,80],[44,172],[106,1],[36,83],[31,86],[40,-38],[-7,-70],[17,-58],[70,-49],[-39,-71],[-114,33],[4,-175]],[[32380,47023],[96,-50],[9,-106],[62,10],[90,18],[1,72],[98,17],[110,-40],[-15,-110],[0,-1],[-28,-75],[-24,-53],[-50,-81]],[[32578,47868],[-60,10],[-36,21],[-25,-22],[-2,55],[11,18],[1,5],[-84,70],[-9,0],[-21,-87],[-44,9],[-9,125],[-39,37],[-36,-37],[13,-101],[-43,4],[-62,9],[-9,67],[-32,-3],[13,36],[-32,44],[42,35],[75,11],[5,34],[71,0],[42,-31],[-2,-59],[109,-2],[51,-27],[45,0],[23,-105],[15,-32],[29,-34],[0,-50]],[[32839,47351],[-89,151],[13,108],[43,-26],[106,-183],[-73,-50]],[[32843,46524],[-126,25],[57,97],[109,24],[-40,-146]],[[32563,47298],[-93,62],[-17,87],[170,-117],[138,-33],[-19,-160],[-88,99],[-91,62]],[[49291,55896],[-18,61],[112,51],[69,-6],[74,-150],[-57,3],[-29,-11],[-132,-27],[-19,79]],[[51120,59241],[-78,64],[-52,-9],[-35,-146],[-107,6],[-190,98],[35,30],[106,-34],[-21,88],[-47,69],[58,250],[-284,-26],[-90,47],[-148,248],[97,-82],[232,-93],[-19,256],[381,279],[-7,97],[82,129],[82,279],[68,29],[-64,-139],[25,-193],[122,-171],[70,-37],[-137,-96],[56,-93],[115,-84],[27,-2],[71,99],[124,-102],[-66,-49],[-20,-34],[33,-69],[-42,-12],[-50,-92],[7,-71],[53,-64],[-4,-192],[-83,-3],[-113,-113],[95,-160],[-132,-46],[-67,-86],[-86,59],[48,84],[-45,87]],[[50772,58923],[98,-65],[80,-113],[-94,-92],[-75,85],[-104,39],[11,52],[31,4],[-12,81],[65,9]],[[54302,53924],[-80,30],[12,24],[23,8],[-51,30],[-72,23],[9,105],[59,-3],[35,-68],[164,-58],[144,19],[-114,-130],[-77,22],[-33,8],[-6,-50],[-13,40]],[[51703,59804],[43,36],[67,-44],[-83,-129],[47,-60],[-14,-83],[-77,31],[-54,-8],[-97,98],[-25,-10],[-4,43],[55,18],[11,59],[6,49],[125,0]],[[49722,60573],[-6,-127],[-85,-40],[21,93],[70,74]],[[53608,56047],[16,-33],[-57,-30],[-49,-6],[40,73],[50,-4]],[[50138,62765],[-37,33],[125,239],[11,-55],[-99,-217]],[[50379,58222],[57,34],[-12,-92],[-45,58]],[[50611,58364],[-15,64],[32,53],[33,-62],[-50,-55]],[[50521,58551],[-4,-76],[-53,14],[-17,-30],[-20,142],[94,-50]],[[36977,41911],[-38,-27],[16,-19],[-27,14],[-11,-11],[-125,-208],[-78,-154],[-29,-198],[-171,92],[-88,160],[-144,-77],[-53,-210],[21,-52],[-90,-68],[-32,11],[-61,103],[1,163],[-79,274],[45,39],[107,-76],[61,16],[-18,99],[62,66],[-165,105],[-178,28],[-194,-20],[40,28],[-8,72],[76,246],[50,-3],[-12,-137],[120,-50],[36,42],[23,-32],[51,-20],[66,122],[52,6],[7,37],[29,-32],[137,86],[41,68],[148,-117],[130,-37],[57,157],[-49,44],[66,6],[64,-44],[42,-135],[68,-104],[123,-155],[-33,-101],[-56,3]],[[37267,43029],[-106,-67],[-96,-73],[-119,116],[-109,11],[-2,64],[-210,10],[-234,-77],[7,148],[87,4],[8,87],[93,13],[-20,85],[313,47],[28,155],[12,52],[33,205],[-89,88],[30,14],[-15,109],[395,-330],[65,-119],[-72,-27],[-50,31],[-40,13],[-6,-19],[3,-3],[19,-39],[12,-34],[23,21],[106,-87],[-27,98],[83,36],[116,-172],[83,-58],[37,-161],[92,-64],[121,-41],[96,33],[-38,178],[57,82],[216,-304],[-107,-41],[-15,-71],[-140,-237],[-105,71],[12,53],[-47,26],[-45,-20],[-78,52],[21,65],[-73,12],[-106,99],[-134,-4],[-85,-30]],[[37315,44192],[162,-114],[-16,-109],[-111,39],[33,48],[-102,96],[-130,132],[-94,96],[32,71],[136,-141],[90,-118]],[[36198,45173],[-21,-33],[-62,15],[-63,101],[158,37],[178,-85],[39,-73],[-143,27],[87,-70],[-76,-26],[-8,24],[-21,-39],[6,57],[-19,30],[-33,-47],[-22,82]],[[36626,42491],[26,-117],[-31,-4],[-101,42],[-33,97],[119,43],[20,-61]],[[36383,42649],[89,111],[84,11],[9,-153],[-34,24],[-5,-65],[-177,38],[-92,52],[0,81],[126,-99]],[[35539,42193],[35,103],[57,22],[-23,-145],[-69,20]],[[35530,42360],[26,58],[95,3],[-9,-81],[-112,20]],[[43336,56805],[38,73],[2,-62],[85,-89],[35,47],[69,-52],[26,-61],[-32,-48],[51,42],[11,-48],[-124,-107],[-208,-22],[18,129],[-55,250],[32,-23],[21,20],[17,-29],[14,-20]],[[43574,57257],[18,-32],[53,8],[-24,-62],[8,-77],[12,-42],[-28,-14],[-12,-102],[-48,148],[2,47],[-52,-55],[40,-129],[-64,23],[-53,32],[29,95],[-32,15],[8,149],[75,111],[-2,-61],[16,-33],[7,32],[10,34],[13,-33],[-4,-20],[28,-34]],[[43375,57184],[-56,-58],[5,67],[51,-9]],[[41609,55600],[157,-63],[40,-61],[-48,2],[-105,90],[-92,-45],[-166,33],[96,83],[118,-39]],[[41475,55842],[-28,-134],[-92,-41],[68,224],[52,-49]],[[43645,56943],[4,49],[31,-15],[-9,-50],[-27,-52],[1,68]],[[34799,48667],[42,6],[-1,-60],[77,-9],[13,-41],[41,-13],[-35,-80],[31,-98],[69,-62],[-144,8],[-20,-56],[-47,58],[-87,-126],[42,-26],[-17,-84],[-95,-3],[-2,1],[-26,-71],[60,-51],[-165,-17],[-37,29],[-45,41],[7,97],[53,-15],[44,23],[45,24],[29,25],[15,54],[-35,46],[-42,61],[-38,-19],[-47,28],[94,69],[20,-60],[37,4],[22,6],[-2,102],[104,-71],[-15,80],[10,13],[1,22],[-30,23],[13,35],[-2,72],[63,35]],[[34831,48480],[-20,-46],[3,-30],[50,11],[33,39],[-45,34],[-21,-8]],[[34907,48119],[64,-72],[-110,-80],[-28,49],[16,75],[58,28]],[[36457,47527],[-13,75],[13,42],[19,-16],[29,-7],[54,8],[34,-13],[12,3],[-41,35],[-101,2],[-9,49],[134,158],[88,3],[13,-41]],[[36832,47437],[-177,-6],[-49,31],[-42,26],[-55,22],[-52,17]],[[36372,47634],[25,-21],[-72,-1],[47,22]],[[45723,19124],[1,-1],[0,1],[-1,0]],[[45739,19100],[-1,-1],[1,0],[0,1]],[[45679,19151],[-1,5]],[[45678,19156],[0,1],[0,-1]],[[45678,19156],[1,-5]],[[45639,19144],[1,-3],[0,1],[-1,2]],[[45637,19086],[-1,15],[-17,31],[-21,30],[-8,19],[13,12],[25,-12],[11,2],[31,4]],[[45670,19187],[1,0],[1,1]],[[45672,19188],[35,-10],[-3,9],[-1,10],[-2,36],[-12,23],[-2,4],[-7,19]],[[45680,19279],[45,-19],[21,0],[22,-13]],[[45768,19247],[-2,-35],[27,3]],[[45793,19215],[18,4]],[[45811,19219],[23,4]],[[45834,19223],[-3,-12],[24,-14]],[[45855,19197],[1,-1],[4,-1]],[[45860,19195],[53,-19],[-11,-15],[1,-1]],[[45903,19160],[-13,-87],[-2,-16],[-56,-9],[-9,-7],[-18,-13],[-10,-8]],[[45795,19020],[-1,2],[1,-3]],[[45795,19019],[-7,-23]],[[45788,18996],[-4,-2]],[[45784,18994],[-36,8],[-44,9],[-19,4],[-4,-26],[-13,-21],[-6,-6],[-17,-14],[-51,-39],[-13,0],[1,24],[-14,62]],[[45568,18995],[27,24],[28,51],[16,1],[-2,15]],[[45638,19164],[0,-2],[0,5],[0,-3]],[[45740,19193],[1,-6],[0,3],[-1,3]],[[45753,19138],[0,-1],[2,2],[-2,-1]],[[45785,19156],[0,-2],[1,-1],[0,1],[-1,2]],[[45811,19186],[1,0],[-1,0]],[[45842,19170],[0,-1],[0,1]],[[45812,19058],[0,-1],[0,1]],[[45677,19049],[1,0],[-1,1],[0,-1]],[[45641,19028],[0,-2],[0,2]],[[45638,19071],[0,-1],[1,0],[-1,1]],[[45844,19340],[50,80],[8,-33],[12,66],[2,-51],[34,36],[8,-57],[0,-10],[39,-1],[15,22],[9,40],[38,-22],[70,32],[85,10],[38,13]],[[46252,19465],[6,-144],[-1,-3],[7,-110]],[[46264,19208],[-79,-35],[-44,32],[-1,16],[-69,-43]],[[46071,19178],[-1,0],[0,-1]],[[46070,19177],[2,-83],[-48,2],[-14,8],[-47,18],[-4,4],[-56,34]],[[45860,19195],[-5,2]],[[45834,19223],[-6,5],[-14,-1],[-3,-8]],[[45793,19215],[-25,32]],[[45680,19279],[-42,25]],[[45638,19304],[-11,59],[137,-30],[115,77],[-38,-68],[3,-2]],[[45414,19286],[-55,33],[-27,22],[-67,91],[-13,13]],[[45252,19445],[30,15]],[[45282,19460],[125,-43],[63,-3],[70,-32],[46,69],[19,-125],[-70,-1],[63,-45]],[[45598,19280],[1,-20]],[[45599,19260],[0,-1]],[[45599,19259],[-44,-2],[-33,-5],[-21,-6],[1,13],[-88,27]],[[45908,19370],[-3,-2],[2,0],[1,2]],[[45998,19333],[-6,0],[6,0]],[[45998,19351],[1,1],[-1,0],[0,-1]],[[46089,19400],[-1,-1],[1,1]],[[45273,19067],[-28,34],[-32,15]],[[45213,19116],[-2,2],[-1,0]],[[45210,19118],[-21,10],[-21,7],[3,50]],[[45171,19185],[0,1],[-1,0]],[[45170,19186],[-8,1],[-1,23],[-5,44],[20,22],[-13,53],[6,12]],[[45169,19341],[1,1],[31,41],[-41,56]],[[45160,19439],[14,3],[78,3]],[[45599,19259],[2,1],[-2,0]],[[45598,19280],[24,19],[16,5]],[[45672,19188],[-1,0],[-1,-1]],[[45568,18995],[-36,4],[-22,-36]],[[45510,18963],[-4,-2],[2,0]],[[45508,18961],[5,-34],[-44,-2],[-4,12],[-21,1]],[[45444,18938],[-1,1],[0,-2]],[[45443,18937],[0,-4],[-89,-2]],[[45354,18931],[-13,-1]],[[45341,18930],[-27,-2],[-24,1],[-7,34],[4,22],[16,27],[0,46]],[[45303,19058],[0,2],[-3,0]],[[45300,19060],[-21,-5],[-6,12]],[[45550,19159],[0,-1],[1,1],[-1,0]],[[45496,19175],[-6,2],[3,-1],[3,-1]],[[45678,19256],[1,1],[-2,1],[1,-2]],[[45655,19256],[1,1],[-1,-1]],[[45601,19233],[-2,0],[2,0]],[[45843,18925],[1,0]],[[45844,18925],[-4,-72],[-2,-14],[-9,-18],[2,-28],[-19,-35],[1,-3],[-35,-46],[29,-59],[-9,-16],[1,0],[24,-54]],[[45823,18580],[-35,-30]],[[45788,18550],[-1,-1]],[[45787,18549],[-18,9],[-4,-59],[-9,-43]],[[45756,18456],[-22,-10],[2,-33]],[[45736,18413],[1,-7],[-34,-9],[-65,-29],[-13,2],[-48,-5],[-9,66],[25,18],[3,42],[30,50],[6,26],[-40,-3],[-62,-3],[-10,-3]],[[45520,18558],[-1,1]],[[45519,18559],[-19,17],[-32,86]],[[45468,18662],[0,1]],[[45468,18663],[-1,15]],[[45467,18678],[0,1],[-1,0]],[[45466,18679],[-30,34]],[[45436,18713],[-5,1]],[[45431,18714],[0,6],[-25,16]],[[45406,18736],[-1,2]],[[45405,18738],[1,1],[14,15],[-5,72],[-19,1]],[[45396,18827],[-5,17],[1,36],[-12,1],[-26,50]],[[45443,18937],[1,1]],[[45508,18961],[2,2]],[[45784,18994],[1,-1],[-1,1]],[[45788,18996],[34,-22],[-5,-9],[34,-36],[-7,-3]],[[45844,18926],[-1,-1]],[[45822,18923],[2,0]],[[45824,18923],[-2,0]],[[45798,18928],[0,1]],[[45798,18929],[0,-1]],[[45735,18934],[3,0],[-3,1],[0,-1]],[[45801,18949],[1,1],[-1,-1]],[[45768,18961],[0,1],[-1,0],[1,-1]],[[45736,18961],[1,0]],[[45737,18961],[-1,0]],[[45689,18843],[-3,1],[-1,-1],[4,0]],[[45629,18804],[1,1]],[[45630,18805],[-1,-1]],[[45630,18805],[1,1],[-1,-1]],[[45693,18554],[-4,0],[5,-2],[-1,2]],[[45460,18896],[2,0],[-2,1],[0,-1]],[[45554,18821],[0,-1],[1,1],[-1,0]],[[45778,18823],[2,0],[-2,0]],[[45783,18803],[6,0]],[[45789,18803],[-6,0]],[[45731,18500],[2,-3],[1,1],[-3,2]],[[46070,19177],[1,1]],[[46264,19208],[-2,-70]],[[46262,19138],[1,-10],[-19,-81],[-2,-49],[-41,-50]],[[46201,18948],[-1,0],[-18,1]],[[46182,18949],[0,1],[-1,-2]],[[46181,18948],[-17,-55],[-9,-66],[0,-11],[-72,-6],[-17,14],[-60,-39]],[[46006,18785],[-1,0],[0,-1]],[[46005,18784],[2,-43],[12,-53],[-1,0],[13,-56],[35,-9],[3,-19]],[[46069,18604],[-1,0],[1,0]],[[46069,18604],[-3,-24],[-2,-38],[2,-4],[-2,-47],[-9,-24],[0,-18],[-14,-87]],[[46041,18362],[-31,19],[-41,-40],[-48,2],[-51,70]],[[45870,18413],[-1,0],[-4,-3]],[[45865,18410],[-36,0],[-12,26],[-10,2],[-14,42],[-37,-24]],[[45787,18549],[1,-3],[0,4]],[[45823,18580],[1,0],[-1,0]],[[45844,18925],[0,1]],[[45795,19019],[0,1]],[[45821,18655],[-2,0],[-2,0],[4,0]],[[45810,18503],[0,-1]],[[45810,18502],[0,1]],[[45879,18466],[1,0]],[[45880,18466],[-1,0]],[[45687,18046],[3,-67],[32,31],[26,18],[16,4],[7,45],[32,2],[10,-81],[27,1],[53,-9],[28,47],[9,30],[38,56],[77,50],[13,68]],[[46058,18241],[54,49],[-13,5],[14,26],[29,18],[39,78],[43,67],[-4,53],[7,15],[-8,23],[45,34],[1,-7],[34,-37],[-16,-62],[-15,-31],[-26,-16],[24,-18],[-11,-10],[39,-61],[55,-11]],[[46349,18356],[7,-46],[31,2],[9,-17],[-5,-23],[25,-16],[-3,-43]],[[46413,18213],[-61,-65],[97,-3],[37,6],[8,29]],[[46494,18180],[0,2]],[[46494,18182],[58,32],[20,33],[42,-22],[-21,-16],[-22,-55],[28,-23],[-9,-28]],[[46590,18103],[1,0]],[[46591,18103],[80,-46],[11,-26],[0,-1],[12,-6],[99,-52],[46,15],[22,-1],[-13,-33],[36,6]],[[46884,17959],[4,-1]],[[46888,17958],[91,-37],[2,-3],[56,-22]],[[47037,17896],[1,-1],[9,-13]],[[47047,17882],[0,-3]],[[47047,17879],[1,-19],[-6,-4]],[[47042,17856],[-8,-1]],[[47034,17855],[-2,-12]],[[47032,17843],[-8,-7]],[[47024,17836],[-7,-11]],[[47017,17825],[-44,9],[3,-38],[-32,26],[-27,1],[-30,-61],[29,-30],[40,-30],[62,55]],[[47018,17757],[94,-207],[9,-41],[39,-28],[67,-23]],[[47227,17458],[26,-45]],[[47253,17413],[-48,-72],[2,-65],[-89,-37],[-87,27]],[[47031,17266],[0,1],[-2,-3]],[[47029,17264],[-65,-42],[-6,-48],[-41,-22],[-41,-10],[-108,12],[-98,12],[-21,-4]],[[46649,17162],[-2,-1]],[[46647,17161],[-27,14],[-82,19],[-200,-47],[60,-93],[-23,-28],[-25,-29],[8,-76],[1,-52],[-33,29],[-88,-160]],[[46238,16738],[-3,6]],[[46235,16744],[-19,27],[-9,5],[-29,2]],[[46178,16778],[-12,104],[-30,32],[-56,38],[-23,7],[-84,68],[-12,4]],[[45961,17031],[-61,15],[69,-32],[70,-106],[55,-75],[-22,-13],[44,-78]],[[46116,16742],[-6,-9],[-5,-14],[-19,-32],[-20,-14],[-32,-6],[-159,26],[-10,5],[-91,17],[-182,75],[-20,18],[0,1]],[[45572,16809],[-3,1],[-78,5],[-100,130],[-26,14],[-25,-1],[-4,-1],[-7,-3],[-6,-3],[-50,-40],[-52,-29],[-22,-35],[-56,-10],[-37,57],[-55,-1],[-12,-64],[-91,-29],[-173,48],[-48,102],[-96,-119],[-101,-60]],[[44530,16771],[-189,40]],[[44341,16811],[-37,6],[-29,68],[-30,22]],[[44245,16907],[1,59],[-82,117],[2,218],[-12,65],[3,126],[-7,29],[-40,65],[15,43],[-1,1],[-48,96],[-11,16],[19,110],[6,63],[1,12],[-40,85],[41,0],[43,13],[68,-2],[12,36],[18,43],[26,15],[-38,24],[34,11],[-12,44],[-47,18],[-13,50],[-24,88],[-4,50],[-5,30]],[[44150,18432],[36,49],[26,43],[18,14],[30,24],[53,47],[2,2],[27,-22],[8,-31],[22,-31],[-3,-57],[-27,-49],[64,-17],[37,36],[24,-29]],[[44467,18411],[41,-7]],[[44508,18404],[0,-1],[1,2]],[[44509,18405],[40,36],[2,33],[-54,21],[-5,32],[91,-26],[13,-10],[28,4],[51,-26],[12,3],[36,-6]],[[44723,18466],[2,0]],[[44725,18466],[24,-15],[27,-17],[1,0]],[[44777,18434],[3,-39],[15,-7],[40,-11],[82,3],[27,0],[76,-5]],[[45020,18375],[95,14],[34,0],[47,-2],[12,-3],[73,-5],[8,3]],[[45289,18382],[9,-70],[31,-138],[12,-16],[7,-34],[10,-56],[57,1],[44,2],[3,0],[48,-2],[1,0]],[[45511,18069],[40,2],[20,-55],[22,0],[15,15],[9,21]],[[45617,18052],[26,-5],[-1,2]],[[45642,18049],[45,-3]],[[45646,18047],[-2,0],[2,0]],[[45860,17900],[-1,2],[1,-2]],[[45631,17875],[1,0],[-1,1],[0,-1]],[[45969,17759],[52,15],[-7,25],[-33,14],[-50,-16],[35,-39],[3,1]],[[45918,17801],[8,-5],[-8,5]],[[45600,17651],[-8,-15]],[[45592,17636],[-1,1],[0,-1]],[[45591,17636],[-25,32],[-21,95]],[[45545,17763],[-1,0]],[[45544,17763],[-11,-1],[-18,14],[-21,-14],[-25,-6],[-9,-68],[0,-2],[-6,-51],[-15,-11],[-6,-8],[-15,4],[-50,31],[-15,-43],[-4,-2],[2,-50],[13,2],[6,-38],[40,8],[1,-2],[30,-29],[13,-8],[25,-49]],[[45479,17440],[20,-26]],[[45499,17414],[2,-11],[25,-31]],[[45526,17372],[0,-4]],[[45526,17368],[0,-1],[34,-57],[-20,-47],[0,-1],[-53,-56],[60,-22],[48,54],[18,-24],[24,21],[-6,-33],[0,-1],[36,-45],[2,-5],[3,-18]],[[45672,17133],[2,-9],[-2,9]],[[45672,17133],[42,-29],[12,6],[56,5],[-1,17],[-2,15],[3,56],[4,26],[-22,43],[-7,10],[-28,64],[-9,82],[25,75],[-4,7],[-17,56],[-26,78],[0,1],[-7,-5],[-26,28],[-31,-28],[-34,11]],[[45829,17402],[0,-1],[1,0],[-1,1]],[[45874,17491],[1,1],[-1,-1]],[[46578,18077],[1,1],[-1,-1]],[[46481,18036],[-1,1],[0,-1],[1,0]],[[46796,17788],[1,-1],[-1,1]],[[46314,18138],[-3,2],[0,-1],[3,-1]],[[46290,18231],[1,-1],[-2,3],[1,-2]],[[46846,17586],[-167,-30],[-68,-125]],[[46611,17431],[12,-21],[77,22],[62,82],[71,11],[14,50],[-1,11]],[[46967,17597],[-1,7]],[[46966,17604],[1,-7]],[[45210,18172],[0,1],[0,-1]],[[45441,17693],[0,1],[0,-1]],[[45370,17836],[0,4],[-7,0],[7,-4]],[[45239,17844],[1,0],[-2,1],[1,-1]],[[45112,17461],[-1,1],[0,-1],[1,0]],[[45112,17346],[1,-1],[-1,1]],[[45294,16984],[3,-2],[-2,5],[-1,-3]],[[44258,17976],[2,1],[-2,-1]],[[44533,17558],[-1,-1],[1,0],[0,1]],[[45961,17031],[-1,2],[1,-2]],[[46092,17129],[1,-3],[-1,4],[0,-1]],[[45678,16882],[1,2],[-2,-3],[1,1]],[[45474,17056],[1,0]],[[45475,17056],[-1,0]],[[45439,17165],[1,1],[-1,0],[0,-1]],[[45448,17324],[0,1],[0,-2],[0,1]],[[45322,17373],[1,0],[-1,0]],[[45254,17285],[0,1],[-1,-1],[1,0]],[[44591,15747],[-5,143],[-101,63],[-98,23],[-26,-2],[-71,19],[-70,13],[-60,-21],[-52,-20],[-3,-45],[-71,-15]],[[44034,15905],[-12,119],[-16,26],[42,72],[-12,49],[-17,45],[34,16],[8,21],[8,7],[99,112]],[[44168,16372],[0,1],[-1,1]],[[44167,16374],[-5,23],[24,142]],[[44186,16539],[0,1]],[[44186,16540],[31,8],[32,34],[176,73],[111,93],[-6,23]],[[45572,16809],[-1,-1],[1,1]],[[46116,16742],[62,36]],[[46235,16744],[-13,-47],[45,-7],[1,1]],[[46268,16691],[15,-8],[5,-3],[8,-7],[13,-11],[2,-2],[3,-4],[3,-6],[5,-9],[5,-8],[5,-10],[9,-16],[10,-27]],[[46351,16580],[-92,-104],[-9,-78],[-4,-99],[32,-6],[13,159],[51,72],[13,27]],[[46355,16551],[0,-1]],[[46355,16550],[0,-1]],[[46355,16549],[3,-10],[35,-114],[92,-83]],[[46485,16342],[0,-1]],[[46485,16341],[10,-110],[35,-16],[-2,-12]],[[46528,16203],[-26,-4],[14,-31],[20,12]],[[46536,16180],[18,1],[10,-36],[-3,-95],[38,-46],[22,-54],[-84,17],[-36,-98],[31,-30],[7,-8],[17,-59],[-14,-95],[-21,-35],[-39,-3],[-22,28],[-58,3],[-58,54],[-66,38],[-27,-39],[-25,-26],[-18,-49],[-10,-36],[-5,-24],[-35,-85],[-8,-66],[-3,-21],[-19,-92],[84,-69],[28,-34],[-31,-64],[50,-48],[-10,-65],[46,-96],[9,-27],[-6,-28],[-5,-26],[-57,-54],[3,-63],[31,-59],[10,-16],[-2,-5],[-12,-45],[-62,-87],[-78,-9]],[[46126,14529],[-6,12],[6,-12]],[[46126,14529],[-30,-49],[-26,34]],[[46070,14514],[-3,3]],[[46067,14517],[-7,8]],[[46060,14525],[4,101],[-120,-60],[-45,-164]],[[45899,14402],[-4,-37],[-95,13],[-81,2],[-90,-103],[-19,-19],[-94,-42],[9,-67],[30,28],[16,-49]],[[45571,14128],[-4,-44],[-57,-35],[-181,44],[-194,26],[-185,19],[-14,35],[-184,-14],[-78,-14],[-110,32],[-64,34],[-108,107],[-66,11],[-107,38],[-110,-5],[-41,-32],[2,-49],[-13,131],[-36,137],[2,-47],[-47,-1],[-13,51],[-31,144],[55,66],[-45,104],[68,33],[-16,50],[45,32],[9,86],[207,2],[38,25],[9,37],[-65,72],[30,96],[145,113],[106,46],[93,137],[-7,90],[0,10],[-13,52]],[[44854,15665],[-2,-4],[2,3],[0,1]],[[44641,16409],[1,-2],[0,1],[-1,1]],[[45022,16278],[54,-81],[9,-7],[76,73],[-22,101],[-28,11],[-74,-39],[-15,-58]],[[44974,16430],[3,4],[-3,-4]],[[45126,16156],[2,24],[-2,-24]],[[45147,15642],[107,-70],[76,7],[22,0],[42,40],[-39,41],[51,22],[-37,68],[-72,25],[-60,12],[-24,-31],[-31,-20],[-35,-94]],[[45203,15402],[-53,-35],[-62,28],[-61,-153],[43,-56],[63,19],[-29,-43],[38,-23],[-29,-111],[6,-59],[-63,-31],[-31,-12],[23,-58],[41,-4],[20,48],[35,-30],[50,183],[2,234],[64,39],[-7,41],[-50,23]],[[45520,15242],[-27,-25],[-7,-159],[35,1],[20,19],[80,72],[74,14],[-24,84],[30,15],[-58,-2],[-17,-34],[-21,28],[-85,-13]],[[45374,15754],[3,0],[-3,0]],[[45381,15739],[1,-1],[-1,1]],[[45610,15578],[-96,-47],[29,-103],[70,-3],[14,143],[-17,10]],[[45704,15265],[-2,-2],[2,2]],[[45464,16091],[2,1]],[[45466,16092],[-2,-1]],[[45787,16033],[25,3],[10,60],[-95,-22],[-3,-15],[63,-26]],[[45507,16286],[1,0],[0,1],[-1,-1]],[[45422,16604],[26,-50],[28,51],[-8,23]],[[45468,16628],[-38,-6],[-8,-18]],[[45517,16566],[1,-4],[-1,4]],[[45484,16608],[33,-42]],[[45517,16566],[18,25],[3,8],[-24,41],[-30,-32]],[[45321,16506],[1,0],[-1,0]],[[45245,16594],[-1,0],[1,0]],[[45485,16635],[-30,61]],[[45455,16696],[-47,-22],[60,-46]],[[45468,16628],[17,7]],[[45455,16696],[2,0],[-2,0]],[[44956,14983],[2,-7]],[[44958,14976],[-2,7]],[[45042,14641],[6,-2]],[[45048,14639],[-6,2]],[[44382,14995],[-5,4],[5,-5],[0,1]],[[45434,14835],[2,-6],[-1,6],[-1,0]],[[44682,14401],[-1,0],[-1,-2],[2,2]],[[44587,14513],[0,2],[-1,-2],[1,0]],[[45997,16078],[24,-34],[7,-29],[1,-3],[-25,-16],[-23,-12]],[[45981,15984],[0,1]],[[45981,15985],[-96,-19],[-4,-49],[67,20],[45,-24],[9,-7],[72,33],[28,9]],[[46102,15948],[37,-47],[-37,47]],[[46102,15948],[3,4],[7,3],[50,-13]],[[46162,15942],[0,-2],[1,1]],[[46163,15941],[32,37]],[[46195,15978],[0,1]],[[46195,15979],[16,48],[3,13],[-2,85]],[[46212,16125],[0,-1],[0,1]],[[46212,16125],[5,18],[-15,-3],[-23,-5],[15,64],[-29,-11],[-29,12],[-2,2]],[[46134,16202],[-1,0]],[[46133,16202],[-1,0]],[[46132,16202],[-1,0]],[[46131,16202],[-14,7],[-20,-7],[-42,5],[-7,30],[-8,9],[-31,-88]],[[46009,16158],[0,1]],[[46009,16159],[-19,11],[-1,-49],[-1,-34],[9,-9]],[[45826,16098],[3,1],[-3,-1]],[[45751,16158],[-5,-3],[2,-1],[3,4]],[[46310,16171],[0,-1]],[[46310,16170],[0,1]],[[46285,16044],[-1,-1],[1,0],[0,1]],[[45767,15106],[-8,-27],[46,-22],[-74,-47],[-59,13],[-1,-104],[33,1],[6,-42],[114,83],[19,37],[-14,87],[-62,21]],[[45790,15507],[-2,0],[2,0]],[[46084,15213],[-1,1]],[[46083,15214],[1,-1]],[[46083,15214],[1,-2],[-1,2]],[[45994,14840],[1,-1]],[[45995,14839],[-1,1]],[[46123,14857],[0,-2],[1,-1],[-1,3]],[[46268,16691],[-30,47]],[[46647,17161],[1,0],[1,1]],[[47029,17264],[2,2]],[[47253,17413],[144,-146],[-21,-89],[1,-17],[-1,-66],[-47,-36],[6,-8],[61,-27],[79,-32]],[[47475,16992],[0,-39],[-58,34],[-75,-42],[17,-61],[82,-28],[-86,10],[21,-40],[-35,-27],[24,1],[38,53],[20,-45],[52,6],[-91,-19],[-5,-56],[-25,-58],[-13,-74],[3,-11],[6,12],[64,126],[30,-12],[40,-46],[53,-29],[51,-31],[-7,-35],[27,-11],[-11,-43],[3,0]],[[47600,16527],[25,-20],[0,-50],[7,-5],[20,-58],[76,11],[-31,-131],[-107,-45],[5,-8],[-34,-34],[-109,-71],[-128,-28],[-1,0]],[[47323,16088],[-116,-42],[16,-26],[-70,-53],[-41,-32],[-3,-9],[-21,-91],[37,-92],[-20,-99],[-12,-25],[8,-44],[12,-3],[50,17],[191,31],[40,-47],[109,-105],[31,12],[13,-19],[32,-61],[2,-17]],[[47581,15383],[14,-83],[3,-85],[-252,-210],[2,-19],[104,-2],[109,1],[73,15],[104,-138],[92,-10],[15,-5],[126,-57],[100,-12],[149,10]],[[48220,14788],[-8,-34],[-74,-105],[22,-77],[12,-45],[10,-24],[29,-49],[35,-35],[-13,-66],[-22,-65],[-2,-19],[-7,-66]],[[48202,14203],[-1,-1]],[[48201,14202],[-126,-59],[-45,-84],[-5,-51],[-12,-219]],[[48013,13789],[-116,43],[-184,-18],[-194,20],[-79,10],[-98,11],[-120,26],[-178,43],[-175,42],[-51,8],[-200,30],[-97,12],[-191,14],[-30,4],[-189,20],[-267,36],[59,-17],[-258,-2],[-71,-5],[-3,62]],[[45899,14402],[69,46],[53,-33],[39,110]],[[46067,14517],[3,-3]],[[46536,16180],[-8,23]],[[46485,16341],[1,1],[-1,0]],[[46355,16549],[0,1]],[[46355,16551],[-4,29]],[[46917,16544],[2,-1],[-1,1],[-1,0]],[[46956,16556],[2,0]],[[46958,16556],[-2,0]],[[46661,16377],[1,5]],[[46662,16382],[-1,-5]],[[46636,16414],[-1,-2]],[[46635,16412],[1,2]],[[46870,16065],[-1,0],[2,-4],[-1,4]],[[46974,16778],[-1,2],[-1,0],[2,-2]],[[46933,16773],[1,0],[-2,0],[1,0]],[[46701,16591],[2,3],[-2,-3]],[[46693,16561],[-128,14],[160,-76],[-21,19],[-11,43]],[[47207,16932],[-1,0],[1,-2],[0,2]],[[46539,15243],[-2,-2],[2,2]],[[46447,15509],[-5,4],[1,-1],[4,-3]],[[46801,14931],[0,1],[-1,-1],[1,0]],[[46242,14251],[-1,-2],[1,2]],[[49259,16314],[58,-71],[-1,-76],[-1,-124],[-8,-48],[20,6]],[[49327,16001],[0,-4]],[[49327,15997],[1,-4]],[[49328,15993],[-11,-95],[-39,-15],[-7,-52],[36,26],[28,-22],[-1,5],[34,141]],[[49368,15981],[27,17],[8,-6],[2,-9],[36,-12]],[[49441,15971],[34,-12]],[[49475,15959],[30,-6],[13,-1],[26,-2],[34,-15],[23,24],[8,-8],[36,-11],[86,14],[54,19],[134,33]],[[49919,16006],[7,-58],[-105,-61],[1,-1],[71,-45],[-3,-102],[2,-5],[8,-59],[19,-6],[62,16],[4,-24],[-22,-53],[-33,-4],[-35,0],[-46,-4],[-9,-1],[-34,19],[-36,-3],[-49,-31],[-17,-6],[-26,2],[-5,0],[-5,1],[-14,-20],[-43,-20],[-21,-52],[3,-36],[-62,-28],[-18,-25],[5,-131],[-7,-10],[-30,-55],[-41,-31],[-45,16],[-36,-3],[2,-43],[-52,-19],[-43,14],[-25,8],[-28,-65],[-29,-31],[24,-86],[-28,-25],[-56,-31],[-10,-8],[5,-67]],[[49119,14833],[46,-34],[23,-14],[35,-19],[1,-57],[-51,-54],[35,-17],[-31,-79],[-15,-5],[-45,25],[-116,-25],[-39,57],[-51,37],[-30,-30],[-76,1],[-67,-43],[-42,106],[-57,21],[-21,17],[-67,76],[-61,-13],[-53,19],[-145,-11],[-72,-3]],[[47581,15383],[231,-28],[4,-6],[77,-17],[61,56],[-3,63],[44,48],[4,68],[51,30],[30,12],[62,0],[80,-22],[17,123],[0,14],[-19,47],[36,45],[1,57],[32,27],[53,10],[42,53],[-2,32],[52,64],[-1,1]],[[48433,16060],[0,1]],[[48433,16061],[-1,0]],[[48432,16061],[-2,2]],[[48430,16063],[-1,0]],[[48429,16063],[-6,3]],[[48423,16066],[-6,3]],[[48417,16069],[-4,1]],[[48413,16070],[-1,0]],[[48412,16070],[-4,1]],[[48408,16071],[-1,1],[-1,0],[-1,1]],[[48405,16073],[-6,3]],[[48399,16076],[5,53],[4,6]],[[48408,16135],[33,10],[40,-3],[6,-31],[7,0]],[[48494,16111],[23,-48],[10,-14],[8,-10],[2,-3],[11,-15],[23,-18],[49,-27],[7,-4],[19,-5],[8,-1],[20,2],[28,2]],[[48702,15970],[-1,-1],[1,1]],[[48702,15970],[15,1],[16,1],[47,-3],[0,-1],[61,-13],[54,3],[38,-7],[6,-1],[57,-5],[5,0],[32,-4],[72,6],[18,10],[16,38],[0,25],[32,61]],[[49171,16081],[1,1],[56,100],[4,16],[-2,21]],[[49230,16219],[-1,0]],[[49229,16219],[-66,4],[-6,-12],[-13,-6],[-1,0]],[[49143,16205],[8,22]],[[49151,16227],[8,95],[93,37]],[[49252,16359],[1,-10],[6,-35]],[[48946,16283],[-50,-40]],[[48896,16243],[-1,0]],[[48895,16243],[-8,8]],[[48887,16251],[-1,0]],[[48886,16251],[-23,-8],[-17,24]],[[48846,16267],[-10,-2]],[[48836,16265],[-18,58],[-3,10],[-18,20]],[[48797,16353],[-8,8]],[[48789,16361],[21,35]],[[48810,16396],[114,83],[80,14],[53,10],[8,-19],[55,-13]],[[49120,16471],[16,-29],[38,-16],[-30,-64],[-28,-103]],[[49116,16259],[-23,-32],[9,-39],[-35,6],[-12,20]],[[49055,16214],[1,3],[-1,-2]],[[49055,16215],[-11,15],[-8,1],[-12,13],[-5,4],[-18,0],[0,-1],[-36,6],[6,29],[-17,-5],[-1,1],[-7,5]],[[49078,16324],[0,-6],[0,6]],[[48820,15859],[-2,0]],[[48818,15859],[2,0]],[[48498,15753],[-1,-1]],[[48497,15752],[1,1]],[[48497,15752],[-35,28],[-16,-36],[-2,-16],[53,24]],[[48640,15785],[1,0],[-1,0]],[[48492,14983],[2,9]],[[48494,14992],[18,9]],[[48512,15001],[-7,17]],[[48505,15018],[-4,1],[4,11]],[[48505,15030],[0,1],[12,0]],[[48517,15031],[21,7]],[[48538,15038],[7,-4]],[[48545,15034],[23,-4],[-70,24],[-34,-34],[27,8],[-13,-52],[4,-1],[2,-18],[8,26]],[[48580,14994],[-82,-29],[30,-53],[1,40],[68,3],[-56,0],[41,33],[25,19],[-27,-13]],[[48538,15038],[1,0]],[[48539,15038],[-1,0]],[[49480,15766],[-1,0],[1,0]],[[49079,15254],[1,-1],[-1,1]],[[49074,15340],[1,0],[-1,0]],[[49324,15578],[-6,-12],[17,-37],[26,6],[-12,37],[-18,7],[-7,-1]],[[49291,15471],[1,-1],[0,1],[-1,0]],[[50149,14720],[-74,-17],[-42,-19],[-83,-35],[0,-9],[20,-36],[2,-41],[39,-13],[30,-59],[-35,-4],[-33,-75],[-50,-19],[-3,0],[-41,-25],[11,-23],[73,-60],[28,-25],[11,-47],[50,-7],[-27,-31],[-1,0],[36,-48],[2,-21],[4,-131],[-8,-80],[-14,-53],[-16,-36],[-6,-50],[21,-107],[-56,-67],[33,-76],[-57,-48],[-35,-36],[4,-43],[28,-151],[6,-110],[0,-108],[-48,-75],[-19,-54]],[[49899,12881],[-38,-31],[-205,11],[-41,37],[-5,83],[-88,70],[-66,23],[-93,25],[-125,28],[-95,16],[-99,11],[-23,79],[-52,88],[-58,45],[-115,52],[-28,58],[-159,73],[-42,17],[-61,26],[-145,55],[-67,24],[-58,-11],[-28,77],[-56,17],[-98,30],[-41,5]],[[48201,14202],[1,1]],[[49919,16006],[4,29],[39,-12],[94,-38],[30,-9],[34,7],[93,-94],[96,7],[59,-45],[72,-10],[43,-5]],[[50483,15836],[1,0],[0,1]],[[50484,15837],[105,58],[43,-131],[80,-89],[38,-22]],[[50750,15653],[-5,-10],[28,-76],[-29,-36]],[[50744,15531],[-1,0]],[[50743,15531],[-17,1],[-20,-33],[18,-142]],[[50724,15357],[-1,2]],[[50723,15359],[-50,44],[-23,0],[-57,-19],[-79,-91],[48,-48],[0,-1],[15,-77],[-3,0],[-53,-62],[2,-13],[-13,-22],[30,-49],[-17,-8],[-17,-28],[1,-34],[-23,-36],[-81,-9],[-81,-15],[-57,-62],[-19,-17],[-14,-8],[-7,-27]],[[50225,14777],[-2,-1]],[[50223,14776],[-5,-1],[-27,-3],[-16,-18],[0,-19],[-13,-17],[-13,2]],[[49919,14930],[1,0],[0,1],[-1,-1]],[[50111,15025],[1,-3],[0,3],[-1,0]],[[50015,14964],[-3,-1],[1,0],[2,1]],[[50135,15069],[0,-1],[1,1],[-1,0]],[[49622,14975],[0,-1],[0,1]],[[49749,14895],[0,2]],[[49749,14897],[0,-2]],[[50110,15371],[0,-2],[0,2]],[[49616,14920],[-2,-2],[-1,-2],[3,4]],[[49433,15001],[-3,3]],[[49430,15004],[3,-3]],[[49381,15034],[-1,1],[0,-1],[1,0]],[[49525,14908],[1,0],[-1,2],[0,-2]],[[49951,15511],[2,2],[0,3],[-2,-5]],[[50173,15511],[0,3],[-1,-1],[1,-2]],[[50389,15680],[1,1],[0,1],[-1,-2]],[[50586,15610],[1,0],[-1,0]],[[50384,15218],[0,-1],[9,10],[-9,-9]],[[50421,15183],[0,-1],[1,1],[-1,0]],[[49586,14764],[1,1],[-1,-1]],[[49534,14377],[-1,1],[0,-1],[1,0]],[[49462,14413],[-2,-2],[2,2],[1,2],[-1,-2]],[[49461,14396],[-1,0],[1,-1],[0,1]],[[49459,14778],[3,-1]],[[49462,14777],[-3,1]],[[49462,14777],[-2,-10],[9,-29],[29,14],[21,45],[-53,19],[-4,-39]],[[49377,14728],[1,0],[-1,0]],[[49696,14219],[1,0],[1,3],[-2,-3]],[[49198,13326],[31,-12],[22,36],[-8,31],[79,73],[-18,11],[-88,-58],[-18,-81]],[[49177,13331],[1,0],[-4,2],[3,-2]],[[49552,13644],[3,0]],[[49555,13644],[-3,0]],[[48505,13916],[18,36],[70,134],[-13,52],[-155,-205],[-12,-38],[1,-7],[91,28]],[[48293,13707],[81,21],[-66,26],[-15,-47]],[[48370,14576],[4,2],[0,1],[-4,-3]],[[50303,15826],[3,1],[-3,-1]],[[50250,15150],[-4,-3],[4,2],[0,1]],[[50223,14776],[1,0],[1,1]],[[50723,15359],[0,-1],[1,-1]],[[50743,15531],[1,0]],[[50750,15653],[10,8],[5,-1]],[[50765,15660],[50,-35],[40,-77]],[[50855,15548],[12,-16]],[[50867,15532],[8,-10]],[[50875,15522],[94,-135],[15,28],[45,-26],[49,-27]],[[51078,15362],[24,-40],[-31,-47],[-26,-8],[-8,-56],[-10,-20],[-13,-3],[-20,-56]],[[50994,15132],[-1,-1],[2,0]],[[50995,15131],[5,-26],[12,-46],[1,1],[1,-42],[-6,-11],[3,-34],[7,-16],[-6,-24],[9,-45],[-19,-9],[-7,-39],[7,-13],[-5,-22]],[[50997,14805],[0,-1]],[[50997,14804],[-1,-1],[-13,-44],[15,-22]],[[50998,14737],[-29,-2],[-22,-25],[0,-19],[-16,-18]],[[50931,14673],[0,-2],[0,2]],[[50931,14673],[2,-12],[-93,10],[-10,-8],[37,-58],[2,-21],[6,-47],[-28,-22],[-4,-12],[4,-35],[48,-32],[5,-25],[-17,-51],[28,-40],[2,-51],[15,-11],[8,-17],[28,2],[1,-56],[0,-1],[-14,-10],[15,-41],[9,-66],[20,-9],[-19,-35],[39,-15],[13,2],[47,60],[68,17],[-5,21],[140,-34],[8,44],[19,-7],[11,66],[4,55],[19,46],[-33,12],[-35,21],[12,10],[69,33]],[[51352,14356],[55,-21],[33,59],[-33,2],[-27,-12]],[[51380,14384],[-2,1]],[[51378,14385],[-1,0]],[[51377,14385],[-33,11],[34,46],[25,-3],[60,16]],[[51463,14455],[15,0],[0,-3],[38,-15],[41,-19],[19,-30],[53,15],[64,-28],[31,14],[74,-22],[27,-4],[17,-48],[4,-11],[-39,-45],[-14,-53],[-11,-39],[14,-22],[24,-8],[61,-23],[1,-24],[4,-55],[3,-38]],[[51889,13997],[-79,-109]],[[51810,13888],[-71,6]],[[51739,13894],[0,2],[0,-2]],[[51739,13894],[-1,0],[-123,-54],[-2,-31],[-72,-56],[10,-48],[-31,-99],[58,-15],[42,-29],[13,-92],[5,-50],[6,-58],[-24,-107],[29,-51],[2,-67],[-26,-63],[-90,-8],[13,-9],[-41,19],[-1,-40],[-38,12],[37,-90],[31,-3],[-77,-21],[38,-17],[-35,-6],[15,-70],[26,-40],[-4,-154],[50,-64],[20,-42]],[[51569,12541],[-178,22],[-181,33],[-110,19],[-51,9],[-252,44],[-111,33],[-126,26],[-184,69],[-94,24],[-108,23],[-275,38]],[[50500,13029],[-3,1],[3,-1]],[[50155,13000],[-2,4],[3,-9],[-1,5]],[[50651,13799],[-1,0],[-4,-2],[5,2]],[[50167,13912],[31,-10],[9,30],[-22,114],[-36,20]],[[50149,14066],[-50,20],[68,-174]],[[50355,13787],[4,3],[-4,-3],[0,-1],[0,1]],[[50249,14362],[2,-3],[-1,3],[-1,0]],[[50593,14200],[1,0],[0,1],[-1,-1]],[[50778,14332],[0,-2]],[[50778,14330],[0,2]],[[50308,14439],[-1,1],[-1,1],[2,-2]],[[50894,14923],[1,1],[-1,-1]],[[50797,15268],[1,-1],[0,1],[-1,0]],[[51463,14455],[-10,10]],[[51453,14465],[-4,5]],[[51449,14470],[0,1]],[[51449,14471],[-12,16],[-16,19],[-41,30],[-39,20],[0,-76]],[[51341,14480],[-3,-2]],[[51338,14478],[-11,5],[-44,58],[-16,-15],[-35,2],[-6,21],[-5,6],[-50,23],[-12,16],[-22,14],[-35,28],[-8,7],[-5,0],[-27,13],[-32,18],[-14,21],[-12,35]],[[51004,14730],[3,3],[-1,0]],[[51006,14733],[-8,4]],[[50997,14804],[0,-1],[0,2]],[[50995,15131],[-1,1]],[[51078,15362],[9,34],[24,76],[-54,94]],[[51057,15566],[7,15],[66,17],[19,-23],[28,-8],[33,-11],[51,2]],[[51261,15558],[80,10],[3,16]],[[51344,15584],[37,-4]],[[51381,15580],[1,0]],[[51382,15580],[48,-10],[7,1],[21,14],[39,9],[9,-23],[11,-8],[64,-27],[23,63],[54,8],[42,-29],[2,0],[23,-31],[20,-23]],[[51745,15524],[39,-22],[20,-23],[62,-24],[47,-33],[-12,-16],[40,-32],[50,-32],[10,2],[42,-8],[45,-2],[76,-38],[58,-21],[8,-5],[17,-32],[-3,-19],[-21,-43],[55,-33],[13,-23],[-24,1],[24,-29],[54,-36],[67,-12]],[[52412,15044],[24,-19],[20,-21],[44,-42],[8,-41],[-8,-125],[-33,-15],[-51,-108],[-11,-14],[33,-62],[-20,-90]],[[52418,14507],[-33,6],[-8,-62],[-79,-47],[-22,-25],[-85,2]],[[52191,14381],[-1,2]],[[52190,14383],[-13,30],[-69,-38],[-34,-20],[-1,-56],[-11,1],[57,-42],[45,-11],[29,-26],[42,-30],[29,-9],[69,-34],[12,18],[56,-31],[32,-44]],[[52433,14091],[5,-41],[57,-21],[122,20],[-3,32],[-78,49],[-49,-32]],[[52487,14098],[-7,23],[70,55],[-9,57],[35,5],[59,-50],[36,47],[10,25]],[[52681,14260],[14,26]],[[52695,14286],[2,0],[9,2]],[[52706,14288],[12,-1]],[[52718,14287],[46,-23],[7,-1],[27,71],[18,69]],[[52816,14403],[81,-66],[-3,-15],[-12,-10],[24,-53],[22,-47],[63,-80],[40,-25],[13,-73],[-19,-87]],[[53025,13947],[-34,-16],[-3,-25],[-37,61],[-64,-8],[-55,12],[-74,-34],[12,-78],[12,-12],[17,-30],[-26,-132],[-10,-26],[-37,-15],[-26,-13],[-37,-40],[-52,4],[-2,0],[-145,-50],[-84,38],[-19,-52],[-68,6],[-14,30],[-17,24],[24,64],[63,3]],[[52349,13658],[3,1]],[[52352,13659],[-92,48],[-145,-31],[-34,62],[-116,34],[-50,37]],[[51915,13809],[49,49],[-80,-2],[16,83],[-11,58]],[[51638,14522],[2,1],[0,1],[-2,-2]],[[51684,14522],[5,0],[-5,0]],[[51237,14579],[-1,-1],[-1,-3],[2,4]],[[51311,14643],[-1,-1],[4,1],[-3,0]],[[51201,14873],[72,30],[45,-7],[-18,43],[42,-12],[19,32],[-21,69],[-19,42],[-32,2],[-35,-31],[-16,38],[-32,-2],[-100,9],[-20,-13],[31,-39],[39,-5],[-22,-31],[-18,-50],[22,-20],[49,-6],[-36,-41],[23,-28],[27,20]],[[51460,14972],[1,-2],[-1,2]],[[51977,14249],[2,-1],[-2,1]],[[51059,14810],[0,-1],[0,2],[0,-1]],[[51236,15248],[1,-1],[-1,1]],[[52032,15143],[1,1],[-1,-1]],[[52057,14879],[1,-101],[71,-2],[4,-1],[36,87],[-54,34]],[[52115,14896],[-15,-8],[-43,-9]],[[52707,13880],[1,0],[1,-1],[-2,1]],[[52688,13895],[-4,3],[4,-3]],[[52688,14001],[0,16],[0,-16]],[[51745,15524],[15,57],[-6,29],[-6,23],[3,47],[5,11],[0,67],[-18,21],[-4,15],[0,15],[-1,1],[6,30],[0,6],[8,164],[43,54],[15,11],[2,11],[3,29],[0,39],[16,73],[1,6],[1,5],[0,1],[-4,113],[-20,147]],[[51804,16499],[23,34],[14,47],[4,89]],[[51845,16669],[30,23],[44,-18],[16,3],[27,2],[12,2],[19,7],[24,-65],[37,6]],[[52054,16629],[1,0]],[[52055,16629],[21,41],[32,-46]],[[52108,16624],[1,0],[0,1]],[[52109,16625],[25,38],[12,-12],[33,1],[1,-7],[45,0],[11,10],[-2,-37],[-5,-58],[-19,-20],[0,-4],[-3,-9],[26,-20],[-11,-51],[-1,-1],[7,-19],[-9,-25],[26,-24],[2,-2],[37,2],[-6,-50],[6,-3],[9,0],[36,11],[1,-18]],[[52330,16327],[1,-2]],[[52331,16325],[-9,-21],[12,-6],[6,-2],[53,-5],[8,-15],[53,-23],[22,-4],[17,-25],[12,6],[37,-10],[62,-9],[18,22],[61,-43],[35,-16],[48,26]],[[52766,16200],[26,11]],[[52792,16211],[28,-82],[-38,-48],[42,-26],[34,36]],[[52858,16091],[8,-6],[-1,20]],[[52865,16105],[1,1]],[[52866,16106],[19,13]],[[52885,16119],[22,-9]],[[52907,16110],[59,-37],[6,4],[1,-1],[50,-34],[40,-75],[-6,-28],[-3,-40],[-4,-38],[-8,-26],[34,-20],[47,-4],[11,58],[56,14]],[[53190,15883],[1,-1]],[[53191,15882],[84,-49],[34,-58]],[[53309,15775],[1,0]],[[53310,15775],[-2,-17],[4,-29],[2,-13],[-61,-43],[21,-50],[12,-67],[-34,-90],[-15,-98],[-31,-8],[-58,9],[-93,-27],[-6,-28],[-51,-59]],[[52998,15255],[-7,-5],[-35,-36]],[[52956,15214],[-20,-6]],[[52936,15208],[-90,-18],[-87,51],[-48,20],[-62,-11],[-9,-15],[-95,-21],[-3,-1],[-19,-23],[-58,-31],[-36,-30],[-17,-85]],[[52841,15603],[-26,-72],[-2,-14],[87,38],[14,41],[-62,33],[-11,-26]],[[51827,15716],[14,-33],[16,29],[-12,85],[-43,-4],[-7,-10],[-16,-6],[17,-17],[3,-24],[28,-20]],[[52917,15550],[1,1]],[[52918,15551],[-1,-1]],[[52918,15551],[2,1],[-2,-1]],[[52923,15554],[2,1],[-2,-1]],[[52932,15556],[3,0],[-3,0]],[[52925,16246],[23,-64],[-66,68],[-24,7],[17,39],[-28,12],[45,39],[-24,18],[-133,12],[136,4],[36,23],[-1,16],[-45,9],[21,35],[-54,-36],[9,28],[-28,-2],[35,72],[2,125],[36,9],[27,-43],[38,-23],[14,-8],[56,-10],[42,10],[0,-36],[77,-31],[30,41],[55,22],[23,7],[107,65],[12,63],[27,72],[-52,63],[61,22],[12,-49],[71,-37]],[[53482,16788],[-27,-49],[23,-123],[-28,-30],[-5,-98],[-8,-2],[-22,-24],[-6,-13],[-8,-13],[-2,-11],[-11,-15],[-1,-1],[-5,-19],[-2,-5],[-19,-32],[-1,-9],[-32,-25]],[[53328,16319],[-58,69],[9,19],[12,22],[-49,16],[14,22],[3,5],[-39,10],[-15,-51],[31,-5],[-18,-57],[-24,33],[-4,-75],[-35,22],[-26,22],[-33,-59],[27,8],[-2,-38],[-13,-91],[-19,-7],[-6,1],[-5,-38],[19,-12],[12,13],[43,20],[7,18],[-24,21],[33,51],[24,40],[50,32],[31,16],[-7,-40]],[[53266,16306],[8,-23],[-32,3]],[[53242,16286],[-4,2],[-18,-28],[17,-3]],[[53237,16257],[4,-11],[-32,-20],[-20,-37],[10,-19],[-22,-62],[0,-2]],[[53177,16106],[-5,-17],[-21,-23],[-4,-18]],[[53147,16048],[44,-44]],[[53191,16004],[2,-21],[14,-48],[-15,-50]],[[53192,15885],[-2,-2]],[[52907,16110],[11,46],[35,-1],[19,2],[32,31],[-52,49],[-27,9]],[[52771,16465],[11,-31],[-24,3],[-26,17],[-19,16],[5,-9],[-17,-29],[-8,-21],[-2,-37],[-23,15],[-93,-26],[-9,3],[-2,-6],[27,-26],[29,-43],[6,53],[35,8],[19,-2],[44,-1],[-26,-60],[16,-5],[15,-5],[95,7],[-58,-86]],[[52331,16325],[-1,2]],[[52109,16625],[-1,-1]],[[52055,16629],[-1,0]],[[51845,16669],[-33,19],[-19,-5]],[[51793,16683],[2,4]],[[51795,16687],[4,11]],[[51799,16698],[4,6]],[[51803,16704],[0,5],[0,1]],[[51803,16710],[-20,20],[-15,12],[-49,29],[-75,39],[0,39],[31,23],[10,17]],[[51685,16889],[1,3]],[[51686,16892],[-26,41],[-9,13],[-10,25],[25,26]],[[51666,16997],[-1,2]],[[51665,16999],[9,22],[-2,23],[-4,0],[-20,29],[-75,50]],[[51573,17123],[-7,1]],[[51566,17124],[1,19],[1,17]],[[51568,17160],[34,11],[30,13],[10,63],[-59,-22]],[[51583,17225],[8,26],[5,16]],[[51596,17267],[113,19],[23,28],[-3,16],[-18,6],[-92,-8],[-27,-8]],[[51592,17320],[-67,15],[-21,3]],[[51504,17338],[19,90],[34,41],[29,27],[13,15],[28,40]],[[51627,17551],[0,5]],[[51627,17556],[31,-31],[72,-10],[-3,23],[-38,60],[100,2],[-51,34]],[[51738,17634],[18,27],[0,3]],[[51756,17664],[9,13],[36,2],[9,0]],[[51810,17679],[20,-110],[2,-3],[34,1],[3,-109],[31,6],[9,59],[-23,47],[37,1],[-25,80],[25,28],[-89,23]],[[51834,17702],[15,10]],[[51849,17712],[34,-20],[4,38]],[[51887,17730],[30,11],[60,-37],[11,-67],[1,-77],[2,-24],[71,6],[60,54]],[[52122,17596],[2,0]],[[52124,17596],[10,-11],[57,75],[71,71]],[[52262,17731],[0,3]],[[52262,17734],[2,1],[72,22]],[[52336,17757],[30,-131],[15,-267],[0,-39],[8,-3],[22,-77],[1,-32],[-56,-9],[-7,-4],[60,-17],[7,-57],[5,-26],[5,-22],[3,-17]],[[52429,17056],[-36,-22],[-7,-12],[-17,7]],[[52369,17029],[-11,43],[-5,9],[-13,3],[-22,-16],[12,-13],[24,-33],[-25,-42],[0,-3],[18,0],[13,19]],[[52360,16996],[18,-23],[-5,-47],[-2,-12],[-50,2],[-17,-21],[-38,-16]],[[52266,16879],[0,1],[0,-1]],[[52266,16879],[-5,-8],[31,-47],[1,-1],[-1,-10],[11,-22],[20,-3],[-4,-41],[-16,-47],[47,-55],[12,-10],[21,19],[18,69],[3,34],[18,35],[35,23]],[[52457,16815],[-20,-92],[61,4],[11,21],[-25,66]],[[52484,16814],[18,14],[54,10]],[[52556,16838],[-1,-74],[15,-14],[8,25],[34,-24],[-15,-56],[45,62],[36,-23],[-50,-95],[24,-31],[-53,-17],[13,-57],[14,-9],[23,9],[26,13],[-28,42],[25,24],[26,-14],[-16,-49],[1,-67],[16,-1],[39,-6],[-6,30],[51,31],[52,48],[-64,-120]],[[52792,16211],[15,23],[94,-49],[-16,-66]],[[52885,16119],[-19,-13]],[[52865,16105],[-7,-14]],[[52906,16251],[19,-5]],[[52925,16246],[-19,6],[0,-1]],[[52966,16259],[-5,-10],[26,0],[-21,10]],[[52896,16310],[3,-1],[-3,2],[0,-1]],[[53034,16150],[-1,0],[1,0]],[[53156,16219],[8,27],[-8,-27]],[[53109,16286],[0,1],[-6,0],[6,-1]],[[53423,16586],[2,0],[-2,0]],[[53194,16404],[10,21],[-14,4],[4,-25]],[[53165,16395],[-2,33],[29,58],[-37,9],[-85,7],[-9,-32],[74,-29],[-5,-32],[-49,-44],[65,27],[19,3]],[[52982,16326],[21,2],[25,11],[18,-43],[17,-7],[11,70],[-15,18],[-6,48],[-23,4],[-11,-47],[-31,-33],[-6,-23]],[[52913,16343],[1,1],[-1,0],[0,-1]],[[52916,16344],[12,-35],[46,17],[-58,18]],[[53091,16298],[-15,12],[-6,-23],[21,11]],[[52559,16586],[0,1],[-1,-1],[1,0]],[[52561,16610],[45,36],[-26,59],[-69,-68],[-42,-7],[-22,-15],[5,-19],[61,27],[-12,-31],[27,3],[33,15]],[[52952,16487],[-3,0],[4,-2],[-1,2]],[[52842,16781],[-2,-101],[-38,21],[-1,-69],[-58,6],[-23,104],[61,65],[61,-26]],[[52499,16723],[-17,-37],[20,12],[-3,25]],[[52512,16774],[0,17],[0,-17]],[[52513,16792],[13,-5],[-6,8],[-7,-3]],[[52314,16440],[1,-2],[-1,2]],[[52334,16493],[0,1]],[[52334,16494],[0,-1]],[[52152,16753],[6,2],[-4,13],[-9,1],[7,-16]],[[52226,16868],[9,16],[-30,-3],[-5,-29],[26,16]],[[52089,16723],[52,48],[1,23],[-15,8],[-11,-5],[-56,-55],[29,-19]],[[52146,16832],[14,-10],[18,30],[13,28],[-10,22],[-12,-1],[-4,-7],[-18,-54],[-1,-8]],[[52043,16745],[0,2],[-3,-1],[3,-1]],[[52002,16785],[23,47],[-42,24],[-8,-31],[18,-38],[9,-2]],[[51932,16772],[0,-1],[2,1],[-2,0]],[[51845,16819],[17,-12],[-17,12]],[[51834,16769],[5,23],[-6,-23],[1,0]],[[51808,16807],[20,35],[-22,47],[-34,8],[-29,-7],[-6,-99],[71,16]],[[51896,16837],[-2,0],[3,0],[-1,0]],[[51927,17091],[-2,51],[-24,-11],[-10,-29],[12,-9],[23,-5],[1,3]],[[51951,17166],[1,-5],[0,5],[-1,0]],[[51900,17067],[-6,14],[6,-14]],[[52039,16948],[1,0],[0,1],[-1,-1]],[[52134,16934],[0,2],[-1,-3],[1,1]],[[52223,16956],[1,-1],[0,1],[-1,0]],[[52238,16990],[3,-26],[24,-9],[19,-26],[17,9],[-18,37],[-8,-3],[19,103],[-20,2],[-36,-44],[-6,-17],[4,-2],[2,-24]],[[52290,17088],[41,41],[15,21],[-10,24],[-34,-20],[-31,-29],[-22,-46],[7,-3],[57,35],[-23,-23]],[[52098,17394],[19,24],[-5,-1],[-14,-23]],[[52109,17417],[18,39],[-56,3],[-26,27],[22,22],[-63,-3],[-25,-57],[-64,14],[-28,-16],[-4,-30],[43,-4],[60,11],[59,29],[34,-11],[-10,-31],[40,7]],[[52002,16978],[2,0],[0,1],[-2,-1]],[[52002,16975],[0,-1],[0,1]],[[51975,16991],[3,-1],[-3,1]],[[52098,17249],[-1,-1]],[[52097,17248],[1,1]],[[51738,17367],[0,3],[-1,-2],[1,-1]],[[51804,17092],[2,-1]],[[51806,17091],[-2,1]],[[51796,17067],[-3,-2],[1,1],[2,1]],[[51751,17125],[-10,1],[0,-1],[10,0]],[[51861,17379],[-2,0]],[[51859,17379],[2,0]],[[53056,16534],[1,-19],[17,-4],[-18,23]],[[51946,16853],[2,-13],[-2,13]],[[53147,16048],[-24,29],[-25,-7],[-14,-64],[63,42]],[[52299,17034],[4,7],[-4,-7]],[[52170,17044],[11,-22],[-11,22]],[[51755,16973],[-1,0]],[[51754,16973],[1,0]],[[52424,16566],[1,3],[-1,-5],[0,2]],[[50765,15660],[1,0],[117,154],[21,76],[5,15],[34,63],[9,26],[81,54],[19,28],[39,14],[3,46],[-11,59]],[[51083,16195],[102,-18],[20,48],[-68,2],[-37,43],[-23,-5]],[[51077,16265],[-46,-7],[-33,27],[24,43],[-48,49],[-23,59]],[[50951,16436],[0,1],[-7,50],[-36,1],[-22,-6],[-12,24],[-4,44],[5,17],[-3,13],[-30,23],[19,32],[29,-4],[14,40],[-18,49],[-1,22],[-1,35],[-56,6],[10,44],[-2,0],[1,10],[28,38],[13,46],[-9,13],[-31,13],[-77,45],[-58,12],[-29,55],[-24,10],[-44,61],[-92,29],[2,33],[-58,17],[-4,33],[-37,23]],[[50417,17265],[24,63],[83,37],[10,156],[79,49],[86,38],[14,49],[30,-12],[2,-86],[55,2],[26,-164],[6,-4],[11,-7],[40,-19],[43,30],[46,-17],[11,7],[81,142],[170,-56],[38,-1],[49,-16],[-7,-28],[-3,-62],[37,-28],[36,0],[-28,37],[29,10],[64,-58],[23,63],[32,-52]],[[51592,17320],[4,-53]],[[51583,17225],[-15,-40],[0,-25]],[[51566,17124],[7,-1]],[[51665,16999],[1,-2]],[[51686,16892],[-1,-3]],[[51803,16710],[0,-6]],[[51799,16698],[-4,-11]],[[51793,16683],[-32,-26],[-17,-7],[-11,-25],[1,-20],[70,-106]],[[51382,15580],[-1,0]],[[51344,15584],[8,71],[-29,35],[-19,-25],[13,-83],[-41,38],[-15,-62]],[[51057,15566],[-78,16],[-71,-2],[25,-35],[-58,-23]],[[50867,15532],[-12,16]],[[51279,16282],[68,5],[-10,27],[-17,30],[-43,25],[2,-87]],[[51264,16377],[6,-5],[-6,5]],[[51290,16849],[2,0],[-2,2]],[[51290,16851],[0,-2]],[[51290,16851],[11,29],[-3,24],[-14,47],[-4,2],[-20,9],[-2,-34],[32,-77]],[[51116,15675],[-19,-24],[22,-17],[12,-15],[-8,68]],[[51123,15687],[-7,-12]],[[50484,15837],[-1,-1]],[[49475,15959],[9,10],[2,110],[-44,-106],[-1,-2]],[[49368,15981],[-10,17],[-6,3],[-24,-8]],[[49327,15997],[0,4]],[[49252,16359],[-4,26],[6,44],[26,139]],[[49280,16568],[12,-2],[57,23],[30,20],[26,3],[89,-26],[28,19],[19,24],[5,25],[74,74],[5,95],[-4,67],[-8,47],[10,78],[-19,59],[-20,11],[-47,2],[-24,24],[36,1],[-5,30],[89,18],[36,52],[5,0],[9,98],[-11,71],[22,41],[-34,55],[30,29]],[[49690,17506],[75,-22],[60,-21]],[[49825,17463],[1,0]],[[49826,17463],[99,-51],[212,-150],[8,-23],[61,-96]],[[50206,17143],[0,-1],[0,1]],[[50206,17143],[77,-19],[63,-15],[7,37],[21,128],[43,-9]],[[51077,16265],[6,-70]],[[50641,16180],[0,3],[-34,61],[-13,10],[-85,-18],[-11,-25],[15,-49],[25,-3],[1,26],[102,-5]],[[50519,16151],[-3,5],[3,-5]],[[50060,16424],[-18,-19],[21,-33],[23,36],[-26,16]],[[50129,16411],[-13,20],[3,-36],[10,16]],[[49903,17996],[-16,-110]],[[49887,17886],[-34,2],[-10,84],[-63,22],[62,34],[-1,104]],[[49841,18132],[-1,11],[-15,66],[31,11]],[[49856,18220],[0,47],[60,49],[2,26],[28,66],[-8,55],[34,49],[-40,20],[38,-7],[2,35],[5,32],[-27,-16],[8,127],[-20,28]],[[49938,18731],[-12,-1]],[[49926,18730],[-5,0]],[[49921,18730],[4,22]],[[49925,18752],[34,21],[-20,52]],[[49939,18825],[85,-19],[105,-50],[41,-23],[54,-28],[26,-19],[25,-13],[39,-26],[72,-43],[208,-56],[11,-26],[88,-31],[72,13],[11,40],[209,96],[8,59],[40,11],[41,54],[-27,31],[-64,113],[109,-33],[12,-49],[63,23],[46,-76],[241,-74],[-153,130],[73,10],[182,-113],[14,114],[75,4],[18,-67],[-61,-15],[2,-64],[-88,-52],[-27,-25],[-139,15],[-74,38],[24,-45],[155,-11],[56,-50],[25,34],[85,6],[2,62],[79,-26],[-26,-22],[-2,-44],[9,-36],[4,-11],[21,-58],[76,-116],[-34,-20],[-7,-42],[17,-31],[50,51],[27,-40],[42,-55],[19,-19],[11,-14],[106,-104],[71,-61],[67,-42],[2,-1],[131,-67],[57,-25],[-15,-41],[2,-63],[6,-26]],[[52262,17734],[0,-3]],[[52124,17596],[-2,0]],[[51887,17730],[-38,-18]],[[51834,17702],[-24,-23]],[[51756,17664],[-5,11],[5,-11]],[[51738,17634],[-19,6],[-70,-40],[-22,-44]],[[51627,17556],[0,-5]],[[49826,17463],[-1,10],[0,-10]],[[49690,17506],[-17,29],[48,16],[109,43],[7,31],[61,40],[0,6],[42,94],[-18,54],[-38,-20],[7,39],[43,4],[7,14],[-19,-13],[-9,16],[22,19],[-29,15]],[[49906,17893],[59,19],[12,49],[-74,35]],[[49889,18134],[-2,-18],[54,-62],[5,41],[-6,34],[-51,5]],[[49847,18145],[7,-2],[2,5],[-9,-3]],[[50104,18152],[2,0],[-4,0],[2,0]],[[49961,18152],[1,0],[0,1],[-1,-1]],[[50407,17965],[0,1],[0,-1]],[[50737,18007],[0,-1],[1,1],[-1,0]],[[50886,17969],[106,75],[-66,0],[-38,-21],[-9,-47],[7,-7]],[[51112,17681],[1,-1],[1,1],[-2,0]],[[51230,17772],[0,-1],[1,0],[-1,1]],[[51833,17753],[1,-2],[109,44],[-17,34],[8,33],[-40,8],[-27,-27],[36,-30],[-66,-9],[-4,-51]],[[51723,17776],[1,0],[-1,0]],[[51895,17875],[3,18],[-3,-18]],[[51683,18312],[2,-30],[45,6],[-42,43],[-5,-19]],[[51477,18404],[-3,2],[-22,-3],[15,-49],[8,3],[23,18],[-21,29]],[[51400,18308],[39,24],[-43,41],[-11,0],[15,-65]],[[51568,18352],[6,-2],[-5,2],[-1,0]],[[51365,18500],[12,-61],[-31,-10],[50,-47],[5,65],[23,-31],[-5,45],[-54,39]],[[51203,18277],[0,-5],[0,4],[0,1]],[[50563,18517],[2,1],[-1,0],[-1,-1]],[[50146,18265],[7,58],[-43,-31],[-43,55],[-36,-41],[-9,-11],[69,-66],[55,36]],[[50194,18344],[37,14],[0,5],[-37,-19]],[[50078,18543],[1,-3]],[[50079,18540],[-1,3]],[[50070,18684],[-1,0],[0,-5],[1,5]],[[50191,18616],[0,-3],[5,14],[-5,-11]],[[50121,17741],[-1,1],[1,-1]],[[48769,16777],[-9,4],[-23,2],[-36,-8],[3,111],[-23,17]],[[48681,16903],[-24,71],[22,20],[-24,83],[34,49],[7,15],[-15,73],[-33,35],[-28,38],[42,135],[-70,75],[-10,8],[-21,47],[-41,4],[14,42],[24,114],[-34,41],[24,30],[-2,34],[14,49]],[[48560,17866],[3,-1],[-2,1]],[[48561,17866],[-59,74],[-16,5],[-9,39],[-3,57],[-44,16],[-6,80],[1,13]],[[48425,18150],[17,13],[13,105],[48,59],[-2,16],[21,31]],[[48522,18374],[1,0],[16,2],[3,1],[25,63],[17,20],[0,33],[33,44],[0,5],[2,64],[26,38],[-16,35],[-6,78],[1,42],[28,19],[35,-2],[12,46],[159,97]],[[48858,18959],[1,-23],[20,-29],[98,-66],[25,5],[33,16],[40,71],[118,-59],[23,3],[79,33],[31,32],[87,57],[83,19],[63,59],[121,-14],[19,-101],[55,5],[11,63],[82,29],[28,-86],[-53,17],[21,-79],[-49,-12],[145,-74]],[[49925,18752],[-55,11],[-26,-43],[17,-43],[-27,-31],[-15,-50],[26,3],[43,-11],[27,38],[-37,92],[43,12]],[[49926,18730],[12,1]],[[49856,18220],[-32,48],[-53,-22],[-21,-103],[8,-6],[83,-5]],[[49887,17886],[19,7]],[[49280,16568],[-91,8]],[[49189,16576],[-73,72],[-73,-22],[-52,56],[-12,22],[-85,24],[-5,2],[-79,-6],[-41,53]],[[48953,17128],[-1,0]],[[48952,17128],[1,0]],[[48857,17166],[1,-1],[-1,1]],[[49383,17008],[5,18],[-3,19],[-53,91],[-58,59],[-36,-8],[38,-80],[18,-43],[14,-27],[24,-7],[51,-22]],[[49236,16939],[1,-1],[-1,2],[0,-1]],[[49237,16947],[94,82],[-58,-25],[-36,-57]],[[49390,17601],[38,-8],[45,31],[21,41],[-78,-1],[-26,-63]],[[48984,17608],[-2,-3],[1,2],[1,1]],[[48895,17721],[0,2],[-1,-1],[1,-1]],[[49083,17702],[-3,0],[1,-1],[2,1]],[[48487,18175],[7,-12],[-6,12],[-1,0]],[[48849,18218],[8,-74],[-64,-58]],[[48793,18086],[12,-14],[47,30],[77,-1],[-13,123],[-3,56],[-55,-29],[-9,-33]],[[48793,18086],[0,-5],[0,5]],[[49535,18109],[4,-2],[-4,2]],[[49575,17802],[0,-1],[0,2],[0,-1]],[[49533,17682],[6,0]],[[49539,17682],[-6,0]],[[49596,18248],[0,-1],[1,0],[-1,1]],[[49291,18095],[0,2],[-1,-5],[1,3]],[[49488,18650],[0,-1],[0,1]],[[49094,17083],[5,-1],[0,1],[-5,0]],[[49165,17047],[-6,-6],[1,0],[5,6]],[[49659,17985],[0,-1],[4,3],[-4,-2]],[[48665,17867],[0,-1],[2,-1],[-2,2]],[[49198,18219],[3,1],[-3,0],[0,-1]],[[49216,18861],[0,1],[-1,-3],[1,2]],[[49261,18560],[-41,-6],[-1,-1],[42,7]],[[49351,17955],[0,-1],[0,1]],[[49392,17858],[-2,-4],[2,4]],[[49023,16901],[-1,0],[2,-1],[-1,1]],[[48561,17866],[-1,0]],[[48681,16903],[-41,10],[-30,-14],[-6,-11],[-13,-10],[-5,-4],[7,-96],[22,-62],[-60,8],[-29,-2],[-24,6],[-32,34],[-36,5],[-55,77],[-128,54],[-23,11],[-74,83],[-8,6],[-15,18],[-70,-3],[-21,6]],[[48040,17019],[0,1]],[[48040,17020],[-74,45],[-23,-18],[-69,-2],[-28,14],[-28,2],[-6,-45],[-17,2]],[[47795,17018],[-120,53],[-40,-20],[-6,-70],[-18,-42],[-54,15],[-16,-17],[-32,71],[-3,-24],[-46,36],[15,-28]],[[47227,17458],[116,70],[33,58],[53,92],[44,25],[2,57],[54,76],[114,49],[47,-14],[196,-48],[-2,28],[-69,89],[23,11],[36,-3],[43,10],[69,12],[73,21],[-1,21],[70,45],[38,60],[45,-23]],[[48211,18094],[2,0]],[[48213,18094],[13,1],[10,22],[41,34],[42,38]],[[48319,18189],[3,3]],[[48322,18192],[41,-54],[33,11],[29,1]],[[48153,17607],[1,1],[-1,-1]],[[47891,17809],[1,2],[-1,0],[0,-2]],[[47890,17694],[-9,33],[-243,123],[10,-39],[-87,4],[73,-52],[-18,-51],[-91,4],[27,-46],[-16,22],[-57,-68],[37,-49],[-18,-22],[24,-111],[-25,-10],[27,-18],[-35,-17],[42,-30],[-57,16],[45,-28],[-54,-12],[58,-32],[-47,-27],[58,23],[-33,-67],[6,-29],[45,40],[1,43],[36,-26],[-4,55],[-56,5],[45,18],[-19,31],[-2,63],[38,17],[-1,58],[-39,56],[118,58],[-26,28],[131,-89],[2,29],[-1,-69],[-13,-88],[40,-30],[36,16],[11,176],[64,-34],[-26,-55],[72,9],[-42,19],[32,73],[-80,41],[26,10],[-5,29]],[[47890,17266],[0,-1]],[[47890,17265],[0,1]],[[47869,17357],[1,-1],[1,1],[-2,0]],[[47901,17123],[-1,1],[0,-1],[1,0]],[[48231,17081],[1,-1],[1,1],[-2,0]],[[47450,17119],[1,0],[-1,1],[-4,-2],[4,1]],[[48459,17148],[1,0],[-1,0]],[[48459,17148],[-1,0],[1,0]],[[48192,17453],[2,-3]],[[48194,17450],[-2,3]],[[48351,16984],[-2,1],[2,-3],[0,2]],[[48335,17029],[0,1],[0,-1]],[[48152,18049],[78,2]],[[48230,18051],[-78,-2]],[[47405,18720],[2,10],[2,2],[29,66],[5,32],[-26,64],[41,39],[-31,19],[26,12],[50,-5],[19,53],[-21,10],[4,30],[-34,80],[-16,22],[3,9],[32,37],[4,13],[0,48],[-32,-14],[-7,72],[-33,-11],[-14,69],[-64,-16],[-9,28]],[[47335,19389],[0,4]],[[47335,19393],[0,3]],[[47335,19396],[-31,20],[-93,5]],[[47211,19421],[3,3],[-3,-3]],[[47211,19421],[-77,40],[-24,7],[-27,53],[-17,-18],[-46,32],[-22,19],[-70,-10],[-8,19],[-2,35],[-37,-6],[22,33],[-36,-16],[-1,33]],[[46866,19642],[53,50],[-14,48],[-85,-71]],[[46820,19669],[-9,7],[-48,49],[-27,-5],[31,41],[-35,40],[-27,61],[-3,2],[-2,1],[20,65]],[[46720,19930],[5,9]],[[46725,19939],[-4,10],[41,135]],[[46762,20084],[126,-163],[145,-43],[56,-3],[184,63],[255,60],[202,-76],[171,-192],[87,-160],[115,-171],[44,-96],[33,-47],[22,-18],[41,-25],[115,-42],[74,-42],[78,-24],[58,-8],[37,-20],[130,-12],[58,4],[65,-110]],[[48522,18374],[-1,3],[1,-3]],[[48322,18192],[-1,-1],[-2,-2]],[[48213,18094],[-1,1],[-1,-1]],[[47018,17757],[-1,68]],[[47024,17836],[8,7]],[[47034,17855],[8,1]],[[47047,17879],[1,1],[-1,2]],[[47037,17896],[101,82],[48,-27],[27,27],[-78,150],[34,9],[-13,31],[35,-13],[42,59],[-8,25],[6,33],[-33,54],[-31,-6],[10,58],[27,-6],[3,54],[43,12],[-45,65],[16,37],[15,12],[5,50],[38,27],[17,-30],[-8,38],[44,3],[65,42],[8,38]],[[47567,18793],[2,2],[0,2],[-2,-4]],[[47196,17925],[-4,2],[0,-1],[4,-1]],[[47440,18188],[0,-1],[0,1]],[[47788,18473],[65,10],[-3,48],[14,66],[-34,21],[-23,-33],[-19,-112]],[[47624,19424],[1,10],[-1,0],[0,-10]],[[48530,18723],[-4,1],[-2,1],[2,-1],[4,-1]],[[47868,18707],[0,1],[0,-1]],[[48010,19072],[1,0],[-1,0]],[[48010,19072],[-1,0],[1,0]],[[48198,19045],[4,0],[2,1],[-6,-1]],[[48480,18639],[-4,-10],[6,6],[-2,4]],[[46252,19465],[58,7],[45,25],[78,12],[-18,23],[-84,97],[63,-1],[30,96],[-78,0],[-30,71],[87,41],[23,80],[-12,134],[-76,33],[129,89],[141,-60],[154,-28]],[[46725,19939],[-5,-9]],[[46820,19669],[46,-27]],[[47335,19396],[0,-3]],[[47335,19393],[0,-4]],[[46888,17958],[-4,1]],[[46591,18103],[-1,0]],[[46494,18182],[0,-2]],[[46494,18180],[-32,27],[-49,6]],[[46349,18356],[1,47],[40,0],[9,-29],[40,36],[-5,59],[6,37],[45,-3],[47,92],[-11,5],[7,74],[-46,37]],[[46482,18711],[-20,-7]],[[46462,18704],[-2,0]],[[46460,18704],[-23,16],[5,54],[47,45],[-1,0],[45,22],[4,49],[-19,18],[-28,11],[2,12],[13,74],[-23,32],[-1,1]],[[46481,19038],[1,1],[-1,-1]],[[46481,19038],[-39,-11],[-26,13],[-2,97],[-48,1],[-28,-1],[-46,1],[-30,0]],[[46341,19329],[-1,-1],[1,1]],[[46288,19325],[-6,0]],[[46282,19325],[6,0]],[[46717,19560],[1,-1],[0,2],[-1,-1]],[[46861,19233],[0,1],[0,-1]],[[46861,19233],[2,1],[-2,-1]],[[46782,19192],[-3,0],[7,-9],[-4,9]],[[46912,19292],[8,-3],[-8,3]],[[46674,19053],[1,-1],[0,1],[-1,0]],[[46582,18728],[2,-2],[1,0]],[[46585,18726],[-3,2]],[[46793,18736],[1,0],[-1,0]],[[47140,18940],[10,-6],[4,8],[-14,-2]],[[47167,18988],[0,-4],[0,4]],[[47178,18640],[2,-1],[-3,4],[1,-3]],[[47384,19150],[1,0],[-1,0]],[[46647,18385],[0,-3],[1,2],[-1,1]],[[46590,18330],[-1,0],[0,-1],[1,1]],[[46857,18111],[-1,0],[-1,-1],[1,0],[1,1]],[[46793,18091],[-1,-4],[1,4]],[[48796,16426],[-13,-31],[-22,35],[-44,-49],[-13,20]],[[48704,16401],[8,43],[-19,1],[-4,26],[-21,-44]],[[48668,16427],[-18,3],[-36,-11],[-49,-104]],[[48565,16315],[-1,-1]],[[48564,16314],[5,58],[-13,12],[-3,15],[-44,29],[14,27],[-36,37],[-50,-74],[13,-33],[-49,-28],[14,-9],[-31,-30],[3,-22],[-26,-59],[-8,-24],[24,-20],[31,-58]],[[48399,16076],[-95,26],[0,1],[-57,42],[-37,23],[-145,57],[65,26],[78,28],[-4,-56],[16,27],[48,-44],[42,-21],[-92,84],[38,-28],[14,26],[-31,-5],[37,24]],[[48276,16286],[-64,-8],[32,40],[16,61],[-24,-48],[-36,16],[33,-19],[-22,-44],[-76,-11],[25,50],[-2,48],[-2,3],[-1,-59],[-42,2],[3,-51],[-84,12],[33,-46],[-59,-11],[-2,-43],[-32,22],[4,52],[-56,-116],[-9,61],[-30,-34],[-92,-1],[25,-27],[-34,-2],[-18,-16],[3,-11],[-7,5],[-5,-4],[-14,4],[-3,17],[-17,-1],[30,-26],[12,-2],[8,8],[-1,6]],[[47768,16113],[22,19],[22,-16],[-44,-26],[10,-68],[10,29],[35,58],[-26,-86],[23,53],[10,-55],[3,83],[23,-51],[78,-12],[25,-14],[-34,-81],[15,-8],[67,24],[-14,-80],[24,-13],[27,13],[27,29],[43,-29],[65,24],[-20,65],[-60,37],[33,38],[-23,38],[53,-49],[22,32],[-28,6],[56,4],[37,-37],[16,9],[-20,13],[-23,21],[-86,3],[25,24],[-70,-8],[55,11],[-27,29],[-34,-35],[-2,41],[-34,2],[17,31],[-23,-28],[-30,25],[53,21],[63,-24],[106,-24],[18,-40],[61,-29],[43,-18],[48,9]],[[48408,16071],[4,-1]],[[48413,16070],[4,-1]],[[48417,16069],[6,-3]],[[48423,16066],[6,-3]],[[48430,16063],[2,-2]],[[48433,16061],[0,-1]],[[47600,16527],[24,24],[-6,9],[-18,63],[-95,48],[13,35],[-27,13],[42,1],[-23,45],[31,49],[-24,34],[32,-14],[-11,-57],[29,43],[25,-13],[-37,-36],[71,25],[8,-36],[-36,3],[49,-33],[1,46],[39,-18],[-17,41],[39,-14],[-49,31],[76,-9],[-74,30],[-22,35],[36,8],[-36,32],[61,32],[0,78],[74,-13],[20,9]],[[48040,17020],[0,-1]],[[49189,16576],[-31,-93],[-38,-12]],[[48810,16396],[-14,30]],[[48836,16512],[0,-1]],[[48836,16511],[0,1]],[[48858,16565],[2,-1],[-1,1],[-1,0]],[[48545,16587],[28,8],[-28,-8]],[[48375,16507],[-1,0]],[[48374,16507],[1,0]],[[48395,16615],[49,107],[-100,-8],[24,-65],[19,-21],[8,-13]],[[48289,16706],[1,0],[-1,0]],[[48104,16909],[1,0],[0,2],[-1,-2]],[[48307,16521],[-1,1]],[[48306,16522],[1,-1]],[[48309,16318],[-1,-2],[1,2]],[[48306,16387],[0,4],[0,-4]],[[48289,16294],[-5,0],[5,0]],[[48282,16294],[-1,-2]],[[48281,16292],[1,2]],[[48281,16292],[-3,-2],[3,2]],[[48277,16288],[1,1],[-1,-1]],[[48276,16286],[1,2]],[[48277,16288],[-1,-2]],[[47698,16159],[0,6],[-1,-6],[1,0]],[[47732,15911],[0,1],[-1,-1],[1,0]],[[47866,15745],[-68,-44],[7,-98],[-22,-60],[111,94],[37,91],[-65,17]],[[52335,13038],[-32,-5],[-114,-105],[-11,-2],[25,-33],[-24,-72],[40,-61],[-21,-54],[1,-39],[-77,-56],[-124,-58],[-5,-38],[-156,24],[-38,6],[-230,-4]],[[51810,13888],[34,-67]],[[51844,13821],[23,38],[48,-50]],[[52352,13659],[-3,-1]],[[53025,13947],[17,-25],[36,-97],[15,-19],[23,-92],[3,-7],[38,-73],[11,-69],[-13,-43],[-9,-88],[-35,-34]],[[53111,13400],[-24,-42],[37,-2],[24,-57],[3,-16],[0,-1],[75,-84],[39,2],[88,-94]],[[53353,13106],[-26,-70],[-62,-25],[12,58],[-26,2],[-3,-50],[-3,30],[-49,-27],[-77,48],[-69,21],[-108,10],[-88,-35],[-49,-73],[67,-54],[-26,-56],[-73,48],[-11,34],[33,23],[-23,46],[-35,22],[-78,12],[-92,11],[-100,-14],[-132,-29]],[[52177,12951],[-5,5],[0,-1],[5,-4]],[[51793,13076],[-2,-3],[-50,-184],[66,27],[92,-22],[-19,65],[49,53],[2,39],[-57,30],[-81,-5]],[[51717,13141],[6,-1],[-6,1]],[[51743,13516],[3,2]],[[51746,13518],[-3,-2]],[[52076,13598],[-1,-1],[1,1]],[[51844,13821],[2,-1],[-2,1]],[[51740,13697],[1,2],[-2,2],[1,-4]],[[45526,17368],[0,5],[0,-1]],[[45499,17414],[19,3],[0,21],[-32,2],[-7,0]],[[45544,17763],[1,0]],[[45591,17636],[1,0]],[[45643,17243],[3,1],[-3,-1]],[[45558,17372],[0,-1],[1,2],[-1,-1]],[[45614,17381],[1,1],[-2,0],[1,-1]],[[45553,17439],[11,50],[1,33],[-15,7],[-1,-65],[3,-25],[1,0]],[[45583,17506],[1,1]],[[45584,17507],[-1,-1]],[[45531,17443],[1,1]],[[45532,17444],[1,2],[-1,-2]],[[45532,17444],[-1,-1]],[[45524,17468],[0,1],[0,-1]],[[45443,17555],[1,-1],[-2,2],[1,-1]],[[45443,17573],[-1,-1],[1,1]],[[45496,17607],[0,1],[0,-1]],[[46131,16202],[0,-1],[1,1]],[[46133,16202],[1,0]],[[46195,15979],[-1,0],[1,-1]],[[46163,15941],[-1,1]],[[45981,15985],[0,-1]],[[46009,16159],[0,-1]],[[46092,16119],[-1,1],[0,-1],[1,0]],[[46092,16092],[1,0],[-1,1],[0,-1]],[[46091,16017],[-1,0]],[[46090,16017],[1,0]],[[46090,16017],[0,1],[0,-1]],[[46064,16034],[-1,0],[0,-1],[1,1]],[[46058,16038],[1,1],[-2,-2],[1,1]],[[46032,16009],[-1,0],[1,-1],[0,1]],[[46135,15998],[1,0]],[[46136,15998],[-1,0]],[[46063,15957],[0,1],[-1,-1],[1,0]],[[48609,16352],[25,25],[34,50]],[[48704,16401],[3,-44],[25,-46],[57,50]],[[48797,16353],[-15,-56],[17,-26],[19,-21],[17,-2],[1,17]],[[48836,16265],[10,2]],[[48886,16251],[1,0]],[[48895,16243],[0,-3],[1,3]],[[49055,16215],[0,-1]],[[49116,16259],[18,-3],[9,-51]],[[49229,16219],[-1,0],[2,0]],[[48494,16111],[46,-16],[21,-6]],[[48561,16089],[2,8]],[[48563,16097],[3,8],[0,6],[22,48],[-9,18]],[[48579,16177],[-1,1],[-32,54],[-2,5],[-16,25],[10,3],[69,-10],[-18,29],[-1,6]],[[48588,16290],[21,62]],[[48728,16280],[1,0]],[[48729,16280],[-1,0]],[[48651,16022],[-2,1],[2,-1]],[[48570,16021],[-1,1],[0,-1],[1,0]],[[48569,16042],[0,1],[-1,-1],[1,0]],[[48653,16011],[2,0],[-2,0]],[[48653,15994],[-1,-1],[11,-2],[-10,3]],[[48669,16127],[1,0],[0,1],[-1,-1]],[[48716,16160],[1,0]],[[48717,16160],[-1,0]],[[48693,16138],[-1,0],[1,-2],[0,2]],[[48711,16079],[0,-2],[0,-1],[0,3]],[[48696,16079],[1,1]],[[48697,16080],[-1,-1]],[[48729,16044],[-16,-8],[20,-26],[6,-22],[9,0],[-16,45],[-3,11]],[[48697,16059],[-1,0],[1,0]],[[48854,16127],[1,0]],[[48855,16127],[-1,0]],[[48845,16171],[0,-1],[0,1]],[[48869,16099],[5,1],[-5,-1]],[[48835,16211],[-1,0],[1,-1],[0,1]],[[48603,16120],[-1,0],[0,-1],[1,1]],[[48693,15998],[-2,0],[2,0]],[[48952,16202],[1,0],[0,1],[-1,-1]],[[48937,16008],[-1,-3],[2,-1],[-1,4]],[[49026,16107],[-1,0],[2,-1],[-1,1]],[[49103,16156],[-1,0],[1,0]],[[49078,16122],[-1,0]],[[49077,16122],[1,0]],[[52360,16996],[9,33]],[[52429,17056],[16,-41],[8,-15],[24,-48],[10,-25],[16,-17],[53,-72]],[[52484,16814],[-4,5],[-23,-4]],[[52429,16967],[-1,0],[-2,-2],[2,2],[1,0]],[[52452,16924],[0,1],[0,-1]],[[52416,16931],[1,1],[-1,0],[0,-1]],[[46460,18704],[2,0]],[[46058,18241],[-76,-9],[-4,3],[21,35],[18,52],[24,40]],[[46005,18784],[1,1]],[[46181,18948],[1,1]],[[46413,18838],[-1,-1]],[[46412,18837],[1,1]],[[46243,18892],[-1,0],[0,-1],[1,1]],[[46145,18593],[-2,0]],[[46143,18593],[2,0]],[[45642,18049],[12,64],[-13,1],[-24,-62]],[[45289,18382],[40,0],[7,0],[13,1],[47,-3],[44,1],[45,14],[9,67],[21,57],[0,1],[4,38]],[[45519,18558],[1,0]],[[45865,18410],[5,3]],[[45511,18069],[1,9],[-1,-9]],[[45617,18272],[1,1]],[[45618,18273],[-1,-1]],[[45857,18296],[0,1]],[[45857,18297],[0,-1]],[[45821,18333],[-1,0],[1,0]],[[45814,18266],[2,0],[-2,0]],[[45355,18302],[-1,0],[-1,0],[2,0]],[[48564,16314],[1,0],[0,1]],[[48565,16315],[23,-25]],[[48579,16177],[-14,-8],[-2,-72]],[[51338,14478],[3,2]],[[51341,14480],[108,-9]],[[51449,14470],[4,-5]],[[51377,14385],[1,0]],[[51380,14384],[-28,-28]],[[51006,14733],[-2,-3]],[[51078,14404],[-3,2],[2,-1],[1,-1]],[[51032,14584],[3,0],[-3,0]],[[51218,14334],[0,-1]],[[51218,14333],[0,1]],[[51235,14458],[1,1],[-1,0],[0,-1]],[[51157,14292],[6,0],[-6,1],[0,-1]],[[51015,14387],[-2,1],[1,-1],[1,0]],[[52190,14383],[1,-2]],[[52418,14507],[6,-31],[34,7]],[[52458,14483],[4,-1]],[[52462,14482],[46,-50],[3,-18],[62,-3],[38,22],[61,-3]],[[52672,14430],[0,-1],[0,1]],[[52672,14430],[69,4],[20,31],[62,-34],[-7,-28]],[[52718,14287],[0,1],[-12,0]],[[52695,14286],[-60,0],[-23,59],[-44,-11],[28,-43],[85,-31]],[[52487,14098],[-33,-36],[-21,29]],[[52228,14286],[-1,-1]],[[52227,14285],[1,1]],[[52462,14482],[-2,1],[-2,0]],[[52936,15208],[6,-20],[107,-103],[6,-44],[0,-1],[77,-16],[25,42],[22,-30],[75,-17],[13,-24],[52,-34],[42,29],[32,9],[30,-101]],[[53423,14898],[-1,0],[0,-1]],[[53422,14897],[36,-21],[31,1],[112,-35],[-46,-38],[52,-79],[105,-15],[-4,-23],[48,-23],[35,-18],[2,-44],[56,-60],[45,9],[40,1],[4,-63]],[[53938,14489],[1,-1]],[[53939,14488],[55,-4]],[[53994,14484],[5,0]],[[53999,14484],[-18,-88],[-41,-28],[-9,-78]],[[53931,14290],[-16,-14],[-26,-12],[1,-102],[-34,-42],[-3,-42],[-25,-14],[-123,-46],[32,-87]],[[53737,13931],[-7,-1],[9,0]],[[53739,13930],[14,-24],[54,46],[73,0],[98,-26],[-17,-87],[25,-28]],[[53986,13811],[-106,0],[-144,-171],[90,-33],[38,26],[-11,46],[172,-16],[-3,73]],[[54022,13736],[34,-7],[90,-36],[-9,-57],[54,-10],[1,0]],[[54192,13626],[0,-2],[0,2]],[[54192,13626],[38,-19],[50,-29],[74,6],[13,-57],[19,-10],[51,-2],[14,2],[38,-18],[78,5],[30,-5],[24,5],[42,-6],[40,-2],[20,3],[62,38],[3,17],[-6,44],[67,-6],[24,-4],[50,-20],[1,-1],[36,-16],[22,-15],[16,-11],[45,-33],[8,-6],[8,-5],[37,-26],[69,-15],[-2,-42]],[[55163,13398],[-16,-69],[28,-4],[13,-2],[54,-11],[13,0],[3,1],[78,-21]],[[55336,13292],[7,-1]],[[55343,13291],[63,-14],[25,-10],[9,-4],[45,-17],[27,1],[15,-32],[18,-13],[16,-5],[63,-30]],[[55624,13167],[4,-69],[-11,-52]],[[55617,13046],[42,-31],[-31,-67],[18,-42]],[[55646,12906],[-120,49],[-45,10],[-76,17],[-61,11],[-26,4],[18,94],[-48,2],[6,58],[-48,28],[-39,20],[17,-98],[56,-9],[-5,-33],[15,-59],[-76,10],[-64,6],[-42,2],[1,99],[-36,4],[-2,-20],[-8,-78],[-103,8],[-97,6],[-66,8],[-249,17],[-46,-1],[-46,-5],[-47,-13],[-34,-11],[-159,-143],[-10,-89],[-40,43],[-3,41],[-22,13],[-42,2],[-25,-36],[-79,82],[-108,-18],[-62,45],[-20,-52],[-131,-16],[-299,193],[0,5],[-22,4]],[[54569,13094],[-9,-12],[9,12]],[[54483,13159],[-1,2],[-1,3],[1,-4],[1,-1]],[[54313,13387],[0,1],[-1,0],[1,-1]],[[54610,13168],[-3,-9]],[[54607,13159],[3,9]],[[54758,13161],[0,-2],[1,2],[-1,0]],[[54771,13316],[-1,0],[1,0]],[[55364,13092],[12,-4],[58,-8],[4,18],[-57,28],[-17,-34]],[[54927,13381],[1,1],[-1,-1]],[[53799,13142],[-70,35],[-1,-81],[150,-1],[24,39],[-103,8]],[[53729,13270],[16,-2],[5,59],[-17,45],[-19,18],[-45,-23],[60,-97]],[[53740,13546],[0,2],[0,-1],[0,-1]],[[53527,13612],[-1,2],[1,-2]],[[53680,14038],[1,0],[-3,1],[2,-1]],[[53691,14541],[2,0],[-2,0]],[[53060,14504],[0,1],[0,-1]],[[53226,14548],[-1,0],[2,-1],[-1,1]],[[52818,14967],[3,2],[2,2],[-5,-4]],[[52543,15064],[2,1]],[[52545,15065],[-2,-1]],[[54918,13523],[0,-1]],[[54918,13522],[0,1]],[[54860,13417],[-1,0],[1,0]],[[54206,12897],[-1,-3]],[[54205,12894],[1,3]],[[54202,13044],[-9,5],[9,-5]],[[54022,13736],[-36,75]],[[53739,13930],[-2,1]],[[53931,14290],[71,-9],[47,98],[-37,103]],[[54012,14482],[16,-4]],[[54028,14478],[1,0]],[[54029,14478],[94,1],[0,-1],[72,-5],[35,36],[31,-102],[17,12],[32,39],[63,-2],[16,24],[63,115],[10,1],[59,5],[49,38],[-34,26],[58,15],[24,13],[-38,21],[54,-4],[56,36],[45,-2],[38,-5],[1,1]],[[54774,14740],[47,24],[11,10],[13,10],[15,7],[23,20],[34,13]],[[54917,14824],[17,-2],[33,-3],[12,2]],[[54979,14821],[1,1],[1,1]],[[54981,14823],[13,6]],[[54994,14829],[55,-46]],[[55049,14783],[84,-157]],[[55133,14626],[27,-54],[66,-129],[13,-20],[12,-36],[30,-55],[2,-8],[6,-4],[21,-37],[5,-31],[3,-7],[23,-73],[23,3],[3,-11],[4,-33],[8,-19],[29,-13],[12,-14],[-10,-39],[12,-19],[13,1],[3,-7],[10,-42],[-39,-44],[-4,34],[-12,-35],[-24,-36],[65,-60],[4,26],[24,33],[42,-16],[24,-11]],[[55528,13870],[14,-65],[0,-1],[-11,-53],[28,-7],[5,-6],[36,-19],[61,-56],[7,7],[3,1],[103,-6]],[[55774,13665],[30,2]],[[55804,13667],[-16,-81],[-51,-54],[67,-111],[-2,-4],[31,-33],[-1,-1],[23,-56],[-43,-60],[-18,4],[-42,-15]],[[55752,13256],[-2,-5]],[[55750,13251],[-2,-3]],[[55748,13248],[-5,-11]],[[55743,13237],[-2,-1]],[[55741,13236],[-16,-18],[-46,2]],[[55679,13220],[-3,-2]],[[55676,13218],[-3,-5]],[[55673,13213],[-11,9]],[[55662,13222],[11,65],[20,71],[-43,-4],[-8,-115],[1,-6]],[[55643,13233],[-30,-36],[22,-23],[-11,-7]],[[55343,13291],[-7,1]],[[54241,14000],[1,1],[-1,0],[0,-1]],[[53910,14109],[1,1]],[[53911,14110],[-1,-1]],[[54316,13693],[2,3],[-2,-3]],[[54478,13603],[0,-1],[2,-1],[-2,2]],[[54642,13605],[-14,0],[14,0]],[[54524,13803],[0,1],[-1,-1],[1,0]],[[54684,13707],[1,0],[-1,0]],[[54934,13739],[1,-1],[9,-4],[-10,5]],[[55205,13429],[0,2]],[[55205,13431],[0,-2]],[[55429,13549],[1,0],[2,4],[-3,-4]],[[55627,13411],[-1,0],[0,-1],[1,1]],[[55194,13857],[1,0],[-1,0]],[[55277,13945],[2,0],[-2,2],[0,-2]],[[55248,13644],[5,-2],[-5,2]],[[54944,13997],[1,-2],[0,2],[-1,0]],[[54473,14005],[0,2],[0,-2]],[[54502,14325],[23,-6],[-35,49],[-9,20],[-43,-20],[-5,-52],[33,30],[36,-21]],[[54391,14365],[2,-1],[0,1],[-2,0]],[[54546,14303],[0,-1]],[[54546,14302],[0,1]],[[54851,14122],[4,1],[-4,-1]],[[54881,14210],[-8,-59],[-1,-22],[47,19],[17,-29],[5,37],[-2,8],[0,39],[-33,12],[-25,-5]],[[54832,14331],[1,-3],[0,1],[-1,2]],[[55114,13959],[-2,3],[2,-3]],[[55287,14240],[1,0],[-1,1],[-1,-2],[1,1]],[[55245,14213],[1,4],[-1,0],[0,-4]],[[55116,14313],[3,0],[-9,0],[6,0]],[[55006,14297],[1,1],[-1,0],[0,-1]],[[54917,14354],[1,0],[-2,0],[1,0]],[[54873,14346],[1,0],[-2,3],[1,-3]],[[55091,14101],[0,-1],[0,1]],[[55015,14160],[1,-1],[-1,1]],[[55096,14157],[1,0]],[[55097,14157],[-1,0]],[[55133,14626],[30,5],[5,81],[-119,71]],[[54994,14829],[3,29],[37,17],[76,31],[12,7],[136,38],[53,5],[53,9],[18,0],[68,20],[43,20],[23,9],[68,28],[24,12],[85,-39],[16,-3],[38,26],[21,24],[82,102]],[[55850,15164],[1,-1],[63,-78],[-9,-10],[16,-79],[62,-66],[28,-7],[80,-67],[98,34],[1,2]],[[56190,14892],[25,-55]],[[56215,14837],[43,-45],[33,-16],[65,-54],[36,-81],[-66,-30],[1,-31],[5,-17],[-14,-62],[-58,-12],[-23,17],[-67,13],[-29,-66],[-5,-12],[35,-34],[32,-99],[4,-12],[17,-43],[31,-33],[-1,-2],[-59,-33],[-27,-11],[-90,-8],[19,-27],[-6,-35]],[[56091,14104],[0,-1]],[[56091,14103],[5,-43],[-1,-40],[-53,-6],[-29,18],[-49,13],[-3,-26],[-28,6],[-29,-24],[-35,23],[-5,-31],[-34,25],[-63,-42],[4,-20],[-20,-29],[4,-16],[-8,-16],[-42,34],[-18,14],[2,-33],[-35,4],[-31,-13],[-29,-16],[-7,7]],[[55587,13892],[2,4],[-2,-4]],[[55587,13892],[-59,-22]],[[55529,13935],[0,-1],[0,1]],[[55499,14007],[1,1],[-1,0],[0,-1]],[[55884,14257],[1,-1],[1,1],[-2,0]],[[55481,14137],[1,1],[-1,-1]],[[55442,14461],[-3,-2],[3,2]],[[55386,14434],[-1,0]],[[55385,14434],[1,0]],[[55310,14448],[13,25],[-90,47],[-66,102],[99,-172],[13,-24],[31,22]],[[55515,14456],[-1,0],[1,0]],[[55401,14604],[-1,2],[0,-1],[1,-1]],[[55273,14758],[1,0]],[[55274,14758],[-1,0]],[[55567,14684],[-1,0]],[[55566,14684],[1,0]],[[55648,14801],[-1,-1]],[[55647,14800],[1,1]],[[55969,14348],[2,3],[-3,-1],[1,-2]],[[55854,13712],[-24,-7]],[[55830,13705],[-8,27],[-55,124],[-1,0],[-45,-5],[-8,-95],[48,-19],[13,-72]],[[56091,14103],[5,1],[-5,0]],[[56215,14837],[24,22],[29,31]],[[56268,14890],[1,0],[1,0],[103,41],[40,48],[23,6],[57,-15],[20,33],[56,70],[2,6],[14,16],[33,23],[17,8]],[[56635,15126],[7,-1]],[[56642,15125],[12,-10],[39,-11],[12,0],[32,15],[37,3],[27,-86]],[[56801,15036],[-1,-5],[1,3]],[[56801,15034],[68,-18],[37,1],[35,-9],[5,0],[7,5],[126,96],[25,-14],[53,6],[66,29]],[[57223,15130],[1,0],[78,-33],[37,-30],[59,12],[18,25],[72,-39],[14,2],[42,-8],[20,41],[46,-44],[35,-25],[30,2]],[[57675,15033],[-23,-90],[-21,-15],[-93,-13],[-39,-8],[-45,-44],[-22,-50],[-22,-51],[-16,-32],[-5,-47],[-41,-55],[-21,-22],[-25,-13],[-29,-41],[-12,-15]],[[57261,14537],[0,-1],[0,-1]],[[57261,14535],[-63,-62],[-19,-28]],[[57179,14445],[0,1],[0,-2]],[[57179,14444],[-4,-22],[-13,-61],[-24,-5]],[[57138,14356],[-2,2],[1,-2]],[[57137,14356],[-36,-46],[-13,-29],[-42,-11],[-10,-21],[38,-1],[19,-6],[30,-26],[2,-1]],[[57125,14215],[1,1]],[[57126,14216],[5,-3]],[[57131,14213],[1,0]],[[57132,14213],[20,-16],[45,-30],[16,4]],[[57213,14171],[3,-2]],[[57216,14169],[19,-3]],[[57235,14166],[-1,-2],[1,2]],[[57235,14166],[55,-15],[10,-5],[17,-20],[32,1],[-3,-51],[-13,-55],[-19,-3],[-36,-2],[-9,1],[-37,-10],[-90,13],[-30,4],[-59,29]],[[57053,14053],[-11,-89]],[[57042,13964],[-77,-33],[4,-33],[-45,3],[-48,-30],[-2,-1],[-80,-65],[-44,-6],[-17,1],[-16,25],[-77,5],[-40,56],[-75,-45],[-3,-5],[-11,-20],[-63,-43],[-30,-17],[-20,-1],[-61,13],[-71,-2],[-37,-38],[-65,21],[-16,12],[-11,7],[-21,4],[-61,26],[-25,-27],[-74,-44],[-35,7],[-2,0],[-65,-22]],[[55809,13900],[1,3],[-1,-3]],[[55999,13945],[0,-2],[1,2],[-1,4],[0,-4]],[[56040,13992],[-11,1],[11,-2],[0,1]],[[56182,13999],[0,-3]],[[56182,13996],[0,3]],[[56434,14040],[1,4],[-1,0],[0,-4]],[[56628,14103],[1,0],[-2,0],[1,0]],[[56750,14222],[1,3],[-1,0],[0,-3]],[[56949,14270],[1,0],[0,3],[-1,-3]],[[56833,14277],[-1,11],[1,42],[-25,24],[-8,-24],[-18,-40],[51,-13]],[[56607,14421],[-5,0],[5,0]],[[56491,14426],[4,0],[-4,0]],[[56833,14731],[3,0]],[[56836,14731],[-3,0]],[[57101,14871],[0,1],[-1,0],[1,-1]],[[57218,14796],[0,-1],[1,0],[-1,1]],[[57290,14850],[4,1]],[[57294,14851],[-4,-1]],[[57257,14874],[1,-1],[-1,3],[0,-2]],[[55654,12781],[-30,22],[29,97],[-7,6]],[[55643,13233],[19,-11]],[[55673,13213],[3,5]],[[55679,13220],[-24,-48],[29,-48],[16,-4],[16,2],[7,48],[16,37],[2,29]],[[55743,13237],[3,3],[2,8]],[[55750,13251],[2,5]],[[55804,13667],[6,21],[20,17]],[[57042,13964],[28,-27],[-2,-111],[29,-32],[22,-39],[-24,-25],[-69,-36],[-39,-24],[15,-68],[-2,-88],[35,-32],[2,8],[33,-77],[28,-17],[19,-5]],[[57117,13391],[64,-15]],[[57181,13376],[1,0]],[[57182,13376],[2,-2]],[[57184,13374],[1,-1]],[[57185,13373],[0,-2]],[[57185,13371],[0,-1],[8,-1],[37,-8],[30,22],[11,29],[15,1]],[[57286,13413],[-12,-51]],[[57274,13362],[0,-25]],[[57274,13337],[-5,-19],[16,-33],[-28,-12],[-4,-19],[-31,-31],[14,-63],[23,-32]],[[57259,13128],[0,-1]],[[57259,13127],[-4,-13]],[[57255,13114],[-1,-1]],[[57254,13113],[0,-1],[0,-3],[-6,-48],[-15,-29],[-12,-20],[7,-14],[1,-11],[7,-8],[23,-5],[22,-13]],[[57281,12961],[48,-11]],[[57329,12950],[8,-16],[8,-21],[6,-39]],[[57351,12874],[1,-2],[1,-15]],[[57353,12857],[1,-15],[-1,-28],[-3,-17],[6,-12],[6,-36],[3,-34]],[[57365,12715],[-30,1],[-26,-66],[23,-19],[24,-7],[-25,-52],[21,-4]],[[57352,12568],[-48,-80]],[[57304,12488],[-19,2],[-93,26],[-27,6],[-14,3],[-45,12],[-39,10],[-28,10],[-45,12],[-42,11],[-44,11],[-29,8],[-87,21],[-70,16],[-46,9],[-51,9],[-108,29],[-23,8],[-77,5],[-65,13],[-53,13],[-78,14],[-68,11],[-73,10],[-136,16],[-59,-18],[-75,-50],[-25,17],[-42,2],[-20,-21],[-69,78]],[[56194,12841],[0,-1],[0,1]],[[56684,12921],[1,-1]],[[56685,12920],[-1,1]],[[56682,12917],[1,0],[-1,0]],[[56888,12816],[1,0],[-1,0]],[[57069,12716],[0,-1],[0,2],[-1,1],[1,-2]],[[57190,12631],[5,-1],[16,-30],[47,0],[-9,48],[-2,1],[-48,11],[-9,-29]],[[57171,13026],[2,2],[-1,-1],[-1,-1]],[[56919,13047],[2,-1],[-2,1]],[[56913,13058],[1,5],[-2,-6],[1,1]],[[56750,13321],[1,-1],[2,0],[-3,1]],[[56761,13348],[4,3],[-3,0],[-1,-3]],[[56656,13082],[2,1],[-2,0],[0,-1]],[[56725,13143],[0,-4],[0,5],[0,-1]],[[56278,13154],[2,5],[-2,-5]],[[56285,13214],[0,1]],[[56285,13215],[0,-1]],[[56244,13215],[3,-1],[0,1],[-3,0]],[[56173,13231],[0,1],[0,-1]],[[56275,13253],[2,8],[0,1],[-2,-9]],[[55916,13624],[38,-71],[85,-42],[14,-23],[43,114],[-6,63],[-10,-30],[-32,17],[18,-26],[-102,19],[-48,-21]],[[56455,13515],[1,0],[-1,1],[0,-1]],[[56855,13522],[1,0],[-3,2],[2,-2]],[[57645,12400],[-18,1],[-42,14],[-38,11],[-55,16],[-188,46]],[[57352,12568],[2,9],[7,61],[39,-11],[-13,-69],[45,-12],[3,0],[17,82],[-26,-12],[6,54],[-44,-20],[-26,-1],[16,66],[-13,0]],[[57353,12857],[28,-7],[-1,7],[5,17],[-17,8],[-17,-8]],[[57329,12950],[0,20]],[[57329,12970],[-3,8],[-28,13],[-13,1],[-4,-31]],[[57254,13113],[1,1]],[[57259,13127],[1,1],[-1,0]],[[57274,13337],[54,-5],[24,23],[-31,64]],[[57321,13419],[3,51],[39,34],[33,64],[48,9],[51,81],[-20,22],[8,16],[31,8],[3,1],[35,-38],[39,57],[63,-4],[17,7],[45,-12],[18,5],[35,-40],[45,9],[6,22],[87,-31],[-15,-69],[-11,-17],[14,-62],[43,-31],[42,10],[21,-63],[69,18],[-4,47],[-3,35]],[[58063,13548],[14,18]],[[58077,13566],[52,50],[-16,78],[62,-22]],[[58175,13672],[30,-52],[2,-4],[21,-38],[-6,-53],[13,-17],[69,-5],[47,32],[44,-6],[9,-39],[15,-52]],[[58419,13438],[-4,5],[4,-5]],[[58419,13438],[1,-4],[21,-29],[13,-8],[19,-33],[2,-42],[2,-11],[42,-44],[33,-37]],[[58552,13230],[-41,-38]],[[58511,13192],[0,1],[-1,-1]],[[58510,13192],[-47,-68],[16,-17],[62,-77],[-30,-25],[11,-44],[-27,-21],[-3,-57],[14,-64],[-42,-41]],[[58464,12778],[-6,7],[6,-8]],[[58464,12777],[-31,-81],[-39,6],[-39,-54],[-42,-67],[-67,-26],[-9,-40],[-18,-60],[-16,-30],[-31,-94],[-1,-60],[-6,2]],[[58165,12273],[-45,11],[25,-14]],[[58145,12270],[-18,-45],[-27,22],[-34,2],[-28,11],[-21,-6]],[[58017,12254],[-28,23],[-75,22],[-41,16],[-27,10],[-26,9],[-44,17],[-68,24],[-63,25]],[[57654,12600],[-2,-29],[12,-30],[25,0],[10,41]],[[57699,12582],[-45,18]],[[57699,12582],[3,4],[-3,-4]],[[57663,12687],[1,6]],[[57664,12693],[-1,-6]],[[57667,12711],[-1,-1],[2,1],[-1,0]],[[57712,12387],[-5,12],[5,-12]],[[57707,12403],[5,0],[18,39],[-25,10],[-4,2],[6,-51]],[[57778,12588],[10,-4],[-10,4]],[[57792,12588],[7,-3],[54,37],[0,17],[-23,9],[6,-32],[-44,-28]],[[58106,12290],[4,-2],[17,33],[-14,8],[-9,1],[2,-40]],[[58066,12403],[0,2]],[[58066,12405],[0,-2]],[[58024,12331],[0,1]],[[58024,12332],[0,-1]],[[58094,12462],[10,23],[4,37],[-4,23],[-73,-47],[29,-40],[34,4]],[[58045,12446],[6,0],[-6,0]],[[57956,12874],[5,22],[10,23],[-19,35],[-57,-26],[-7,-10],[-1,-25],[12,-1],[14,-4],[21,-20],[11,-7],[11,13]],[[57962,12979],[6,4],[-12,20],[-27,4],[33,-28]],[[58058,13051],[1,-4],[-1,4]],[[57792,12759],[21,-32],[6,0],[23,60],[-22,-3],[-28,-25]],[[57767,12786],[51,17],[4,22],[-18,19],[-41,-14],[0,-19]],[[57763,12811],[0,-20],[-1,-1],[5,-4]],[[57750,12742],[2,2],[-2,0],[0,-2]],[[57654,12858],[-4,3]],[[57650,12861],[4,-3]],[[57650,12861],[2,2],[6,31],[-21,19],[-15,-56],[14,-10],[14,14]],[[57675,13058],[37,-16],[-1,46],[5,23],[-22,8],[-38,-41],[19,-20]],[[57718,13119],[2,4],[-2,-4]],[[57409,12837],[61,29],[-9,23],[-28,-8],[-26,-30],[2,-14]],[[57407,12926],[-18,-38],[25,6],[5,41],[-10,1],[-2,-10]],[[57418,12883],[0,-4],[0,4]],[[57507,12929],[1,-2],[0,2],[-1,0]],[[57329,12970],[17,-1],[-17,1]],[[57300,13092],[0,-1],[2,2],[-2,-1]],[[57367,13129],[-1,3]],[[57366,13132],[1,-3]],[[57474,13354],[-1,-5],[3,5],[-2,0]],[[57502,13322],[2,-3],[1,3],[-3,0]],[[58007,13268],[-2,-39],[32,-15],[19,16]],[[58056,13230],[12,31],[-3,56],[-4,17],[-50,-15],[-4,-51]],[[58061,13228],[2,0],[-2,0]],[[58056,13230],[2,-1],[-2,1]],[[58159,13147],[1,0]],[[58160,13147],[-1,0]],[[58170,13314],[7,0]],[[58177,13314],[-7,0]],[[57216,14169],[0,1],[-3,1]],[[57132,14213],[1,6],[-2,-6]],[[57126,14216],[-1,-1]],[[57137,14356],[1,0]],[[57179,14444],[0,1]],[[57261,14535],[0,2]],[[57675,15033],[35,29]],[[57710,15062],[1,-2]],[[57711,15060],[3,-2],[6,-13],[28,-39]],[[57748,15006],[-4,-5],[16,-24],[79,-82],[12,-13]],[[57851,14882],[1,1]],[[57852,14883],[28,-25],[26,-24],[78,-64],[7,-162],[-3,-17],[10,-32],[9,-7],[4,-3],[20,-18],[81,-98],[4,-2],[66,-68],[39,-38],[59,-33],[-2,-7],[8,-13],[5,-2]],[[58291,14270],[-34,-67],[-23,-127],[-25,-6],[37,-113],[-1,-2],[-35,-65],[2,-46],[-22,-66],[-15,-60]],[[58175,13718],[-1,-1]],[[58174,13717],[1,-45]],[[58077,13566],[-16,92],[-58,25],[-12,-16],[-14,-39],[86,-80]],[[57321,13419],[-32,21],[-3,-27]],[[57185,13371],[0,2]],[[57184,13374],[-2,2]],[[57181,13376],[-9,78],[-6,77],[-28,3],[-40,-39],[38,-47],[-19,-57]],[[57990,13793],[36,-9],[-6,65],[11,32],[-17,2],[-44,-51],[11,-39],[9,0]],[[58094,13744],[4,-4],[-4,4]],[[57337,14194],[-1,0],[1,0]],[[58019,14276],[1,-3],[1,1],[-2,2]],[[58013,14343],[-2,1],[2,-1]],[[57616,14326],[1,-3],[3,13],[-4,-10]],[[57660,14367],[1,0]],[[57661,14367],[-1,0]],[[57436,14558],[1,-1],[1,4],[-2,-3]],[[57428,14692],[3,0],[-2,0],[-1,0]],[[57599,14691],[-2,-5],[2,5]],[[58174,13717],[1,1]],[[58291,14270],[2,-1],[1,0],[1,1],[1,0],[3,1],[3,1],[6,7],[129,-25],[129,23],[25,-2],[16,-2],[39,4],[6,2],[43,8],[7,-6],[34,-4],[20,15],[26,-10],[31,-15],[27,-12],[-8,-27],[3,-17],[2,-7],[2,3],[28,41],[5,49]],[[58872,14297],[1,0]],[[58873,14297],[29,-13],[26,41],[38,10],[26,-5],[58,-30],[31,30],[13,7],[20,20],[32,12],[64,25],[28,22],[13,13],[-11,39],[29,36],[6,28]],[[59275,14532],[1,0]],[[59276,14532],[66,-21],[2,1],[95,-27],[28,-9],[4,-10],[-7,-34],[15,-16],[2,-6],[1,-13],[69,-25],[3,-4],[1,-2],[23,-125],[29,-65],[27,-64],[15,-33]],[[59649,14079],[0,-1],[0,-1]],[[59649,14077],[41,-65],[1,-2],[6,-7],[9,-6]],[[59706,13997],[-20,-77],[-6,-24]],[[59680,13896],[-90,-78],[-80,-35],[-32,-27],[96,-13],[48,-29],[23,-13]],[[59645,13701],[20,-17],[68,-41]],[[59733,13643],[-31,-23],[-96,-71],[-15,-21],[-14,-19],[-134,-136]],[[59443,13373],[-1,-1],[-1,-1]],[[59441,13371],[-34,-29],[-54,-30],[-52,-39],[-14,-17]],[[59287,13256],[-6,3],[5,-3]],[[59286,13256],[-81,-56],[-22,-10],[-27,-47],[-17,-20],[-23,-34],[-11,-31],[-54,-72]],[[59051,12986],[-28,104],[12,32],[-5,96],[-17,16],[-33,6],[-44,-48],[-30,15],[-77,10],[-30,-15],[-52,28],[-20,-4],[-39,-6],[-29,-2],[-47,7],[-48,-15],[-12,20]],[[58636,13479],[1,-1],[-1,2],[0,-1]],[[58455,13576],[1,2],[-1,-1],[0,-1]],[[58309,13635],[0,2],[-5,3],[5,-5]],[[58678,13291],[5,-2],[0,1],[-5,1]],[[58776,13315],[-3,-1],[-1,0],[4,1]],[[58823,13331],[1,-2],[1,0],[-2,2]],[[58681,13392],[2,1],[-2,0],[0,-1]],[[59051,13231],[1,0],[-1,1],[0,-1]],[[59123,13251],[-1,0],[1,0]],[[59080,13393],[2,4],[-1,0],[-1,-4]],[[59213,13560],[3,1],[0,1],[-3,-2]],[[59159,13551],[-3,3]],[[59156,13554],[3,-3]],[[59173,13648],[0,2],[0,-2]],[[59002,13541],[1,-2],[-1,2]],[[58804,13795],[1,0],[38,2],[28,-2],[0,4],[54,-10],[-14,32],[11,8],[1,31],[-7,8],[-2,10]],[[58914,13878],[-1,1],[-1,0]],[[58912,13879],[-1,5],[-11,26],[-8,67],[7,53],[-14,29],[-34,-24],[-16,0],[-10,-14],[0,-31],[-1,-25],[-1,-9]],[[58823,13956],[-1,-1],[1,0]],[[58823,13955],[0,-2],[-7,-39],[-14,-20],[6,-8],[-4,-9],[-12,-22],[-7,-4],[19,-56]],[[58287,13847],[15,-26],[25,33],[-37,14],[-3,-21]],[[58393,14054],[2,0],[0,1],[-2,-1]],[[58745,13973],[1,0],[0,1],[-1,-1]],[[59061,13882],[1,-2],[0,2],[-1,0]],[[58937,13866],[1,0],[-1,0]],[[58956,13870],[68,12]],[[59024,13882],[-68,-12]],[[59024,13882],[10,6],[48,34],[-2,29],[-56,-5],[-46,-20],[46,-44]],[[59177,13888],[1,0],[-2,2],[1,-2]],[[59292,13847],[3,0],[1,2],[-4,-2]],[[59143,13934],[1,1],[-1,1],[0,-2]],[[59168,14194],[-1,2],[0,-2],[1,0]],[[59019,14073],[5,2],[1,1],[-6,-3]],[[58958,14292],[-1,-9],[2,9],[-1,0]],[[58918,14074],[0,3],[0,-3]],[[58918,14074],[0,-1],[0,1]],[[58924,14066],[-2,0]],[[58922,14066],[2,0]],[[59680,13896],[-1,-25],[51,-4],[45,-16],[-24,37],[24,-11],[35,0],[134,2]],[[59944,13879],[125,1],[16,58],[-11,1],[-53,30],[-17,-38],[-54,-4],[-62,-34],[-182,104]],[[59706,13997],[2,1],[12,16],[0,2],[1,7],[60,131]],[[59781,14154],[5,8]],[[59786,14162],[6,5]],[[59792,14167],[1,1]],[[59793,14168],[1,2]],[[59794,14170],[76,29]],[[59870,14199],[51,-23],[11,-6],[54,4],[23,-27],[-19,-21],[8,-23],[12,-46],[58,22],[48,-3],[37,-69],[16,78],[14,4]],[[60183,14089],[3,-47],[37,-6],[6,73]],[[60229,14109],[28,-5]],[[60257,14104],[40,-71]],[[60297,14033],[32,-12],[-16,-22]],[[60313,13999],[-1,0]],[[60312,13999],[-39,24]],[[60273,14023],[-19,9],[1,-12]],[[60255,14020],[-4,-10]],[[60251,14010],[2,0]],[[60253,14010],[35,-42],[-46,-5],[65,-59],[18,-13],[22,-38],[43,3],[55,-7],[16,-4],[21,-10],[18,2],[64,-11],[-24,48],[28,39],[-6,4],[-41,12],[-12,1],[-59,18],[69,72],[-13,4],[-7,-2],[-83,-29],[-2,19]],[[60414,14012],[-10,18]],[[60404,14030],[64,65]],[[60468,14095],[3,2],[-3,-1]],[[60468,14096],[-15,43],[18,13],[-10,76],[3,7],[-20,39],[-4,3],[12,47]],[[60452,14324],[-5,4]],[[60447,14328],[-1,15]],[[60446,14343],[11,13]],[[60457,14356],[12,11],[16,43],[-1,30],[26,43],[-55,22],[-71,-27],[-20,25],[5,8],[-42,63],[8,75],[79,8],[-16,12],[27,30],[-14,41],[59,18],[-34,76],[-2,6],[2,97]],[[60436,14937],[121,-26],[2,4],[101,-67],[28,5],[42,92],[9,19],[-7,4],[-57,80],[32,26],[30,8],[118,162],[32,13],[24,-37],[-24,-62],[99,-53],[-33,-37],[2,-2],[35,3]],[[60990,15069],[6,1]],[[60996,15070],[19,1],[20,-61],[-45,-102],[-14,-71],[66,2],[94,68],[30,39],[14,8],[49,67],[53,-13],[50,-55],[-59,-15],[-39,-45],[-21,-69]],[[61213,14824],[-38,6],[33,-66],[-36,44],[-7,-23],[-63,18],[-3,-46],[-43,20],[3,-28],[-38,27],[-72,-42],[79,7],[-46,-74],[-17,-49],[34,16],[-10,-40],[46,38],[-23,55],[70,27]],[[61082,14714],[8,-105],[3,-19]],[[61093,14590],[1,-8]],[[61094,14582],[23,-82],[-3,-7],[-7,-25],[-15,-59],[-10,-6],[-21,-38],[54,-25],[-40,-27],[-13,-9],[-15,-19]],[[61047,14285],[-1,-2]],[[61046,14283],[-2,-1]],[[61044,14282],[-2,-2]],[[61042,14280],[-37,-30],[-6,-12]],[[60999,14238],[7,-96],[-21,1]],[[60985,14143],[-1,0],[1,-3]],[[60985,14140],[21,-44],[31,-15],[-45,-30],[34,-34],[13,-19],[42,-29],[24,0],[18,6]],[[61123,13975],[0,-1],[4,-81],[2,-27],[0,-11],[10,-41],[12,-44],[5,-17],[10,-35]],[[61166,13718],[-30,-45],[-28,2]],[[61108,13675],[-28,16],[-36,20],[-37,-2],[-1,0],[-28,-2],[-55,6],[-17,5],[-28,-17],[-46,0],[-13,4],[-6,-10],[-54,-15],[-6,2],[-4,-32]],[[60749,13650],[-35,11],[-46,11],[0,-1],[34,-45],[50,-13],[21,3]],[[60773,13616],[2,-1]],[[60775,13615],[36,-15]],[[60811,13600],[-16,-50],[-20,-35],[-5,-12],[-11,-40],[-31,-27]],[[60728,13436],[-7,4],[-5,-3],[-43,24],[2,7],[-60,-2],[-57,-11],[-34,15],[-1,-7],[-49,9]],[[60474,13472],[-44,15],[-4,0],[-95,47],[-4,-45],[-9,-32],[-29,16],[-6,-9],[-4,1]],[[60279,13465],[-11,-3]],[[60268,13462],[-2,0]],[[60266,13462],[-13,2]],[[60253,13464],[-11,8],[-15,2],[-70,-60],[-2,1],[-40,-24],[21,-17],[-30,-30]],[[60106,13344],[-43,53],[-91,47]],[[59972,13444],[-2,1]],[[59970,13445],[-1,1]],[[59969,13446],[-39,27],[-6,-2],[-67,116],[-20,17]],[[59837,13604],[52,37],[93,-42],[38,-1],[31,7],[-58,33],[-123,40],[-137,-35]],[[59733,13643],[139,109],[8,22],[-1,0],[-41,16],[-91,-57],[-11,18],[-29,15],[4,-47],[-28,16],[-38,-34]],[[59944,13879],[0,-1],[0,1]],[[60095,13937],[-4,0],[4,0]],[[59995,13646],[0,-2],[0,2]],[[60117,13695],[0,-1],[1,3]],[[60118,13697],[-1,-2]],[[60118,13697],[69,-32],[24,-6],[24,118],[-62,-1],[-27,-46],[-23,-23],[-5,-10]],[[60031,13387],[83,-79]],[[60114,13308],[-40,-10],[22,-26],[-39,34],[-64,81],[38,0]],[[60389,13773],[0,-1],[1,1],[-1,0]],[[60369,13675],[0,-3],[0,1],[0,2]],[[60487,13485],[0,-4],[1,5],[-1,-1]],[[60682,13489],[8,-3],[-8,4],[0,-1]],[[60815,13853],[4,-33],[29,-83],[32,-6],[19,64],[-54,84],[-16,5]],[[60829,13884],[-14,-31]],[[60829,13884],[-1,2],[1,-2]],[[60818,13927],[5,-8],[38,6],[-1,44],[51,-22],[36,53],[-77,39],[-30,3],[-36,-45],[43,-6],[-29,-64]],[[60754,13973],[1,0],[-1,0]],[[60594,13974],[1,0]],[[60595,13974],[-1,0]],[[60702,14202],[1,0],[1,0],[-2,0]],[[60635,14436],[1,0]],[[60636,14436],[-1,0]],[[60775,14441],[4,1]],[[60779,14442],[-4,-1]],[[60984,14464],[0,-3],[0,3]],[[60954,14467],[31,-3],[25,13],[10,51],[-74,15],[8,-76]],[[60734,14659],[3,0]],[[60737,14659],[-3,0]],[[60737,14659],[57,4],[53,101],[-68,33],[-44,-25],[-6,-95],[8,-18]],[[60610,14556],[1,-10],[16,12],[-17,-2]],[[60784,14886],[1,-1],[1,1],[-2,0]],[[60034,12664],[-46,54],[0,4],[-63,16],[-15,23],[0,26],[0,56],[-2,6],[-1,5],[-15,72],[-11,52],[-6,26],[-20,95],[-22,97],[-2,10],[-11,55],[-6,97],[-33,183],[-48,102]],[[59733,13643],[21,-3],[35,-1],[48,-35]],[[59969,13446],[1,-1]],[[59972,13444],[59,-57]],[[60114,13308],[-8,36]],[[60253,13464],[-49,-28],[16,-49],[-52,13],[40,-38],[7,0],[33,29],[18,71]],[[60268,13462],[11,3]],[[60728,13436],[45,-11],[14,-4],[38,4],[51,-12]],[[60876,13413],[-1,-6],[2,3]],[[60877,13410],[17,-8],[-3,-58],[29,-4]],[[60920,13340],[0,-1],[1,1]],[[60921,13340],[37,-9],[20,-15],[-3,-26],[7,-35],[2,-2]],[[60984,13253],[1,0],[0,1]],[[60985,13254],[13,-5]],[[60998,13249],[0,-1],[1,1]],[[60999,13249],[30,20],[39,-28],[3,0],[33,-2],[-36,-71],[-1,-10]],[[61067,13158],[-35,3],[-13,-11],[0,-34],[15,-28],[-52,-20],[8,-21],[-3,-38],[-5,-17],[11,-28]],[[60993,12964],[-20,-38]],[[60973,12926],[-3,-4]],[[60970,12922],[-2,0]],[[60968,12922],[-22,-31]],[[60946,12891],[-13,4],[-36,5],[-36,-25],[54,-28]],[[60915,12847],[-9,-18],[-5,-8],[-11,-22],[-12,-11],[-19,-21],[-30,-21],[-7,-22],[-21,-27],[-32,-49]],[[60769,12648],[-1,0],[-2,0],[-1,0],[-2,-6],[2,-41],[-43,-19]],[[60722,12582],[-1,0],[1,-1]],[[60722,12581],[-27,-4],[-81,31],[12,35]],[[60626,12643],[0,3],[-9,12]],[[60617,12658],[5,16],[-6,1],[-4,-13]],[[60612,12662],[-29,-23],[-30,-50],[-37,43],[-33,-23]],[[60483,12609],[0,1],[-1,-1]],[[60482,12609],[-41,-3],[-20,0]],[[60421,12606],[-43,20],[23,-14]],[[60401,12612],[-41,4],[-29,-30]],[[60331,12586],[-15,44],[-28,2],[-1,-53]],[[60287,12579],[-23,12],[-16,-6],[21,36],[-14,30],[-34,11],[-59,11],[-5,-42],[-22,10]],[[60135,12641],[-5,3],[-52,-15],[-19,7],[-25,28]],[[60019,12780],[17,-8],[6,15],[-18,23],[-48,-5],[7,-15],[36,-10]],[[59960,12789],[-1,-1],[1,1]],[[59973,12810],[0,-3],[0,3]],[[60021,12946],[3,1],[-3,2],[0,-3]],[[60321,12648],[44,-11],[53,4],[-30,8],[-64,17],[-32,5],[29,-23]],[[60165,12694],[53,-9],[17,36],[0,4],[-11,23],[-7,11],[-48,-5],[-15,34],[-17,-6],[-15,-42],[0,-20],[43,-26]],[[60127,12657],[0,18],[0,-18]],[[60163,12810],[0,2]],[[60163,12812],[0,-2]],[[60163,12812],[12,8],[6,33],[-7,27],[-26,11],[-1,-6],[1,-44],[15,-29]],[[60329,12682],[52,-3],[43,-19],[6,51],[-7,29],[-28,28],[-59,29],[4,-65],[-11,-50]],[[60442,12648],[2,2],[1,0],[-3,-2]],[[60400,12728],[-43,-27],[-2,53],[45,-26]],[[60697,12653],[2,0],[0,1],[-2,-1]],[[60676,12718],[-1,-6],[2,6],[-1,0]],[[60561,12770],[32,35],[-16,25],[-50,26],[-3,-2],[-20,-54],[36,-25],[21,-5]],[[60695,12690],[1,0],[-1,1],[0,-1]],[[60753,12712],[2,-1],[-2,1]],[[60699,12752],[0,-1],[1,0],[-1,1]],[[60801,12784],[-1,0],[1,0]],[[60768,12808],[5,-2],[0,1],[-5,1]],[[60787,12835],[1,0],[0,1],[-1,-1]],[[60841,12849],[-1,-2],[1,1],[0,1]],[[60719,12855],[1,5],[8,36],[3,12],[-37,0],[-18,-29],[1,-7],[42,-17]],[[60502,12982],[2,5],[-4,5],[-5,-7],[7,-3]],[[60568,12934],[-1,-1],[1,0],[0,1]],[[60609,12872],[2,-2],[0,2],[-2,0]],[[60633,12956],[-1,-11],[29,-8],[5,19],[-10,47],[-7,23]],[[60649,13026],[-16,-42],[0,-28]],[[60164,12959],[-40,57],[-16,-13],[32,-46],[24,2]],[[60199,13049],[-1,2],[1,-2]],[[60126,13020],[3,4],[-3,-4]],[[60126,12950],[7,4],[-7,0],[0,-4]],[[60002,13001],[0,-1],[3,0],[-3,1]],[[59974,13180],[2,-4],[-2,4]],[[59950,13187],[24,-7]],[[59974,13180],[-6,15],[-6,28],[-19,61],[-23,58],[-55,12],[13,-34],[23,-34],[49,-99]],[[60073,13123],[15,-4],[45,1],[18,21],[-3,22],[-1,1],[-2,4],[3,11],[-49,3],[-26,-21],[-10,-6],[9,-12],[1,-20]],[[60242,13129],[-1,-4],[9,-33],[24,5],[-16,36],[-16,-4]],[[60118,13264],[2,-3],[-2,3]],[[60620,13031],[-1,-2],[1,2]],[[60649,13026],[3,-1],[-3,1]],[[60531,13070],[0,1],[-2,1],[2,-2]],[[60545,13123],[3,0],[-3,0]],[[60517,13132],[2,2],[1,1],[-3,-3]],[[60640,13160],[15,-21],[22,-2],[38,19],[-8,0],[-51,18],[-41,61]],[[60615,13235],[-6,-17],[17,-46],[14,-12]],[[60704,13099],[1,1],[-1,-1]],[[60687,13132],[2,-1],[-2,1]],[[60730,12982],[3,0],[-3,1],[0,-1]],[[60761,13025],[7,-4],[-2,3],[-5,1]],[[60755,13289],[3,-2],[-3,2]],[[60734,13308],[15,-12],[19,-13],[6,37],[-19,18],[-14,-22],[-7,-8]],[[60811,13254],[-1,-2],[1,2]],[[60820,13308],[-1,0]],[[60819,13308],[1,0]],[[60829,13406],[0,2],[-4,-3],[4,1]],[[60700,13251],[7,10],[-3,-4],[-4,-6]],[[60615,13235],[-2,4],[2,-4]],[[60542,13262],[10,0],[6,16],[-30,42],[-23,1],[-1,0],[0,-7],[38,-52]],[[60582,13325],[0,1],[-1,0],[1,-1]],[[60512,13391],[0,-1],[0,1]],[[60452,13193],[-18,-37],[6,-13],[39,9],[29,24],[-56,18],[0,-1]],[[60431,13158],[-3,3],[3,-3]],[[60342,13254],[22,18],[-40,43],[-12,-28],[20,-34],[10,1]],[[60448,13298],[0,-1],[1,2],[-1,-1]],[[60276,13320],[0,-1],[0,1]],[[60301,13281],[6,6],[-9,0],[3,-6]],[[60117,13281],[2,0],[-2,0]],[[60273,13152],[-12,-15],[19,4],[-7,11]],[[60300,13276],[-1,1],[-2,2],[3,-3]],[[60247,13267],[2,2],[-3,-1],[1,-1]],[[60337,13142],[1,-1],[2,4],[-3,-3]],[[60317,12999],[-2,-1],[2,0],[0,1]],[[60317,12908],[3,2],[-2,0],[-1,-2]],[[60246,12970],[1,1],[-2,0],[1,-1]],[[60915,12847],[30,25],[1,19]],[[60968,12922],[2,0]],[[60973,12926],[18,-10],[53,-23],[27,25],[-1,3],[-30,10],[10,34],[-57,-1]],[[61067,13158],[2,-1],[-2,1]],[[60999,13249],[-1,0]],[[60985,13254],[-1,-1]],[[60921,13340],[-1,0]],[[60877,13410],[-1,3]],[[60775,13615],[-2,1]],[[60773,13616],[-4,28]],[[60769,13644],[13,-4],[27,16],[33,2],[21,0],[29,-13],[13,-1],[26,-18]],[[60931,13626],[1,-2]],[[60932,13624],[-7,-41],[15,-20],[39,-13],[45,31]],[[61024,13581],[13,-73]],[[61037,13508],[0,-1]],[[61037,13507],[18,2],[22,17],[18,-3],[9,1],[16,-7],[5,-10],[24,-31],[24,-21]],[[61173,13455],[0,-1]],[[61173,13454],[-1,-3],[6,-20],[10,-1],[21,6]],[[61209,13436],[-1,-3],[2,3]],[[61210,13436],[3,3],[47,10],[2,3],[1,8]],[[61263,13460],[1,4]],[[61264,13464],[0,2]],[[61264,13466],[84,-2],[11,19],[-44,28]],[[61315,13511],[26,31]],[[61341,13542],[47,-6],[46,-21],[16,-7],[46,-17],[44,-17],[-15,-50],[-3,-15],[-12,-56],[41,6],[32,-5],[31,-8],[57,-17],[8,-17],[-2,-2],[-8,-90],[0,-1],[6,-43]],[[61675,13176],[-1,-2],[3,-22],[49,-81]],[[61726,13071],[-3,2]],[[61723,13073],[-22,3],[-8,-21]],[[61693,13055],[-10,-31],[-6,-53]],[[61677,12971],[-1,0]],[[61676,12971],[-2,-4]],[[61674,12967],[-10,-38],[-6,-34],[-5,-45]],[[61653,12850],[-5,-38],[2,-16],[-15,-105],[-3,-4]],[[61632,12687],[-63,55]],[[61569,12742],[-9,15]],[[61560,12757],[0,4],[-2,-1]],[[61558,12760],[-50,38],[-46,5],[-26,-12],[-23,29],[-18,-15],[-43,-8],[-19,-63],[-7,-27],[-9,-38],[17,-38],[-34,-83],[-37,62],[-34,16],[-19,-7],[-100,20],[-69,-42],[-2,-5],[10,-51]],[[61049,12541],[-82,28],[-4,-57],[-40,-3],[-41,73],[-2,1],[-23,16],[-34,26],[-54,23]],[[61298,12821],[1,-1],[0,1],[-1,0]],[[61128,12886],[8,-2],[-8,2]],[[61300,12974],[-1,-1],[1,0],[0,1]],[[61578,12830],[3,1],[-2,1],[-1,-2]],[[61072,13319],[-1,1]],[[61071,13320],[-3,3],[3,-3]],[[61071,13320],[1,-1]],[[60968,13369],[2,-2],[-1,2],[-1,0]],[[61035,13350],[1,1],[0,1],[-1,-1],[0,-1]],[[60909,13527],[1,-2],[0,1],[-1,1]],[[60901,13542],[-2,1],[1,-2],[1,1]],[[60992,13630],[-2,-26]],[[60990,13604],[-17,-24],[-27,31]],[[60946,13611],[15,32]],[[60961,13643],[0,1]],[[60961,13644],[31,-14]],[[61032,11453],[-5,8],[-21,101],[-61,107],[-6,19],[-5,11],[22,93],[-1,21],[26,118],[4,36],[6,42],[3,79],[-7,55],[-1,0],[4,29],[14,51],[8,5],[32,147],[0,26],[4,117],[0,8],[1,15]],[[61558,12760],[2,-3]],[[61569,12742],[-44,-16],[3,-49],[15,-21],[44,-69],[18,-14],[34,27],[7,71],[-14,16]],[[61653,12850],[76,13]],[[61729,12863],[33,-25],[-12,-33]],[[61750,12805],[9,-31],[20,6]],[[61779,12780],[2,-2],[-21,-55]],[[61760,12723],[-1,-4],[32,-42],[40,4],[87,73]],[[61918,12754],[33,14],[9,-13],[42,1],[56,-80],[15,89],[26,6],[7,6],[107,32]],[[62213,12809],[5,-4]],[[62218,12805],[1,0]],[[62219,12805],[16,-4],[70,58],[4,-43],[40,23],[33,63]],[[62382,12902],[133,50],[10,-9],[43,3],[17,14]],[[62585,12960],[39,-1],[39,-35],[47,-7],[7,-60],[88,-53],[10,23],[21,16],[50,-22],[56,47],[47,-22],[11,-57],[19,-16],[0,-1],[-46,-114],[-4,-6],[35,-20]],[[63004,12632],[40,-57],[20,-76],[2,-56],[32,-8],[20,-45]],[[63118,12390],[-64,-21]],[[63054,12369],[-15,-5],[-5,-8]],[[63034,12356],[-3,-30],[-35,-126]],[[62996,12200],[1,-16],[-18,-24]],[[62979,12160],[-35,-87],[-4,-16]],[[62940,12057],[-18,-28],[-100,-15],[-57,50],[-6,11],[-39,28],[-31,-48],[-63,-6],[2,29],[-39,53],[-61,-18],[-90,-40],[21,-86],[-50,-67],[-39,0],[-11,-4],[20,-77],[29,-128],[-38,-56],[1,-108],[-6,-1],[-83,22],[-36,-23],[-11,144],[-62,17],[-28,-33],[13,-124],[-20,4],[-120,-71],[-71,15],[-25,-3],[-71,-17],[-46,36],[-38,11],[-58,31],[-52,-103],[-18,-11],[-60,-100],[-4,-9],[-48,-23],[-25,-135],[1,-9],[-1,-8],[-2,-32],[26,-165]],[[61526,10960],[-134,17],[-59,2],[-94,12],[-4,117],[-62,71],[46,65],[-60,-4],[-52,-82]],[[61107,11158],[-53,35],[3,90],[-25,170]],[[61471,11874],[42,-71],[21,25],[-13,50],[29,28],[-59,74],[5,44],[76,-107],[-3,32],[-50,97],[42,-51],[22,33],[-54,34],[31,22],[-50,-14],[-28,51],[59,-7],[-36,42],[30,27],[25,-50],[38,6],[29,-12],[-13,-41],[22,25],[24,-47],[4,32],[-25,18],[57,-19],[-29,30],[-45,43],[38,17],[-12,4],[-39,9],[33,31],[-36,13],[-17,-34],[-8,40],[-54,-7],[78,55],[35,34],[-69,23],[62,11],[-59,46],[128,-23],[-19,15],[42,-3],[-31,20],[42,8],[-78,-8],[-25,36],[34,9],[-75,-3],[-27,-22],[-3,-46],[-80,-43],[21,-18],[-68,-37],[15,-46],[-45,-5],[11,63],[-39,-48],[28,-67],[-36,20],[6,-42],[-39,10],[-32,2],[23,-35],[-29,-32],[108,35],[-35,-55],[51,4],[-52,-37],[66,8],[-54,-71],[-41,2],[30,-32],[66,49],[-31,-71],[61,-9],[-52,-18],[42,-17],[-16,-32],[30,3]],[[61914,12034],[1,0],[-1,0]],[[61756,12149],[-1,-2],[1,2]],[[61946,12166],[1,0],[0,4],[-1,-4]],[[61233,12357],[2,-2],[-1,2],[-1,0]],[[61546,12594],[-7,5],[-38,-28],[39,-37],[22,16],[19,30],[-35,14]],[[62156,12497],[0,-1],[0,1]],[[62368,12174],[0,1]],[[62368,12175],[0,-1]],[[62898,12418],[0,1],[0,1],[0,-2]],[[62777,12602],[1,0],[-1,0]],[[62710,12683],[1,0],[-1,0]],[[62759,12664],[1,-2],[-1,2]],[[62651,12597],[1,4],[-1,-2],[0,-2]],[[62545,12372],[1,-1],[-1,1]],[[62927,12700],[3,2],[0,1],[-3,-3]],[[61108,13675],[-7,-26],[-2,-6],[-9,-28],[-11,5],[-34,3],[-12,6],[-40,0]],[[60993,13629],[-1,1]],[[60961,13644],[-1,0],[1,-1]],[[60946,13611],[-13,12],[-1,1]],[[60932,13624],[-1,2]],[[60769,13644],[-20,6]],[[61918,12754],[-3,5],[-112,3],[-43,-39]],[[61779,12780],[-29,25]],[[61674,12967],[2,4]],[[61677,12971],[104,-21],[1,1],[-8,45],[-81,59]],[[61723,13073],[3,-2]],[[61726,13071],[54,-6],[10,3],[19,36],[-32,25],[-102,47]],[[61341,13542],[2,4],[29,75],[-26,-1]],[[61346,13620],[-1,1]],[[61345,13621],[-27,50],[-67,15],[-10,-6],[-75,38]],[[61123,13975],[21,-2],[20,2],[106,-19],[12,-16],[45,-5],[28,-32]],[[61355,13903],[-4,-8]],[[61351,13895],[0,-1]],[[61351,13894],[-49,-37],[-26,-22],[89,-53],[27,29],[32,34]],[[61424,13845],[33,4],[6,4],[100,-26],[6,12],[34,1],[75,-22],[45,-30],[1,0],[73,-44],[54,-22],[6,-2],[25,-6],[80,-31],[12,17]],[[61974,13700],[1,0]],[[61975,13700],[97,-38],[-11,28],[-23,76],[49,9],[15,-1],[4,22],[19,30]],[[62125,13826],[34,-9],[11,8],[15,-8],[2,-33]],[[62187,13784],[1,-1]],[[62188,13783],[0,-4]],[[62188,13779],[11,-19],[0,-8]],[[62199,13752],[-9,-4]],[[62190,13748],[-1,-2]],[[62189,13746],[-1,-3]],[[62188,13743],[0,-1]],[[62188,13742],[-26,8],[-44,-106],[1,-10],[30,-37],[39,11],[22,65],[-13,28]],[[62197,13701],[61,-8]],[[62258,13693],[3,1]],[[62261,13694],[31,-4],[60,40],[9,5],[22,32],[70,-56]],[[62453,13711],[15,-85],[2,-2],[7,-12],[0,-57],[82,-125],[70,-75]],[[62629,13355],[5,-27]],[[62634,13328],[-1,-11],[1,-5],[0,-3]],[[62634,13309],[0,-4],[0,-5]],[[62634,13300],[-16,-30]],[[62618,13270],[-8,-106],[4,-97],[-9,-13],[-1,0],[-19,-25],[0,-69]],[[62382,12902],[-47,42],[-66,-38],[-7,-43],[12,-26],[-55,-32]],[[62218,12805],[-5,4]],[[61959,12832],[0,-1],[0,1]],[[61908,12925],[1,2],[0,1],[-1,-3]],[[62128,13126],[-2,1],[2,-1]],[[62090,13083],[-1,1]],[[62089,13084],[1,-1]],[[62180,13247],[2,1],[-2,1],[0,-2]],[[62079,13285],[0,3]],[[62079,13288],[0,1],[0,-1]],[[62079,13288],[0,-3]],[[62107,13469],[-1,-2],[1,1],[0,1]],[[60985,14140],[0,3]],[[60999,14238],[95,-33],[-2,53],[-50,22]],[[61042,14280],[2,2]],[[61046,14283],[1,2]],[[61094,14582],[70,21],[-26,-25],[23,-21],[16,44],[28,-9],[-27,-27],[83,-26],[-78,-14],[29,-16],[-4,-7],[36,14],[-4,-80],[42,50],[-36,35],[30,1],[49,23]],[[61325,14545],[17,3],[-75,5],[62,15],[-33,10]],[[61296,14578],[-55,6]],[[61241,14584],[-22,5],[72,9],[-93,40],[35,-10],[38,4],[6,40],[-43,-6],[-18,57],[25,-15],[-5,51],[36,-48],[34,23]],[[61306,14734],[59,20],[38,-49],[75,9]],[[61478,14714],[0,-1],[3,-1]],[[61481,14712],[19,-26]],[[61500,14686],[2,-2],[1,-1]],[[61503,14683],[58,3],[13,15],[5,35],[76,-33],[62,-17],[121,28],[28,28],[36,8]],[[61902,14750],[1,0],[-1,0]],[[61902,14750],[1,2],[38,18],[55,17]],[[61996,14787],[3,-2]],[[61999,14785],[23,-33],[57,-10],[76,4],[35,24],[81,47],[80,5],[43,-44],[63,-22]],[[62457,14756],[-33,-83],[2,-77],[56,-36],[-56,-155]],[[62426,14405],[14,-72],[-28,-36],[-15,-57],[-22,-23],[-2,-23],[-27,-27],[14,-90],[23,-77]],[[62383,14000],[0,-1]],[[62383,13999],[14,-88],[14,-27],[26,-29],[33,-48],[6,-35],[-7,-50]],[[62469,13722],[-1,-1]],[[62468,13721],[-15,-10]],[[62261,13694],[-1,0],[-2,-1]],[[62197,13701],[-9,41]],[[62188,13743],[1,3]],[[62190,13748],[9,4]],[[62188,13779],[0,4]],[[62187,13784],[4,14],[-8,31],[-1,28],[-22,35],[-97,63],[-35,2],[1,-24],[36,-5],[-10,-41],[59,-21],[11,-40]],[[61975,13700],[0,1],[-1,-1]],[[61424,13845],[-30,22],[-43,27]],[[61351,13895],[4,8]],[[61082,14714],[36,37],[56,-17],[-41,-6],[-11,-24],[38,8],[-51,-49],[62,-32],[-78,-41]],[[61603,14019],[0,-1],[5,-1],[-5,2]],[[61627,14018],[19,-4],[0,1],[-19,3]],[[62256,13961],[-1,-3],[2,3],[-1,0]],[[61998,14079],[1,0],[-1,2],[0,-2]],[[61914,14036],[-15,0],[15,0]],[[61752,14120],[2,-1],[-2,1]],[[61207,14225],[1,-1],[0,1],[-1,0]],[[61357,14433],[0,1],[0,-1]],[[62234,14539],[6,-1],[1,1],[-7,0]],[[60436,14937],[-4,8]],[[60432,14945],[-2,0]],[[60430,14945],[-36,-2],[-20,49],[4,29]],[[60378,15021],[37,78],[-56,95],[-82,-27],[-29,-140]],[[60248,15027],[-11,-6],[-78,45],[-39,-31],[-15,51],[45,56],[18,115]],[[60168,15257],[84,29],[51,33],[-6,38]],[[60297,15357],[-1,0]],[[60296,15357],[-1,0],[-27,3],[-49,59],[-38,34],[39,67],[1,0],[75,14],[20,70],[1,0],[61,85],[6,47],[37,57],[-7,20],[-10,66],[46,22],[32,9],[20,-9],[26,20],[6,-4],[33,0],[33,-3],[30,-44],[1,-57],[-18,-21],[19,-23],[29,-11],[0,-58],[-42,-36],[-17,-27],[-8,-23],[5,-15],[31,17],[46,68],[28,30],[-11,30],[44,-19],[17,-8],[78,-32],[57,17],[6,2],[65,26],[-19,10],[36,18],[-11,43],[45,12],[-48,10],[13,30],[22,0],[-43,35],[49,26],[-39,27],[29,22],[16,-4],[-6,54]],[[61004,16013],[11,3]],[[61015,16016],[2,2]],[[61017,16018],[39,-26],[25,-12]],[[61081,15980],[25,-38],[14,-43]],[[61120,15899],[6,-47]],[[61126,15852],[-3,-2],[3,2]],[[61126,15852],[1,0],[22,-36],[64,1],[11,17],[56,22],[22,-35],[12,25],[50,67],[74,28],[4,-63],[52,-14],[22,40],[22,50],[23,-1],[32,-24],[80,-11],[6,25]],[[61679,15943],[4,6]],[[61683,15949],[114,-1],[39,-12],[21,1],[84,6],[43,-7],[11,-7],[124,12],[8,0],[28,8],[84,65],[-47,42],[6,7],[57,22],[53,81],[3,2],[15,-15]],[[62326,16153],[0,-2]],[[62326,16151],[-7,-88],[-1,-9],[-25,-85],[28,-68],[29,10],[47,-3],[99,-18],[24,2],[27,-20],[91,-78],[14,-26]],[[62652,15768],[67,-61]],[[62719,15707],[6,-31]],[[62725,15676],[-2,-25],[-7,-82],[1,-14],[0,-31],[-1,-13],[23,-58],[4,-16],[29,-84],[7,-14],[6,-31],[28,-104],[4,-34],[16,-54],[3,-29],[-20,-150],[-17,-64],[-10,-35],[-85,-11]],[[62704,14827],[-32,9],[-26,-45]],[[62646,14791],[-77,-35],[-57,16],[-55,-16]],[[61999,14785],[-2,2],[-1,0]],[[61503,14683],[-3,3]],[[61481,14712],[-3,2]],[[61306,14734],[-61,52],[-32,38]],[[60996,15070],[-6,-1]],[[61266,15191],[9,-11],[59,-6],[3,43],[47,73],[-33,11]],[[61351,15301],[-28,-28],[-57,-82]],[[61351,15301],[-27,-12],[27,12]],[[61181,15460],[3,-2],[-2,2],[-1,0]],[[61316,14882],[1,0],[3,2],[-4,-2]],[[61955,15120],[1,0],[-1,7],[0,-7]],[[62247,15193],[9,-1]],[[62256,15192],[-9,1]],[[62313,15390],[0,8],[-1,-7],[1,-1]],[[62391,15432],[3,3],[0,1],[-3,-4]],[[61405,15411],[0,-1],[2,0],[-2,1]],[[61509,15591],[0,-1],[0,1]],[[61106,15570],[-1,0],[-1,0],[2,0]],[[60411,15499],[1,-2],[-1,2]],[[62725,15676],[-6,31]],[[62719,15707],[36,40],[45,109],[-20,13],[-11,0],[-37,-36],[-75,0],[-5,-65]],[[62326,16151],[1,2]],[[62327,16153],[89,-18],[13,78],[72,-27],[120,38],[34,7],[8,38],[5,22],[33,50],[39,-9],[6,45],[6,57],[53,-17],[14,-45],[83,25]],[[62902,16397],[37,-12],[45,-27],[22,-2],[46,1],[44,2],[64,-15],[30,-18],[13,-30],[59,-16],[70,-23],[72,-7],[31,7],[5,10],[41,22],[34,-46],[33,8],[23,28],[49,25]],[[63620,16304],[3,1]],[[63623,16305],[42,-16],[63,-17],[45,22],[38,-52],[62,19]],[[63873,16261],[18,-34],[77,-10]],[[63968,16217],[39,-42],[28,-4],[0,-1]],[[64035,16170],[74,-24]],[[64109,16146],[8,-8],[-21,-102],[25,-47],[69,-34],[31,-4],[76,-84]],[[64297,15867],[-40,-93],[10,-105],[1,0]],[[64268,15669],[6,-44],[18,-11],[30,-35]],[[64322,15579],[0,-1]],[[64322,15578],[-19,-63],[-39,-9],[-1,-72],[28,-53],[-28,-8],[2,-22],[-14,-21],[-20,-30],[7,-23],[15,-15]],[[64253,15262],[0,-1]],[[64253,15261],[-18,-32],[-24,8],[-10,-22]],[[64201,15215],[-38,-8],[-33,73],[-10,11],[-8,6],[-28,-30],[50,-89],[30,-14]],[[64164,15164],[-20,-40],[14,-49],[-5,-3],[-24,-5],[-16,-5],[-38,5],[5,-72],[-45,13],[-27,-16],[-10,-19],[-27,-17],[-10,-9],[22,-41],[-48,2],[-26,-37],[-36,-11],[-6,-4],[-30,-30],[-54,15],[-2,-69],[-68,18],[-14,-25],[-45,7],[-23,50],[-4,-109],[-34,32],[-15,-102],[-55,-71],[113,-26],[19,-28],[-44,-58],[63,-28],[-81,-17],[10,-46],[50,36],[18,-41]],[[63671,14364],[-21,-28],[30,-16],[-123,33],[-20,24],[-30,26],[-49,18],[-95,6],[-76,61],[-61,-14]],[[63226,14474],[-9,63],[-34,-4]],[[63183,14533],[-47,28],[-117,52],[-22,40],[-51,4],[-119,15],[-123,155]],[[62947,15215],[3,-7],[-1,7],[-2,0]],[[63333,15039],[1,-1],[-1,2],[0,-1]],[[63196,15373],[81,-35],[32,57],[57,81],[27,30],[-59,24],[-75,-68],[-85,-37],[22,-52]],[[64153,15389],[-1,-2],[1,1],[0,1]],[[63958,16007],[5,1],[-5,0],[0,-1]],[[63742,15968],[0,-1],[-1,4],[1,-3]],[[63627,15903],[1,-2],[0,1],[-1,1]],[[63582,15904],[11,6],[9,16],[-76,-5],[69,30],[13,31],[-19,3],[-39,-9],[1,55],[-65,-31],[0,-60],[29,-6],[-17,-68],[40,-6],[12,-1],[32,45]],[[63465,15864],[2,32],[-9,-6],[7,-26]],[[63467,15905],[14,30],[-45,-6],[31,-24]],[[63481,15939],[3,1],[-4,3],[1,-4]],[[63435,15898],[-2,1],[0,-1],[2,0]],[[63430,15900],[-11,25],[11,-25]],[[63428,16079],[1,1]],[[63429,16080],[-1,-1]],[[63274,15638],[7,-2],[-10,82],[-18,5],[-45,-10],[-27,-2],[1,-48],[-1,-8],[19,-2],[67,-11],[7,-4]],[[63093,15392],[-3,0],[2,-1],[1,1]],[[63079,15590],[0,-1],[2,-1],[-2,2]],[[62761,15517],[1,0],[0,1],[-1,-1]],[[62928,15699],[-1,2],[1,-2]],[[62407,15991],[0,2],[0,-1],[0,-1]],[[62559,16127],[2,0],[-2,0]],[[63832,16056],[-1,0],[1,0]],[[63023,16029],[0,-1],[3,0],[-3,1]],[[62902,16397],[-30,75],[43,13]],[[62915,16485],[1,0]],[[62916,16485],[0,1],[7,31],[-30,33],[-49,66],[-7,57],[9,14],[-22,26],[4,59],[-17,15],[-12,14],[6,30],[-8,43],[8,12],[-10,32],[16,37]],[[62811,16955],[1,1],[3,5]],[[62815,16961],[-17,67],[-9,5]],[[62789,17033],[2,3],[0,1]],[[62791,17037],[-3,37],[34,-23],[19,0],[21,7],[36,5],[100,8],[-38,-31],[-7,-6],[40,-8],[50,2],[27,4],[27,-4],[18,3],[11,-2],[12,-3],[7,-3],[26,-11],[42,-3],[37,-3],[13,-3],[24,5],[60,4],[63,31],[32,12],[90,39],[63,40],[71,30],[25,40],[-6,53],[45,38],[26,19],[23,16],[53,-25],[60,-10],[58,-4],[20,-7],[68,-16],[21,-4],[41,-40],[37,-36],[-21,-46],[12,-5],[16,30],[34,-16],[37,-36],[28,-25],[29,-28],[27,-26],[-17,-54],[8,-31],[20,-3],[46,31],[95,-82],[13,-11],[18,-22],[7,-7],[17,-10],[55,-42]],[[64561,16805],[-13,-33],[-14,-34]],[[64534,16738],[-1,-1]],[[64533,16737],[-40,-16],[-7,44]],[[64486,16765],[1,1],[-1,1]],[[64486,16767],[-4,-1],[-8,-6],[-22,-23],[-11,-29],[5,-30],[-1,-66],[-27,-83],[-32,-5],[-1,-1],[-43,-20],[-61,29],[-16,-31],[-16,-55]],[[64249,16446],[-6,-112],[11,-17],[4,-10],[-51,-60],[30,-36],[-21,-39],[-91,-4],[-16,-22]],[[63968,16217],[-35,143],[140,-103],[26,12],[-29,84],[-16,29],[-58,29],[-89,-5],[-79,22],[-20,6],[-4,-6],[-29,-87],[156,-77],[-58,-3]],[[63623,16305],[-3,-1]],[[63624,16420],[0,2],[0,-2]],[[63903,16411],[2,-2],[-2,2]],[[63763,16498],[1,0],[-1,1],[0,-1]],[[63511,16659],[2,-2],[0,1],[-2,1]],[[64153,16291],[41,-9],[-11,46],[0,23],[-66,27],[-6,0],[14,-86],[28,-1]],[[64065,16598],[1,0],[0,2],[-1,-2]],[[64294,16834],[0,-1],[0,1]],[[64481,16807],[5,43],[-5,-43]],[[63883,16833],[0,1],[-1,0],[1,-1]],[[63568,16675],[1,0]],[[63569,16675],[-1,0]],[[63741,16807],[77,12],[-10,8],[-104,35],[-22,6]],[[63682,16868],[59,-61]],[[63540,16911],[13,-2],[-15,2],[2,0]],[[63633,16860],[-3,-2],[4,2],[-1,0]],[[63682,16868],[-1,0],[1,0]],[[63142,16842],[9,-11],[-9,11]],[[63114,16859],[27,-13],[10,6],[-1,10],[37,19],[-20,24],[-11,30],[-29,-27],[-13,-49]],[[63210,16798],[0,-1],[0,1]],[[63070,16904],[31,-33],[-2,54],[-9,9],[-20,-30]],[[62815,16961],[5,-2],[-5,2]],[[63232,16926],[-8,-2],[18,-18],[28,47],[29,-29],[14,13],[-1,5],[-23,49],[-26,7],[-13,-9],[-7,0],[-11,-63]],[[63265,16864],[0,1],[-1,-1],[1,0]],[[63326,16897],[1,7],[-1,7],[0,-14]],[[63761,16872],[-17,-18],[61,-8],[-44,26]],[[63654,16941],[3,16],[-3,-16]],[[63741,16974],[0,-1],[1,1],[-1,0]],[[63604,16959],[14,18]],[[63618,16977],[-14,-18]],[[63618,16977],[20,1],[13,28],[-8,14],[-15,9],[-30,4],[1,-25],[19,-31]],[[63781,16967],[-20,-19],[25,-3],[-5,22]],[[63814,16964],[2,-7],[-2,7]],[[63899,17072],[1,-2],[0,2],[-1,0]],[[63651,17045],[-6,-18],[6,18]],[[61120,15899],[25,48],[-27,49]],[[61118,15996],[5,4]],[[61123,16000],[29,48],[42,8],[64,-10],[30,63],[-8,29],[18,34],[-1,0],[19,27],[23,28]],[[61339,16227],[16,18]],[[61355,16245],[8,2]],[[61363,16247],[64,2],[-10,104]],[[61417,16353],[32,-2],[70,-2],[25,0],[22,0],[8,2]],[[61574,16351],[12,8],[5,4],[26,20],[41,24],[29,16],[19,7],[31,14],[28,22],[13,10],[12,9],[-23,130],[-30,153],[7,27],[-72,1],[-20,24],[-9,39],[-50,6],[1,90],[5,4],[31,-22],[-7,95],[-23,14],[-8,21],[-72,134],[0,10],[-36,57],[-15,-10],[32,68]],[[61501,17326],[37,88],[0,88],[-9,33],[32,126],[-13,45],[-17,68],[9,9],[8,52]],[[61548,17835],[2,4]],[[61550,17839],[57,1],[31,49]],[[61638,17889],[21,-13],[37,35],[4,3],[46,51],[30,30],[-2,41],[10,140]],[[61784,18176],[45,-2],[24,25],[62,-23],[126,-48],[28,-9],[-10,-81],[13,-81],[5,-54],[13,-48],[16,-54],[8,-18],[33,-76],[-67,-19],[-24,8],[9,-39],[108,5],[2,-3],[13,-36],[2,-9],[17,-53],[-55,-24],[70,-10],[10,-24],[-107,-62],[-2,-13],[31,-14],[97,59],[-53,-37],[65,8],[19,-28],[14,-30],[-93,-55],[110,32],[10,-16],[5,-11],[9,-11],[26,-41],[-42,-31],[63,3],[15,-11],[12,-13],[13,-11],[22,-18],[5,-5],[17,-6],[14,-21],[-62,-127],[-89,-81],[23,-18],[11,2],[3,39],[73,72],[48,126],[-15,-63],[26,61],[11,-36],[6,33],[33,-5],[-141,-206],[25,-29],[0,9],[1,17],[6,4],[10,11],[16,38],[58,72],[92,68],[63,-34],[8,-11],[20,-17],[4,-2],[22,-10],[32,-14],[25,-33]],[[62789,17033],[-3,-12],[0,-12],[3,-35],[22,-19]],[[62916,16485],[-1,2],[0,-2]],[[62327,16153],[-1,0]],[[61683,15949],[-26,4],[22,-10]],[[61734,16206],[3,5],[-3,-5]],[[62177,16443],[1,-1],[0,1],[-1,0]],[[62272,16512],[0,1],[0,-1]],[[62248,16521],[1,0],[-1,1],[0,-1]],[[62166,16634],[1,1],[-1,0],[0,-1]],[[62141,16685],[0,1],[0,-1]],[[62169,16704],[4,-3],[0,3],[-4,0]],[[62268,16706],[1,0]],[[62269,16706],[-1,0]],[[62353,16582],[1,1],[-1,-1]],[[62340,16644],[1,-1]],[[62341,16643],[-1,1]],[[62563,16382],[1,0],[0,1],[-1,-1]],[[62679,16524],[-1,1],[0,-1],[1,0]],[[62608,16486],[0,1]],[[62608,16487],[0,-1]],[[62499,16595],[1,1],[-1,0],[0,-1]],[[62501,16596],[2,0],[-2,0]],[[62576,16641],[0,-1],[1,2],[-1,-1]],[[62641,16957],[0,-1],[0,1]],[[62520,16915],[1,0],[-1,0]],[[62394,16929],[12,-2],[-3,38],[-9,-36]],[[62430,17026],[0,-1],[0,1]],[[62226,16805],[4,0],[-4,0]],[[62336,16832],[-1,0],[2,0],[-1,0]],[[62503,16777],[0,-1],[1,0],[-1,1]],[[62055,16823],[3,1],[-1,0],[-2,-1]],[[62059,16821],[8,-18],[24,12]],[[62091,16815],[-26,15],[-6,-9]],[[62058,16788],[-10,-1],[-8,0],[6,-15],[22,-2],[1,7],[-11,11]],[[62046,16860],[0,-1],[1,1],[-1,0]],[[62069,16756],[-33,-44],[31,-1],[27,22],[1,1],[-26,22]],[[62005,16866],[3,-1],[4,-2],[-7,3]],[[62091,16815],[2,-16],[2,0],[3,18],[-7,-2]],[[61870,16651],[0,-1],[0,1]],[[61907,16661],[-1,-1],[1,1]],[[61877,16725],[0,-1],[0,1]],[[61736,17027],[1,1],[-1,0]],[[61736,17028],[0,-1]],[[61736,17028],[-2,0],[2,0]],[[61605,17422],[1,-2],[1,1],[-2,1]],[[62275,17046],[1,2]],[[62276,17048],[-1,-2]],[[62147,17047],[1,-1],[0,3],[-1,-2]],[[62233,17163],[4,-4],[88,65],[-17,16],[-63,-55],[-12,-22]],[[62124,17339],[25,4],[-2,-39]],[[62147,17304],[48,14],[-8,51],[-65,-17],[-8,0],[10,-13]],[[62147,17304],[-1,0],[1,0]],[[62196,17245],[-2,-1],[1,0],[1,1]],[[62097,17483],[3,-5],[25,-6],[38,26],[-44,7],[-5,18],[-15,-10],[17,-26],[-19,-4]],[[61692,17681],[3,-3],[1,3],[-4,0]],[[61603,17706],[1,-1],[-1,2],[0,-1]],[[61752,17689],[-1,-2],[1,0],[0,2]],[[61886,17738],[0,-1],[1,0],[-1,1]],[[61883,17727],[-1,-1],[2,0],[-1,1]],[[62097,17566],[-1,2],[-9,-4],[10,2]],[[62057,17633],[23,6],[-43,0],[20,-6]],[[62045,17720],[42,-16],[-11,22],[-31,-6]],[[61981,17776],[2,1],[-1,1],[-1,-2]],[[62116,17194],[0,1],[-1,0],[1,-1]],[[61081,15980],[37,16]],[[61091,16506],[-25,43],[-24,30],[-11,23],[-6,4],[-59,31],[-1,2]],[[60965,16639],[-7,5]],[[60958,16644],[-11,9]],[[60947,16653],[23,46],[19,48]],[[60989,16747],[4,2],[84,60],[23,-22],[55,32]],[[61155,16819],[43,-14],[24,-4],[14,43]],[[61236,16844],[12,24],[-48,25],[-16,93],[71,22],[1,0],[-22,56],[40,86],[28,13],[-15,49],[47,21],[1,92],[46,21],[120,-20]],[[61574,16351],[-2,6],[2,-6]],[[61417,16353],[-38,6],[-29,7],[-13,4],[-7,-75],[33,-48]],[[61355,16245],[-16,-18]],[[61123,16000],[-5,-4]],[[61118,15996],[-31,48],[-44,33]],[[61043,16077],[-27,6],[24,48],[2,7],[33,50],[2,6],[33,29],[5,3],[22,61],[4,11],[7,4],[37,42],[11,5],[36,30],[18,22],[0,12]],[[61250,16413],[0,4]],[[61250,16417],[0,15]],[[61250,16432],[3,20],[-12,28],[-11,-3],[-17,-45]],[[61213,16432],[-40,9],[-14,19],[-2,14]],[[61157,16474],[48,51],[13,39]],[[61218,16564],[-29,-4],[-31,-63],[-57,-6]],[[61101,16491],[-10,15]],[[61236,16619],[-8,1],[0,-14],[5,0],[3,10],[0,3]],[[61200,16611],[-1,1]],[[61199,16612],[1,-1]],[[61135,16647],[-1,2],[1,-2]],[[61137,16701],[1,0],[-1,0]],[[61115,16714],[4,5],[-1,0],[-3,-5]],[[61218,16564],[0,1]],[[61218,16565],[0,-1]],[[61279,16581],[-11,-30],[2,0],[18,27],[-9,3]],[[61296,16575],[2,-1],[15,-4],[11,29],[-9,-2],[-17,-13],[-2,-9]],[[61293,16545],[-14,10],[3,-8],[7,-1],[4,-1]],[[61327,16566],[14,-4],[-14,4]],[[61232,16598],[-1,-4],[5,4],[-2,4],[-2,-4]],[[61269,16613],[-2,-3],[3,3],[-1,0]],[[61358,16488],[-3,0],[3,0]],[[61255,16298],[8,-3],[-9,4],[1,-1]],[[61441,16595],[1,0],[0,1],[-1,-1]],[[61501,16703],[1,-1],[1,1],[-2,0]],[[61441,16759],[55,18],[-38,86],[-65,-26],[-14,-11],[9,-39],[22,-30],[31,2]],[[61274,16742],[3,11]],[[61277,16753],[-3,-11]],[[61315,16814],[2,2],[-1,0],[-1,-2]],[[61367,17167],[1,-1],[-1,1]],[[60479,16968],[-38,15],[-41,13],[-29,-45],[-81,-26]],[[60290,16925],[115,116],[36,35],[32,-18],[3,87],[22,46],[8,52],[-20,42],[-8,63],[43,17],[9,10],[13,42],[2,24],[-46,36],[33,2],[9,3],[51,-12],[1,-1],[19,16],[-43,45],[-66,64],[66,48],[13,50],[38,-12],[61,-1],[47,-4],[-23,23],[-61,15],[8,52],[-74,47],[132,-43],[16,-18],[-8,32],[-85,48],[46,-4],[56,98],[111,121],[112,20],[91,56],[57,-8],[142,76],[137,-1],[6,-106],[172,-93],[-6,-65],[-68,-17],[61,-69]],[[61550,17839],[-2,-4]],[[61236,16844],[-64,12],[-9,-23],[-8,-14]],[[60989,16747],[-36,18],[0,43],[-30,27],[-2,-5],[-9,-29],[-5,-30],[23,-41],[7,-85]],[[60937,16645],[-56,-11]],[[60881,16634],[-1,0]],[[60880,16634],[-3,9]],[[60877,16643],[-74,19],[-1,1]],[[60802,16663],[12,30],[9,55],[-10,2],[-10,-24],[-26,-9],[-12,-35],[18,-21]],[[60783,16661],[-37,-12]],[[60746,16649],[-23,16],[-8,39],[0,9]],[[60715,16713],[7,19],[20,46],[-37,-7],[-7,-25]],[[60698,16746],[-68,22],[-12,-21],[-29,19],[10,49],[-12,39],[13,22],[2,23],[-10,47],[-51,13],[-34,8],[-28,1]],[[61638,17889],[-42,51],[48,70],[3,3],[-50,43],[-47,42],[1,98],[182,-19],[51,-1]],[[60489,17048],[42,-22],[28,-15],[4,15],[-10,41],[-9,36],[-38,27],[-17,-82]],[[60496,17138],[13,-4]],[[60509,17134],[-13,4]],[[60525,17182],[6,-2]],[[60531,17180],[-6,2]],[[60623,17167],[2,-1],[-1,1],[-1,0]],[[60703,16960],[-23,-34],[2,-4],[46,-20],[18,29],[-28,32],[-15,-3]],[[60815,16693],[45,-12],[-3,14],[-42,-2]],[[60858,16736],[2,-27],[41,-9],[-15,28],[-28,8]],[[60756,16865],[7,0],[5,13]],[[60768,16878],[-8,5],[-33,11],[29,-29]],[[60768,16878],[50,-29],[9,5],[15,32],[-13,8],[-39,10],[-22,-26]],[[60722,17500],[-1,-1]],[[60721,17499],[1,1]],[[60758,17598],[3,-5],[1,1],[-4,4]],[[60774,17698],[26,-26],[23,34],[81,-26],[2,1],[99,19],[-10,31],[41,9],[47,41],[-9,2],[-27,30],[-43,-20],[-10,-39],[-24,13],[-38,-19],[-104,69],[-17,5],[-23,12],[13,-86],[-22,-32],[-5,-18]],[[60876,17659],[-1,0],[0,-1],[1,1]],[[61193,17640],[1,-1]],[[61194,17639],[-1,1]],[[60999,16847],[0,-18],[38,27],[-22,15],[-16,-24]],[[60694,16904],[-9,-37],[23,32],[-14,5]],[[60825,16913],[-5,1],[5,-1]],[[60929,17475],[0,-1],[1,0],[-1,1]],[[59984,15534],[-32,-125]],[[59952,15409],[-70,45],[-27,20]],[[59855,15474],[90,73],[-72,58]],[[59873,15605],[1,0]],[[59874,15605],[5,7]],[[59879,15612],[4,-9]],[[59883,15603],[-3,18]],[[59880,15621],[-1,0],[-4,14]],[[59875,15635],[-1,7]],[[59874,15642],[8,-1]],[[59882,15641],[89,-26],[19,32],[-11,64],[-46,23],[24,40],[-47,22]],[[59910,15796],[-1,0]],[[59909,15796],[6,21],[16,20],[3,3],[25,66],[4,7],[-13,81],[-1,5],[-44,-2]],[[59905,15997],[1,1]],[[59906,15998],[-8,25],[2,7],[-101,62]],[[59799,16092],[27,21],[101,120],[38,51],[47,85],[40,61],[-25,52],[87,54],[61,72],[8,33],[52,90],[-4,31],[-150,47],[0,32],[49,-44],[45,17],[-50,113],[16,26],[32,-45],[9,47],[49,-78],[27,32],[32,16]],[[60698,16746],[-3,-28],[20,-5]],[[60783,16661],[19,2]],[[60880,16634],[-1,-1],[2,1]],[[60937,16645],[3,-2],[7,10]],[[60958,16644],[7,-5]],[[61101,16491],[3,-25],[53,8]],[[61213,16432],[37,0]],[[61250,16417],[0,-4]],[[61043,16077],[2,-28],[-49,-12],[21,-19]],[[61015,16016],[-11,-3]],[[60296,15357],[1,0]],[[60168,15257],[-42,30]],[[60126,15287],[-116,3],[-17,81],[17,47],[52,159],[2,18],[-54,7]],[[60010,15602],[-26,-68]],[[60010,15602],[-1,1],[1,-1]],[[60070,15606],[-8,2],[8,-3],[0,1]],[[60062,15639],[2,9],[0,1],[-2,-10]],[[60173,15968],[-1,-1],[1,1]],[[60162,15880],[-2,-4],[2,4]],[[60006,16253],[2,4],[-2,-4]],[[60063,16344],[-12,-47],[11,-21],[51,-27],[1,33],[33,0],[0,67],[-49,8],[-35,-13]],[[60147,16281],[2,-3],[-2,3]],[[60393,16104],[16,-17],[33,21],[-18,32],[-29,36],[-15,-8],[-39,-18],[52,-46]],[[60323,16078],[0,2],[0,-1],[0,-1]],[[60302,16166],[27,-13],[-27,13]],[[60622,16057],[30,8],[9,16],[0,12],[0,26],[-31,-22],[-9,-21],[1,-19]],[[60622,16217],[-19,-35],[33,-28],[25,44],[-39,19]],[[60633,16142],[-9,-9],[9,9]],[[60489,16333],[-2,-11],[2,11]],[[60531,16357],[-30,-49],[27,-29],[3,64],[46,54],[26,-24],[0,49],[-51,10],[-7,-10],[-14,-65]],[[59649,14077],[0,2]],[[59276,14532],[-1,1]],[[59275,14533],[0,21],[-56,24],[32,20],[19,34],[-31,41],[-9,4],[-57,47],[-24,18],[-28,32],[-20,25],[-47,8],[6,72],[-24,19],[1,46],[-22,3],[-11,12],[-25,66],[27,-4]],[[59006,15021],[1,0]],[[59007,15021],[53,-6],[65,36]],[[59125,15051],[29,-17],[10,0],[118,4],[42,1]],[[59324,15039],[1,-15],[-2,-10],[11,25],[14,24],[63,3],[-1,50],[125,32]],[[59535,15148],[-33,41],[-57,34],[-74,-41],[99,110],[-15,29],[36,39]],[[59491,15360],[1,0]],[[59492,15360],[1,-1]],[[59493,15359],[5,3]],[[59498,15362],[6,-1]],[[59504,15361],[33,-3],[23,19],[3,-8],[54,13],[26,48],[34,18],[26,6],[52,2],[8,31],[2,14],[16,-2]],[[59781,15499],[74,-25]],[[59952,15409],[-38,-128],[33,-105],[36,-14],[50,44],[36,-28],[51,32],[14,47],[-37,12],[29,18]],[[60248,15027],[20,-23],[29,16],[81,1]],[[60430,14945],[2,0]],[[60457,14356],[-85,-3],[-8,-23],[12,-17],[70,30]],[[60447,14328],[5,-4]],[[60468,14096],[0,-1]],[[60404,14030],[-45,66],[-43,49],[-43,-19],[-16,-22]],[[60229,14109],[-46,-20]],[[59870,14199],[41,58]],[[59911,14257],[11,1],[11,2],[68,18],[2,74],[-1,11],[25,-4],[23,-2],[25,36],[-9,3],[-6,37],[-5,4],[3,28],[-13,8],[-35,56],[-3,40],[15,35],[-1,40],[-6,10]],[[60015,14654],[-1,3],[0,-1]],[[60014,14656],[-37,-50],[-57,56],[-21,-18],[-17,26],[-61,-40],[10,-29]],[[59831,14601],[0,-1]],[[59831,14600],[7,-15],[0,-10],[8,-30],[-14,-65],[16,-61],[-6,-20],[1,-11],[13,-75],[14,-19]],[[59870,14294],[-34,-32],[-42,-92]],[[59794,14170],[-1,-2]],[[59793,14168],[-1,-1]],[[59786,14162],[-5,-8]],[[60253,14010],[-2,0]],[[60255,14020],[18,3]],[[60312,13999],[1,0]],[[60297,14033],[117,-21]],[[60318,14184],[-2,-1],[2,1]],[[60243,14241],[1,0],[0,1],[-1,-1]],[[60041,14686],[41,-7],[33,43],[-4,14],[-28,-5],[-42,-45]],[[60014,14677],[14,10],[0,64],[-23,-10],[9,-64]],[[60063,14757],[26,-14],[16,44],[-42,-30]],[[59724,14588],[21,20],[2,29],[1,38],[-23,32],[-9,27],[-49,15],[-37,-18],[-1,-5],[13,-52],[-29,-25],[35,-66],[55,47],[21,-42]],[[59471,14521],[9,10],[-62,65],[4,71],[-6,15],[-47,-31],[-28,-12],[130,-118]],[[59170,14964],[1,0],[-1,1],[0,-1]],[[59567,14734],[19,-19],[26,7],[-37,58],[-5,-2],[-3,-44]],[[59622,14753],[-1,4],[1,-4]],[[59627,14814],[1,3],[-1,0],[0,-3]],[[59773,14823],[-1,-1],[1,0],[0,1]],[[60297,15014],[3,-12],[-3,12]],[[59732,15177],[1,1],[-1,0],[0,-1]],[[59560,15038],[-1,0],[0,-2],[1,2]],[[59859,15036],[-17,-16],[18,16],[-1,0]],[[60459,13883],[-26,3],[12,-22],[14,6],[0,13]],[[59605,15314],[1,0],[-1,0]],[[59605,15307],[1,-2],[-1,1],[0,1]],[[59471,15403],[-7,-20]],[[59464,15383],[-94,-63]],[[59370,15320],[-14,27],[0,18],[28,24]],[[59384,15389],[29,8]],[[59413,15397],[25,-16],[25,57],[8,-35]],[[58873,14297],[-1,0]],[[57852,14883],[0,1],[-1,-2]],[[57748,15006],[10,6],[21,10],[1,1],[146,69],[49,34],[33,40],[28,11],[30,35],[12,7],[40,20],[83,66],[35,35],[0,-2],[63,-6],[13,11],[24,35],[10,-3],[83,60],[37,5],[1,0]],[[58467,15440],[96,-23],[10,1]],[[58573,15418],[-16,-58],[-17,-79],[14,9]],[[58554,15290],[36,-62],[101,-6],[41,-36],[13,-48],[83,-59],[28,0],[45,-14],[51,14]],[[58952,15079],[55,-58]],[[59007,15021],[-1,0]],[[59275,14533],[0,-1]],[[58515,14669],[4,2]],[[58519,14671],[-4,-2]],[[58519,14671],[18,-7],[25,5],[25,9],[-5,20],[-70,-5],[7,-22]],[[58427,14641],[1,1],[-2,-1],[1,0]],[[58444,14699],[19,-17],[0,25],[-15,-4],[-4,-4]],[[58390,14587],[7,63],[1,17],[-36,-22],[-28,-57],[-10,-40],[57,2],[9,37]],[[58575,14632],[18,-38],[10,5]],[[58603,14599],[0,1],[-28,32]],[[58591,14578],[-10,-24],[-2,-20],[19,-11],[26,8],[-5,23],[-28,24]],[[58435,14534],[-1,-1]],[[58434,14533],[1,1]],[[58276,14537],[0,2],[-1,-1],[1,-1]],[[58660,14374],[-1,1]],[[58659,14375],[1,-1]],[[58574,14360],[1,0],[-1,3],[0,-3]],[[58519,14346],[0,4],[-24,-4],[24,0]],[[58508,14369],[24,3],[0,23],[0,6],[-3,10],[-38,-20],[4,-18]],[[58495,14373],[13,-4]],[[58676,14449],[3,-5],[-1,5],[-2,0]],[[58488,14362],[4,6],[-4,-6]],[[58495,14373],[-1,-2],[1,2]],[[58711,14553],[-21,-6],[-7,-7],[33,-31],[8,25],[0,17],[-13,2]],[[58750,14520],[3,-6],[2,4],[-5,2]],[[58801,14545],[2,-3]],[[58803,14542],[-2,3]],[[58803,14542],[6,-18],[12,-23],[58,56],[-55,37],[-21,-52]],[[58661,14641],[3,-2],[-1,2],[-2,0]],[[58681,14599],[-1,-2],[3,-3],[-2,5]],[[58645,14535],[0,1],[0,-1]],[[58657,14485],[-9,11],[1,-4],[8,-7]],[[58701,14638],[4,-3],[-4,3]],[[59003,14350],[-1,2],[0,-4],[1,2]],[[59171,14574],[-6,2],[6,-2]],[[59143,14672],[-3,5],[-1,0],[1,-1],[3,-4]],[[58914,14711],[-1,1]],[[58913,14712],[1,-1]],[[58904,14785],[-1,1],[1,-1]],[[58762,14770],[-4,-2],[4,2]],[[58766,14855],[5,1]],[[58771,14856],[-5,-1]],[[58759,15008],[6,7],[-7,-7],[1,0]],[[58629,14684],[0,-1],[1,0],[-1,1]],[[58399,14668],[0,1],[0,-1]],[[58399,14715],[1,0],[-1,1],[0,-1]],[[58336,14659],[1,1],[-1,0],[0,-1]],[[58385,14697],[-1,1],[1,-1]],[[58365,14754],[0,-1],[0,1]],[[58333,14802],[3,3],[-2,-2],[-1,-1]],[[58345,14701],[-1,0]],[[58344,14701],[1,0]],[[58299,14752],[-9,37],[-17,23]],[[58273,14812],[-27,-9],[15,-56],[38,5]],[[58272,14576],[-1,2],[0,-2],[1,0]],[[58254,14866],[0,1],[0,-1]],[[58200,14858],[-1,0],[-2,-2],[3,2]],[[58209,14922],[1,-3],[0,3],[-1,0]],[[58200,14935],[4,2],[-1,0],[-3,-2]],[[58273,14812],[1,5],[-1,-5]],[[57976,15113],[-4,0]],[[57972,15113],[4,0]],[[58184,15081],[0,1],[-3,-1],[3,0]],[[58009,14572],[-1,-2],[189,-45],[-23,14],[32,-7],[4,31],[-201,9]],[[58248,14565],[-8,5],[-23,3],[13,-29],[18,21]],[[58228,14541],[1,0],[-1,0]],[[58251,14358],[1,-1],[-1,1]],[[58735,15405],[12,-17],[-100,-23]],[[58647,15365],[-11,52]],[[58636,15417],[47,-6],[31,95],[40,-13],[-19,-88]],[[58169,15074],[5,3],[-4,-2],[-1,-1]],[[58540,14941],[-1,-2],[1,-1],[0,3]],[[57711,15060],[0,1]],[[57711,15061],[0,1],[-7,6],[102,219],[22,61],[14,21],[12,38],[8,29],[41,32],[1,8],[21,57]],[[57925,15533],[0,1],[-1,0]],[[57924,15534],[2,34]],[[57926,15568],[0,1],[-1,1]],[[57925,15570],[-26,54],[-3,15],[9,13],[57,65],[20,-8]],[[57982,15709],[-1,-1],[1,1]],[[57982,15709],[30,24],[44,9],[23,46],[21,19],[26,39],[17,-4],[34,39]],[[58177,15881],[55,-14],[31,62],[26,-67],[51,-88],[-23,-79]],[[58317,15695],[32,-56],[32,-62],[57,-19],[33,104],[1,156],[18,28],[-21,14],[-24,-3],[-17,-49],[5,-14],[8,-60],[-59,-40],[-35,22],[1,79],[36,12],[22,69],[-5,2],[-19,34],[-30,57],[-7,23]],[[58345,15992],[-21,39],[-23,11],[-17,-15],[-11,-36],[-32,19],[-45,3]],[[58196,16013],[-9,40],[-51,17],[-14,31],[46,15],[4,22]],[[58172,16138],[6,1],[-42,47],[60,10],[48,-46],[47,23],[21,-41],[1,-40],[7,-9],[14,-4],[14,11],[46,45],[-32,16],[11,43],[7,3],[-1,50],[35,10],[0,-71],[51,-39],[-36,-12],[3,-47],[3,-1],[63,-21],[-5,51],[23,28],[-58,114],[49,34],[35,-151],[13,-6],[28,31],[-43,143],[9,6],[15,9],[9,6],[13,8],[22,13],[35,27],[-28,40],[108,-1],[46,-15],[24,-40],[38,20],[27,-65],[-76,-1],[-37,-43],[-55,-52],[-5,-4],[11,-20],[59,-4],[11,-36],[22,-7],[5,13],[1,76],[85,27],[12,1],[25,-4],[19,-9],[23,-51],[-34,-60],[11,-22],[-65,-85],[9,-4],[70,57],[27,89],[150,-50],[95,-62],[-87,-51],[31,-38],[-46,-35]],[[59119,15943],[23,-39],[-35,-23]],[[59107,15881],[-67,73],[69,58],[-20,-2],[-109,-55],[42,79],[20,38],[-48,-47],[-28,-37],[-4,-43],[2,-1],[35,3],[-17,-43],[73,-38],[48,-14]],[[59103,15852],[3,-86],[-42,-6],[-12,-119],[31,-22],[76,-48],[14,-49],[4,-30]],[[59177,15492],[0,-2],[2,-62],[39,-37],[12,6]],[[59230,15397],[1,0]],[[59231,15397],[28,13]],[[59259,15410],[1,0]],[[59260,15410],[22,1],[57,16],[1,1],[-3,20],[9,27],[38,-86]],[[59370,15320],[-16,-96],[-28,-1],[-25,67],[-19,21],[-48,-5],[-6,0],[42,-91],[67,-60],[-20,-33],[-34,12],[-21,-14],[-14,-19],[71,-28],[5,-34]],[[59125,15051],[50,21],[-65,7],[-13,39],[-12,27],[-48,12],[-71,-32],[-14,-46]],[[58554,15290],[68,28],[25,47]],[[58636,15417],[-63,1]],[[58467,15440],[0,1],[0,-1]],[[57881,15289],[9,-2],[2,6],[-11,-4]],[[57900,15383],[-2,-83],[22,0],[14,53],[45,-4],[35,18],[45,64],[-22,17],[-55,-1],[-47,-15],[-35,-49]],[[58174,15516],[-1,-1],[1,1]],[[58039,15448],[3,3],[-3,-3]],[[58075,15475],[-14,-49],[23,1],[5,13],[16,11],[-16,64],[-14,-40]],[[58111,15456],[1,4],[-1,-4]],[[58317,15695],[-7,1],[7,-1]],[[58536,15681],[5,3]],[[58541,15684],[-5,-3]],[[59069,15244],[-2,-54],[27,-38],[96,-12],[-65,90],[-56,14]],[[58744,15668],[21,2],[20,91],[-33,7],[-26,1],[-2,63],[-24,18],[-27,-18],[10,-74],[61,-90]],[[58869,15647],[30,-9],[12,55],[57,0],[15,79],[-129,-29],[-26,-50],[45,4],[16,27],[9,-55],[-27,-15],[-2,-7]],[[59149,15223],[25,-9],[-25,9]],[[59106,15454],[-1,1],[1,-1]],[[58927,15995],[54,57],[-15,28],[-19,-31],[-25,-54],[5,0]],[[58797,15859],[20,-30],[26,43],[-23,37],[-23,-50]],[[58872,15977],[-10,-56],[10,56]],[[58897,16006],[-14,2],[24,-12],[-10,10]],[[58603,15833],[-1,-3],[-1,-2],[2,5]],[[58657,16004],[44,-18]],[[58701,15986],[8,26],[38,12],[-2,29],[-12,19],[-5,1],[-33,-19],[-33,-42],[-5,-8]],[[58701,15986],[-1,-4],[1,4]],[[58699,15981],[0,-11],[1,5],[-1,6]],[[58526,15927],[19,0],[-18,34],[-10,-24],[9,-10]],[[58345,15992],[2,2],[-2,-2]],[[58505,15990],[11,-3],[-7,23],[-4,-20]],[[58512,16030],[0,-1],[0,1]],[[58479,15817],[5,0],[-5,0]],[[58272,15860],[16,2],[-16,-2]],[[58323,15929],[49,-8],[-16,-50],[-59,35],[26,23]],[[58525,16058],[-1,-1],[1,1]],[[58748,16191],[0,-5],[0,5]],[[58748,16086],[33,-25],[21,-10],[-20,54],[-25,12],[-9,-12],[0,-19]],[[57116,15353],[-69,12],[-56,48],[70,99],[-6,71],[-3,13]],[[57052,15596],[17,91],[-10,27],[-8,14]],[[57051,15728],[-1,2]],[[57050,15730],[-7,9]],[[57043,15739],[-10,17],[-21,79],[-41,-32],[-10,3],[-37,65],[-26,-6],[-29,6],[-3,7],[-4,39],[-9,5]],[[56853,15922],[1,3]],[[56854,15925],[-3,33],[-29,12],[-15,35],[-22,-3],[-9,14]],[[56776,16016],[-2,2]],[[56774,16018],[-3,9],[-2,15],[-2,10],[-9,6],[-14,21]],[[56744,16079],[25,14],[25,-8],[26,83],[3,2]],[[56823,16170],[16,8],[21,23],[1,0],[1,10],[5,39],[29,94]],[[56896,16344],[50,-16],[34,-14],[-21,-85],[2,0],[39,-6],[5,10],[31,69],[20,-12],[133,-32],[56,-27],[30,-18],[26,-8],[60,-11],[29,-8],[34,-6],[206,-34],[26,2],[65,22],[92,-30],[120,-19],[45,6],[98,30],[37,18],[59,-37]],[[58196,16013],[-7,-36],[9,-40],[-17,-37],[-4,-19]],[[57925,15570],[1,-2]],[[57924,15534],[1,-1]],[[57711,15061],[-1,1]],[[57223,15130],[-85,89],[-22,134]],[[57080,15964],[0,1]],[[57080,15965],[0,-1]],[[56968,15959],[0,2],[0,-2]],[[57450,15481],[1,0],[-1,2],[0,-2]],[[57620,15464],[3,-3],[0,1],[-3,2]],[[57775,15300],[1,0]],[[57776,15300],[-1,0]],[[57830,15681],[1,0],[-1,0]],[[57820,15751],[13,-17]],[[57833,15734],[43,-20],[10,37],[1,3],[-54,31],[-13,-34]],[[57799,15728],[-1,1],[0,-1],[1,0]],[[57977,15863],[-2,1],[4,-3],[-2,2]],[[57945,15949],[2,-1],[-3,2],[1,-1]],[[58013,15853],[-1,1],[1,-1]],[[57890,15992],[-4,0],[4,0]],[[57670,15810],[1,0],[-1,1],[0,-1]],[[57445,15893],[0,3],[-1,-3],[1,0]],[[57208,15981],[1,3],[-1,-3]],[[57254,15974],[0,-1],[1,0],[-1,1]],[[56959,16189],[13,2],[16,30],[-24,-17],[-5,-15]],[[57103,16064],[-1,1],[0,-1],[1,0]],[[56190,14892],[-12,36],[-29,16],[16,77],[-20,39],[-61,106],[-29,85],[2,6],[-19,31],[-5,49],[47,65],[3,11],[-32,116],[-20,44],[-26,76]],[[56005,15649],[19,81],[31,49],[1,24]],[[56056,15803],[1,2],[-2,65],[4,18],[-3,43],[12,38]],[[56068,15969],[1,0]],[[56069,15969],[5,0],[22,20],[44,34],[37,31]],[[56177,16054],[7,14],[28,24],[14,5],[66,20],[9,10],[5,13],[10,51],[-8,27],[16,20],[1,-1],[-5,41],[40,30],[8,-2],[23,24],[-2,17],[1,70],[47,35]],[[56437,16452],[23,3],[16,-1],[64,-3],[53,-19],[27,-5],[59,-9],[29,-6]],[[56708,16412],[-30,-76],[22,-12]],[[56700,16324],[-29,-9],[-4,-7]],[[56667,16308],[-31,-12],[15,-29],[-14,-4]],[[56637,16263],[-15,-6],[12,0]],[[56634,16257],[-13,-10],[7,-51]],[[56628,16196],[-1,-7]],[[56627,16189],[-27,41],[-12,2],[-6,-6],[-7,-21],[25,-10],[25,-16]],[[56625,16179],[5,-9],[-9,-28],[5,-8]],[[56626,16134],[-20,-51],[46,30],[6,-27],[4,-1],[18,14],[-6,31]],[[56674,16130],[1,3]],[[56675,16133],[1,3]],[[56676,16136],[9,0],[15,-6],[21,-7],[-1,-42],[24,-2]],[[56774,16018],[1,-2],[1,0]],[[56854,15925],[-1,0],[0,-3]],[[57043,15739],[7,-9]],[[57050,15730],[1,-2]],[[57051,15728],[-38,-30],[3,-55],[-45,-21],[13,-88],[47,4],[21,58]],[[56801,15034],[0,2]],[[56642,15125],[-3,2],[-4,-1]],[[56161,15554],[0,-1],[2,2],[-2,-1]],[[56448,15329],[0,-2],[0,2]],[[56452,15652],[0,-1],[-1,4],[1,-3]],[[56377,15708],[1,-1],[0,1],[-1,0]],[[56410,15535],[-6,24],[6,-24]],[[56236,15699],[-4,-50],[36,17],[5,10],[-20,44],[-17,-21]],[[56256,15724],[5,2],[-5,-2]],[[56412,15993],[2,-1]],[[56414,15992],[-2,1]],[[56378,15934],[9,-30],[8,35],[-17,-5]],[[56439,15997],[-18,-35],[26,-3],[36,23],[-1,10],[-43,5]],[[56598,15850],[-3,1],[1,-3],[2,2]],[[56667,16074],[0,-1],[1,0],[-1,1]],[[56684,16078],[-4,12],[4,-12]],[[56587,16237],[0,2],[0,-2]],[[56583,16244],[13,17],[11,19],[-28,20],[0,-1],[4,-55]],[[54950,15287],[3,12]],[[54953,15299],[17,23],[19,44],[8,41],[10,21],[5,27],[29,50],[55,27],[-1,9],[42,31],[58,50],[1,42],[48,127],[14,24],[37,50],[45,7],[46,101],[43,20],[-26,6],[15,76],[-30,41],[13,16],[9,7]],[[55410,16139],[1,0]],[[55411,16139],[18,43],[78,80],[-8,9]],[[55499,16271],[2,3]],[[55501,16274],[22,47],[-39,46],[42,-1],[63,5],[61,14],[79,26],[101,45],[137,86],[28,17],[41,33],[52,83],[52,-18],[12,63],[38,-76],[-11,29],[73,-121],[23,-21],[29,-28],[45,-31],[35,-8],[53,-12]],[[56177,16054],[-95,23],[2,-6],[23,-53],[-54,-22],[16,-27]],[[56069,15969],[-1,0]],[[56056,15803],[-29,9],[5,-44],[-53,29],[-10,40],[37,19],[2,36],[-63,-21],[-16,23],[9,-55],[-32,31],[-20,-69],[41,-135],[78,-17]],[[55850,15164],[2,2],[-2,-2]],[[54981,14823],[-2,-2]],[[54917,14824],[21,46],[16,5],[-52,43],[-11,220],[-31,34],[20,55]],[[54880,15227],[47,-2]],[[54927,15225],[23,62]],[[54927,15225],[1,-1],[-1,1]],[[55246,15397],[0,-1],[-1,7],[1,-6]],[[55953,15018],[4,-1],[1,0],[-5,1]],[[56111,16120],[-1,1],[1,-1]],[[56138,16131],[56,10],[-23,63]],[[56171,16204],[7,-32],[-72,22],[-7,-13],[-2,-13],[30,17],[11,-54]],[[55491,15495],[-13,25],[-103,29],[-3,-26],[-14,-20],[68,-29],[50,-1],[15,22]],[[55589,15709],[4,-1],[-4,1]],[[55456,15633],[1,2],[-3,-2],[2,0]],[[55605,15767],[0,-1],[1,0],[-1,1]],[[55356,15551],[3,-1],[-4,34],[1,-33]],[[55636,16185],[3,-49],[63,36],[18,33],[8,-22],[-1,30],[-19,32],[-47,52],[1,-7],[-26,-105]],[[55887,16161],[0,-6],[1,6],[-1,0]],[[55823,16169],[1,0],[-1,1],[0,-1]],[[55887,16192],[-2,0],[1,-1],[1,1]],[[56002,16068],[0,-1]],[[56002,16067],[0,1]],[[55937,16312],[0,-1],[0,1]],[[56050,16317],[28,-21],[17,59],[1,26],[-42,-36],[-4,-10],[0,-18]],[[56053,16360],[-2,-7],[2,7]],[[56069,16216],[1,-1],[0,1],[-1,0]],[[56171,16204],[-8,10],[8,-10]],[[56236,16268],[3,-3],[8,-1],[1,24],[-5,2],[-6,-4],[-1,-18]],[[56261,16264],[6,-13],[34,-7],[-10,21],[-30,-1]],[[56175,16322],[2,0]],[[56177,16322],[-2,0]],[[56306,16314],[19,18],[20,25],[4,14],[-31,-12],[-40,-27],[28,-18]],[[56281,16393],[8,23],[-17,-15],[9,-8]],[[56228,16430],[2,2]],[[56230,16432],[-2,-2]],[[55196,15483],[-1,-1],[1,1]],[[54021,15229],[-29,-16],[-10,10],[-43,83],[91,24],[36,42],[2,48],[-70,129],[75,26],[40,37],[44,29],[53,-4],[14,8],[-24,75],[23,58],[2,5],[7,20],[30,9],[-31,38],[6,29],[60,-8],[6,3],[15,32],[75,16],[0,-41],[-9,-39],[31,10],[-5,22],[4,79],[11,34],[-6,12],[9,74],[15,24],[-3,18]],[[54440,16115],[-6,25],[0,1],[-11,5]],[[54423,16146],[0,4]],[[54423,16150],[-2,5]],[[54421,16155],[-4,17],[3,24],[-3,10],[-3,45],[12,16]],[[54426,16267],[33,0],[16,-2],[1,0],[5,0],[9,-1],[33,-8],[34,-28],[14,1],[26,-10],[17,14],[11,2],[7,-2]],[[54632,16233],[2,0],[4,5],[3,11],[-2,17]],[[54639,16266],[0,2]],[[54639,16268],[15,4],[2,0]],[[54656,16272],[4,4],[38,-3],[6,67],[0,1]],[[54704,16341],[49,103]],[[54753,16444],[67,-49],[24,-14],[34,-9],[13,-2],[66,-3],[48,1],[67,-24],[93,-19],[61,-1],[27,-7],[134,23],[-16,-25],[55,-41],[75,0]],[[55501,16274],[-2,-3]],[[55411,16139],[1,2],[-2,-2]],[[54953,15299],[-75,-11],[-36,-20],[28,-25],[10,-16]],[[54774,14740],[-18,26],[11,53],[37,-6],[3,42],[-101,-26],[-47,49],[-75,62],[-30,20],[-68,-6],[-51,4],[-5,13],[-3,40],[-54,22],[-19,11],[-5,12],[-3,21],[9,14],[44,59],[52,68],[-37,141],[-57,-66],[0,-63],[-9,-14],[-41,-1],[-62,33],[-30,-5],[-45,13],[-107,31],[-42,-58]],[[54134,15459],[0,1],[0,-1]],[[54668,15189],[0,-1],[1,2],[-1,-1]],[[54598,15355],[2,2]],[[54600,15357],[-2,-2]],[[54724,15342],[0,-1],[0,1]],[[54971,15399],[1,2],[-1,-2]],[[54815,15393],[0,1],[-1,0],[1,-1]],[[54750,15536],[3,-3],[49,59],[59,-45],[95,3],[10,87],[-41,21],[-84,-21],[-95,14],[-48,3],[-6,11],[-17,10],[-18,-42],[135,-45],[-42,-52]],[[54622,15492],[-8,0],[6,0],[2,0]],[[54527,15534],[1,1],[-1,-1]],[[54569,15582],[1,0],[33,29],[3,54],[-12,51],[-33,-20],[9,-54],[-30,-4],[13,-26],[16,-30]],[[54410,15635],[5,33],[-56,65],[-9,-48],[2,-26],[58,-24]],[[54337,15779],[36,-17],[22,1],[-50,31],[-8,-15]],[[54289,15795],[0,1],[0,-1]],[[54550,15843],[60,-19],[29,28],[-1,21],[-24,68],[1,35],[-31,6],[17,-26],[-31,1],[-22,-98],[2,-16]],[[54874,16000],[7,0],[-7,0]],[[54882,16000],[57,-10],[41,-5],[-4,26],[-78,37],[-33,-24],[17,-24]],[[54754,15746],[1,-3]],[[54755,15743],[-1,3]],[[54704,15863],[31,-14],[-11,21],[-14,4],[-6,-11]],[[54708,15882],[-14,27],[-9,2],[-7,-7],[30,-22]],[[54661,15907],[1,-1],[0,1],[-1,0]],[[54547,16058],[2,-12],[-2,12]],[[54544,16042],[-43,-38],[24,-53],[18,18],[-1,45],[2,28]],[[54499,16018],[0,2]],[[54499,16020],[0,-2]],[[54499,16020],[6,3],[-6,-3]],[[54609,16011],[-13,-3],[13,3]],[[54650,16027],[0,-1],[1,-3],[-1,4]],[[54657,16028],[1,-5],[-1,5]],[[54644,16058],[11,3],[41,11],[19,-6],[-5,19],[-30,19],[-13,-1],[-16,-17],[10,45],[2,6],[-15,17],[-8,2],[-35,-13],[-9,42],[-12,6],[-42,-1],[2,-8],[31,-24],[-23,-2],[35,-8],[-18,-34],[28,16],[2,-37],[45,-35]],[[54557,16113],[11,1],[-11,-1]],[[54583,15985],[-1,0],[1,0]],[[54682,16110],[0,1],[0,-1]],[[54689,16119],[36,-19],[17,6],[2,32]],[[54744,16138],[-8,6],[-25,27],[-17,1],[-10,-25],[5,-28]],[[54676,16230],[1,-7],[-1,7]],[[54652,16199],[18,28],[-7,6],[-11,-34]],[[54741,16157],[-2,0],[3,0],[-1,0]],[[54744,16138],[17,1],[-17,-1]],[[55267,16160],[1,-2],[-1,2]],[[55351,16026],[1,0],[-1,0]],[[52956,15214],[63,-55],[44,57],[-65,39]],[[53310,15775],[0,3],[-1,-3]],[[53191,15882],[1,3]],[[53191,16004],[15,65],[-29,37]],[[53237,16257],[0,3],[5,26]],[[53266,16306],[61,10],[1,3]],[[53482,16788],[-1,-48],[54,2],[4,-79],[26,-24],[47,-48],[70,-15],[115,-19],[25,-13],[94,-45],[55,8],[53,33],[-19,58],[94,-15],[8,46],[95,46],[33,1],[29,71],[46,-7],[-46,2],[4,-42],[60,-4],[42,62],[2,-97],[43,-2],[36,-138],[72,-62]],[[54523,16459],[-57,-54],[-7,-7],[-33,-131]],[[54421,16155],[-12,-7],[14,2]],[[54423,16146],[-22,-10],[-12,24],[-67,-26],[118,-19]],[[54029,14478],[0,1],[-1,-1]],[[54012,14482],[-13,2]],[[53999,14484],[-5,0]],[[53939,14488],[-1,1]],[[53422,14897],[1,1]],[[53138,15253],[-1,0],[1,0]],[[53722,15071],[0,-1]],[[53722,15070],[0,1]],[[53138,15239],[86,-2],[-87,13],[1,-11]],[[53850,14986],[-11,-27],[41,-57],[17,-38],[65,-15],[40,-32],[33,-19],[12,-2],[33,56],[-3,92],[-67,100]],[[54010,15044],[-108,2],[-52,-60]],[[54010,15044],[12,8],[-12,-8]],[[54309,14869],[-47,-37],[19,-49],[-3,-28],[118,12],[11,68],[-1,9],[-97,25]],[[54196,14868],[1,1],[-2,2],[1,-3]],[[54309,14869],[4,56],[-65,-19],[20,-5],[27,12],[14,-44]],[[54155,14719],[-1,1]],[[54154,14720],[1,-1]],[[54552,14893],[-6,2],[0,-1],[6,-1]],[[54204,15131],[-48,-14],[42,-30],[14,47],[-8,-3]],[[54225,15083],[64,4],[3,21],[-35,19],[-27,2],[-5,-46]],[[54273,15999],[0,-3],[41,-30],[15,-2],[11,1],[-33,59],[-14,-3],[-20,-22]],[[54296,16049],[-1,-4],[1,4]],[[54242,16485],[-16,-10],[21,-98],[14,-20],[73,-14],[3,41],[-38,15],[-1,0],[-7,-26],[-38,35],[-6,79],[-5,-2]],[[54208,16490],[14,10],[-1,16],[-13,-26]],[[54071,16042],[-10,2],[10,-2]],[[54120,15823],[1,-1],[-1,1]],[[53581,16101],[-1,-46],[21,-59],[49,-11],[6,11],[-10,12],[-48,18],[17,39],[23,-8],[50,7],[-4,72]],[[53684,16136],[5,52],[-64,-25],[0,-22],[-5,-42],[-39,2]],[[53569,16071],[-43,43],[-1,-3],[0,-42],[-8,-53],[23,-31],[30,11],[3,33],[-41,3],[37,39]],[[53534,16184],[4,-1],[39,9],[0,32],[-33,5],[-10,-45]],[[53560,16180],[-18,-36],[40,-36],[-22,72]],[[53649,15975],[-13,-11],[-3,-153],[-59,43],[-7,-39],[-5,-115],[174,-40],[38,52],[-77,86],[-20,125],[-8,43],[-20,9]],[[53714,16156],[-2,-1],[-16,-19],[23,-3],[3,-1],[-8,24]],[[53684,16136],[4,0],[-4,0]],[[53962,16319],[-1,0],[1,0]],[[53954,16084],[-100,-4],[24,-101],[-4,-40],[59,-12],[16,38],[3,23],[17,66],[-15,30]],[[53854,16083],[-2,5],[2,-5]],[[53852,16089],[-2,2],[2,-2]],[[53850,16093],[-3,3],[3,-3]],[[53847,16097],[0,4],[0,-4]],[[53576,15860],[1,2],[-1,-2]],[[53525,15390],[-1,1]],[[53524,15391],[1,-1]],[[53524,15391],[-14,127],[-53,17],[-13,-21],[22,-123],[58,0]],[[53382,15546],[47,-2],[15,50],[-24,63],[-44,-31],[6,-80]],[[53427,16007],[-3,4],[0,-1],[3,-3]],[[58823,13955],[0,1]],[[58912,13879],[2,-1]],[[58883,13866],[2,-4],[0,1],[-2,3]],[[61037,13507],[0,1]],[[61024,13581],[-34,23]],[[60992,13630],[1,-1]],[[61345,13621],[-1,-1],[2,0]],[[61315,13511],[-25,9],[-14,-19],[-7,-14],[-5,-21]],[[61264,13464],[-1,-4]],[[61210,13436],[-1,0]],[[61173,13454],[1,0],[-1,1]],[[61167,13510],[-2,-3]],[[61165,13507],[0,-3],[0,3]],[[61165,13507],[2,3]],[[61194,13513],[0,1],[0,-1]],[[61212,13509],[0,-1],[1,1],[-1,0]],[[61185,13577],[0,1],[0,-1]],[[61176,13551],[1,0]],[[61177,13551],[-1,0]],[[60014,14656],[1,-2]],[[59911,14257],[-17,50],[-24,-13]],[[59831,14600],[0,1]],[[59925,14511],[-1,-2]],[[59924,14509],[1,2]],[[59584,16020],[44,26],[1,-35],[29,1],[-10,59],[48,-56],[37,56],[10,-3],[42,-6],[14,30]],[[59906,15998],[-1,-1]],[[59909,15796],[1,0]],[[59910,15796],[-24,-44]],[[59886,15752],[-8,-98],[4,-13]],[[59874,15642],[1,-7]],[[59880,15621],[3,-18]],[[59879,15612],[-5,-7]],[[59873,15605],[-8,-3],[-14,-53],[-32,7],[-38,-57]],[[59504,15361],[-6,1]],[[59498,15362],[-5,-3]],[[59493,15359],[-1,1]],[[59491,15360],[-27,23]],[[59471,15403],[2,31],[-27,58],[0,2],[-16,-4],[-17,-93]],[[59260,15410],[0,4],[-1,-4]],[[59231,15397],[-1,0]],[[59230,15397],[-11,51],[-22,49],[-20,-5]],[[59103,15852],[4,29]],[[59119,15943],[40,-19],[40,120],[26,24],[60,-24],[21,-12],[28,-9],[43,-15],[52,-9],[60,1],[-25,14],[74,8],[46,-2]],[[59666,15894],[1,0],[0,1],[-1,-1]],[[59755,15801],[-9,-8],[0,-1]],[[59746,15792],[9,9]],[[59872,15916],[-4,0],[4,0]],[[59797,15929],[-12,10],[11,-11],[1,1]],[[59886,15752],[0,1],[-1,-1],[1,0]],[[59879,15811],[0,-1],[0,1]],[[59630,15829],[-1,-2]],[[59629,15827],[1,0],[0,2]],[[59679,15798],[-1,0],[0,-1],[1,1]],[[59715,15777],[-1,-2]],[[59714,15775],[1,2]],[[59728,15772],[-1,-1],[0,-1],[1,1],[0,1]],[[59625,15754],[4,0],[-5,4],[1,-4]],[[59805,15608],[1,0],[-1,0]],[[59809,15688],[1,0],[0,1],[-1,-1]],[[59769,15745],[0,-1],[1,0],[-1,1]],[[59809,15720],[0,-1],[0,1]],[[59629,15514],[4,7],[-4,-7]],[[59572,15669],[1,1],[-1,-1]],[[59525,15583],[1,1]],[[59526,15584],[-1,-1]],[[59323,15612],[1,1],[-1,1],[0,-2]],[[59411,15869],[0,1],[-1,0],[1,-1]],[[59263,15489],[1,1],[-1,0],[0,-1]],[[59299,15545],[1,0],[1,2],[-2,-2]],[[59153,15660],[1,3],[-1,0],[0,-3]],[[59337,15823],[1,0],[-1,0]],[[59409,15817],[-1,0],[0,-2],[1,2]],[[59281,15912],[1,0],[2,6],[-3,-6]],[[56721,16273],[13,21],[7,6],[1,4],[-18,4],[-24,16]],[[56708,16412],[15,-10],[28,-11],[42,-9],[21,13],[36,-26],[46,-25]],[[56676,16136],[-1,-3]],[[56674,16130],[-48,4]],[[56625,16179],[2,10]],[[56627,16189],[1,7]],[[56634,16257],[3,6]],[[56667,16308],[54,-35]],[[56707,16267],[8,1],[-8,-1]],[[56760,16190],[-3,1],[3,-1]],[[56824,16240],[0,-2],[0,2]],[[56822,16293],[0,1],[-2,0],[2,-1]],[[56791,16172],[-1,1],[-1,-1],[2,0]],[[54599,16429],[57,-3],[48,3],[49,15]],[[54704,16341],[-26,14],[-6,-28],[-16,-55]],[[54656,16272],[-12,6],[-3,0],[-2,-10]],[[54639,16268],[0,-2]],[[54523,16459],[76,-30]],[[54590,16334],[1,-26],[20,10],[-21,16]],[[54619,16312],[-7,5],[-1,-34],[8,3],[0,26]],[[58145,12270],[20,3]],[[58464,12777],[0,1]],[[58510,13192],[1,0]],[[59051,12986],[-9,-6],[-70,-5],[-8,-6],[-57,-14],[-49,-88],[-13,-35],[9,-39],[-2,-13],[4,-71],[49,-64],[-17,-59],[19,-38]],[[58907,12548],[2,-30],[-11,-31],[-31,-39],[76,-67],[54,-37],[40,-66],[8,-12],[19,-98],[-2,-12],[-13,-53],[-56,10],[-39,-33],[-7,-18],[-24,-55],[-7,-10],[-7,-10],[-115,-114]],[[58794,11873],[-72,53],[-78,47],[-65,35],[-78,39],[-88,42],[-40,18],[-73,32],[-83,35],[-43,16],[-20,8],[-137,56]],[[58277,12233],[5,-3],[-2,3],[-3,0]],[[58413,12293],[-1,-1],[3,0],[-2,1]],[[58502,12164],[-10,-1],[15,0],[-5,1]],[[58554,12197],[-1,-3]],[[58553,12194],[1,3]],[[58632,12377],[2,0],[-1,0],[-1,0]],[[58813,12714],[1,-1],[-1,1]],[[58907,12548],[103,70],[32,7],[71,44],[15,-37],[-33,-51],[27,-108],[50,25],[60,14],[2,70],[49,-5],[5,22],[58,75],[10,54],[9,2]],[[59365,12730],[-2,-47],[-8,-48],[-8,-31],[-9,-24],[31,-22],[-3,-20],[2,-33],[14,-1],[21,0],[25,-10],[1,4],[28,11],[2,-25],[35,4],[14,-41],[27,13],[-5,39],[21,-3],[11,-24],[17,-2],[1,12],[-22,44],[5,55],[-17,19],[-3,54]],[[59543,12654],[75,7],[23,-47],[0,-18],[1,-75],[28,-57],[43,34],[45,11],[29,20],[37,-36],[61,41],[94,-16],[38,-34]],[[60017,12484],[-64,-31],[-88,-26],[-11,-21],[-38,-66],[42,-94],[28,1],[25,1],[13,-102],[-26,-97],[3,-8],[-51,-6],[-3,-80],[5,-35],[-51,12],[27,23],[-18,35],[-44,-54],[-23,82],[-16,-12],[-15,-69],[-36,17],[-77,-35],[-56,19],[9,-47],[-31,-10],[-93,30],[-25,-34],[-50,32],[17,-76],[-76,-12],[-9,-44],[36,-84]],[[59321,11693],[-238,70],[-14,5],[-68,27],[-61,22],[-146,56]],[[59015,11988],[-6,1],[9,-2],[-3,1]],[[59274,12009],[3,5],[4,10],[-7,-15]],[[59223,12130],[2,3],[-1,1],[-1,-4]],[[59202,12241],[2,2],[-1,0],[-1,-2]],[[59584,12061],[1,1]],[[59585,12062],[-1,-1]],[[59503,12112],[-1,3],[0,-2],[1,-1]],[[60017,12484],[50,30],[32,-3],[8,10],[28,120]],[[60287,12579],[44,7]],[[60401,12612],[3,1],[17,-7]],[[60482,12609],[1,0]],[[60612,12662],[5,-4]],[[60722,12581],[0,1]],[[61107,11158],[22,-45],[-36,-76],[-132,-15],[-127,5],[39,51],[-11,46],[-41,21],[6,69],[55,43],[-22,24],[-97,-42],[-2,-178],[-79,-6],[25,243],[8,12],[-126,-20],[15,-64],[-43,-22],[-28,-81],[-170,87],[100,110],[-15,94],[64,29],[-60,37],[15,30],[-111,71],[-42,-2],[10,-49],[-41,-9],[-21,-63],[-89,44],[-1,-26],[-50,-144],[-3,-69],[-166,67],[-133,42],[-132,59],[-163,68],[-99,64],[-79,99],[-26,31]],[[60391,12280],[-1,1],[0,-1],[1,0]],[[60072,11829],[0,2],[0,-1],[0,-1]],[[60124,11556],[-3,0],[3,0]],[[60740,12035],[-2,0],[1,-2],[1,2]],[[60764,12402],[0,-1],[1,0],[-1,1]],[[59286,13256],[1,0]],[[59441,13371],[2,2]],[[59543,12654],[-4,0],[-1,0],[-29,35],[-30,5],[-40,13],[-4,6],[-1,15],[-30,6],[-35,8],[1,-23],[-5,11]],[[59330,12949],[0,1],[-1,0],[1,-1]],[[59342,13195],[0,-1],[1,2],[-1,-1]],[[59476,13226],[1,0]],[[59477,13226],[-1,0]],[[59674,13200],[-1,-5],[2,4],[-1,1]],[[62940,12057],[30,-5],[52,-8],[85,16]],[[63107,12060],[39,-75]],[[63146,11985],[1,-48],[95,-41],[17,-63]],[[63259,11833],[-13,-43],[-10,-26],[12,-54],[54,-39],[-79,-131],[3,-16],[24,-78],[26,-68],[-50,-27],[60,-31],[67,-77],[-14,-57],[8,-23],[14,-16],[62,-2],[29,-32],[75,10]],[[63527,11123],[-24,-81]],[[63503,11042],[-1,0]],[[63502,11042],[-62,-1],[-6,-19],[10,-31],[22,-36],[-29,-52]],[[63437,10903],[-20,-9],[-126,-15],[-1,-128],[-52,-24],[-51,27],[-41,-45],[-74,61],[-48,-20],[-28,12],[28,-24],[-42,-28],[-19,72],[-87,24],[-93,-41],[-35,106],[-19,55],[-41,6],[-4,-94],[17,-102],[-39,6],[-45,-51],[-122,2],[-14,-31],[-14,29],[-75,19],[56,152],[-13,44],[-29,13],[-12,-19],[-37,-123],[-84,11],[-29,25],[29,25],[7,28],[-40,52],[-70,-15],[1,-57],[5,-27],[-79,-21],[-117,-14],[56,179],[-91,20],[-114,-152],[-11,43],[38,46],[-26,47],[-99,-58],[-15,-25],[-72,20],[16,83],[-27,40],[53,109],[-93,-13],[11,-85],[-22,-81],[-58,3]],[[61671,11268],[1,-1],[0,2],[-1,-1]],[[61702,11453],[-1,-2],[3,1],[-2,1]],[[62128,11024],[0,-1],[0,1]],[[62163,11258],[5,1],[-2,0],[-3,-1]],[[62369,11263],[1,0],[0,1],[-1,-1]],[[62413,11277],[2,0],[-2,0]],[[63445,10719],[-19,-27],[-88,7],[58,169],[60,-99],[-11,-50]],[[62996,12200],[46,-2],[105,68],[68,8],[-12,-66],[-51,-42],[-3,-26],[-39,14],[-72,-64],[45,-17],[-76,-19],[-28,106]],[[63259,11833],[38,17],[-30,44],[114,24],[-110,26],[-86,25],[92,43],[39,22],[-49,20],[-121,-69]],[[63107,12060],[110,83],[-27,6],[72,114],[0,39],[-17,-1],[-110,-10],[-91,5],[-10,60]],[[63054,12369],[79,-73],[14,58],[-29,36]],[[63004,12632],[60,-12],[51,43],[76,-11],[64,21]],[[63255,12673],[29,-55],[131,-37],[9,87],[7,25]],[[63431,12693],[12,1],[119,9],[62,-11]],[[63624,12692],[4,-9]],[[63628,12683],[-17,-41],[2,-81],[40,1],[43,-108],[61,-8],[28,9],[-46,17],[17,28],[31,31],[-24,30],[-63,-2],[-23,67],[-32,46]],[[63645,12672],[2,1]],[[63647,12673],[0,1]],[[63647,12674],[72,17],[67,-39],[24,-24],[32,-9]],[[63842,12619],[4,-41],[11,-44],[39,33],[-15,41]],[[63881,12608],[27,1],[50,-15],[48,-1],[9,-3],[75,10],[73,19],[12,7],[35,71],[52,-9],[41,13],[119,28],[19,11],[67,-29],[6,-46],[44,-23],[10,-67],[101,-22],[52,50],[75,1]],[[64796,12604],[31,-51],[30,-39],[34,13],[35,-53]],[[64926,12474],[-55,-91],[28,-36],[-29,-72],[0,-14],[-58,-27],[-4,-60]],[[64808,12174],[-19,69],[-60,-5],[-131,-17],[6,-60],[-43,-38],[6,-32],[-24,-21],[-50,-34],[-71,8],[-54,-59],[-18,-41],[98,-34]],[[64448,11910],[-5,-5],[-29,-37],[-1,-145],[-53,45],[-41,20],[-59,-17],[-36,-42],[-32,7],[-66,-66],[-13,-20],[-4,-3],[-19,-36],[-50,-5],[-89,-41],[34,-36],[-62,-49],[0,-93],[-29,-23],[-37,11],[-106,-27],[-40,-116],[14,-108],[-50,-17]],[[63675,11107],[1,1]],[[63676,11108],[-98,43],[-51,-28]],[[63442,11576],[1,0],[1,1],[-2,-1]],[[63459,11805],[36,-9],[31,52],[-46,-5],[-21,-38]],[[63581,11895],[12,3],[-12,-3]],[[63597,11935],[9,-34],[22,39],[0,28],[-31,-33]],[[63915,11583],[12,2],[-12,-2]],[[63657,11667],[1,0],[-1,1],[0,-1]],[[63792,11733],[10,-16],[120,10],[-7,66],[-35,48],[-62,-10],[-7,48],[-31,-6],[-2,-16],[14,-124]],[[63891,11931],[27,18],[8,0],[0,8],[-17,22],[-31,-27],[3,-23],[10,2]],[[63734,11973],[23,19],[-4,15],[-25,0],[3,55],[37,-25],[8,-1],[18,11],[-24,37],[39,90],[47,23],[-36,-1],[-28,-7],[-79,23],[-7,45],[2,65],[-5,-1],[-34,-2],[-50,2],[-43,18],[0,-7],[37,-43],[-11,-57],[-23,35],[-40,-24],[-32,18],[14,-29],[43,-19],[10,-3],[30,14],[14,-46],[29,4],[23,57],[23,-56],[23,-62],[-43,-16],[3,42],[-28,-8],[22,-57],[-38,0],[-5,-62],[43,-19],[64,-28]],[[63977,11946],[-19,-13],[20,-14],[-1,12],[0,15]],[[64161,12030],[-3,28],[-24,26],[-100,-34],[1,-57],[70,4],[56,33]],[[64024,12101],[1,1],[-1,1],[0,-2]],[[64466,12459],[12,1]],[[64478,12460],[-12,-1]],[[63814,12127],[5,12],[-5,-12]],[[63737,12094],[18,-24],[-27,4],[-12,-31],[-17,6],[38,45]],[[63685,12156],[-1,1],[1,-1]],[[63795,12330],[28,-4],[97,19],[-26,12],[-102,28],[-35,60],[-45,-55],[30,-50],[13,-2],[40,-8]],[[63423,11934],[52,12],[-43,12],[-29,-9],[20,-15]],[[63456,11998],[1,-1],[-1,1]],[[63527,11986],[-6,-21],[22,2],[21,48],[1,14],[-38,-43]],[[63607,12045],[1,2],[14,69],[-17,-30],[-2,-20],[4,-21]],[[63531,12075],[-24,-6],[62,-31],[20,46],[-58,-9]],[[63582,12173],[3,-1],[-3,1]],[[63487,12182],[-52,2],[-8,53],[-27,14],[20,32],[1,8],[-6,5],[-30,-6],[-24,42],[-16,32],[-21,-7],[10,-68],[-42,-62],[4,-6],[66,-7],[40,-29],[80,-22],[5,9],[0,10]],[[63505,12262],[-12,57],[36,-5],[-8,30],[-55,-3],[-1,0],[-3,-50],[43,-29]],[[63157,12544],[-4,-34],[57,-77],[17,34],[45,-3],[3,14],[-47,57],[-15,34],[-56,-25]],[[63139,12507],[-62,-5],[71,-18],[-9,23]],[[63626,12429],[-53,-17],[-13,-26],[54,-26],[25,41],[-2,6],[-11,22]],[[63539,12538],[1,0],[-1,1],[0,-1]],[[63560,12361],[16,-16],[-16,16]],[[63576,12321],[-27,-11],[22,-15],[5,26]],[[63838,12503],[-31,-41],[36,4],[59,28],[4,23],[-23,-10],[-45,-4]],[[63838,12438],[-26,4],[-11,-50],[77,29],[-40,17]],[[63762,12502],[45,-4],[-45,4]],[[63690,12341],[1,-13],[-1,13]],[[63959,12521],[0,1]],[[63959,12522],[0,-1]],[[64116,12558],[2,-2]],[[64118,12556],[-2,2]],[[64342,12599],[0,1],[-1,0],[1,-1]],[[64350,12547],[-1,0],[2,0],[-1,0]],[[63264,12076],[90,-11],[37,23],[72,33],[-70,-3],[2,44],[-70,-87],[-25,25],[-28,4],[-8,-28]],[[64604,12307],[1,0],[0,1],[-1,-1]],[[63502,11042],[1,0]],[[63676,11108],[-2,-3],[1,2]],[[64448,11910],[1,3],[-1,-3]],[[64808,12174],[19,-69],[-67,7],[-4,-111],[6,-77],[30,-9],[37,-80],[-26,-58],[3,-96],[31,-10],[30,-31],[34,10],[124,-177],[3,-11],[3,-6]],[[65031,11456],[-2,-4],[3,4]],[[65032,11456],[39,-7]],[[65071,11449],[5,-3]],[[65076,11446],[50,-6],[7,-3],[14,-14],[4,-7],[1,-5],[10,-49],[-10,2],[-10,-26]],[[65142,11338],[-2,-12],[-26,-29],[-30,-18],[-27,-6],[-1,-7],[-1,-11],[-6,-1],[-37,2],[-22,-1],[-29,-1]],[[64961,11254],[-13,1]],[[64948,11255],[-53,-4],[-12,1],[-19,-6],[-43,-15],[-57,18],[-25,-11]],[[64739,11238],[-1,0],[0,-1]],[[64738,11237],[-23,-21],[-5,-8],[-44,-84],[-28,-37],[67,-113],[20,-18],[-10,-110],[14,-60],[43,-19],[16,-96],[82,-29]],[[64870,10642],[26,2],[-37,-20],[31,-47],[-27,-46],[49,-34],[-128,-70],[-40,43],[34,102],[-58,73],[-62,-1],[-22,-17],[9,-116],[-70,2],[-26,-50],[149,-144],[-89,13],[-7,-65],[-53,68],[-25,-33],[-19,115],[-96,38],[8,149],[-130,-14],[-29,58],[-35,-69],[35,-61],[-33,-75],[-15,66],[-46,-40],[-48,42],[6,52],[94,102],[-123,-2],[-34,105],[-102,-10],[-55,-47],[-25,-108],[-52,21],[25,67],[-57,16],[-75,-77],[-48,101],[36,25],[48,55],[-88,38],[-33,-19],[-48,5],[-85,-28],[-12,29],[60,33],[-34,44],[-77,-10]],[[64336,11574],[1,2],[-1,-1],[0,-1]],[[64415,11573],[0,-1],[1,0],[-1,1]],[[64366,11724],[0,-1],[0,1]],[[64436,11417],[1,-3],[0,1],[-1,2]],[[64517,11445],[1,0],[-1,0]],[[64517,11315],[-2,-1],[2,0],[0,1]],[[64550,11582],[-1,0],[0,-1],[1,1]],[[64448,11260],[3,-3],[-3,4],[0,-1]],[[64583,11338],[4,0],[0,1],[-4,-1]],[[64744,11377],[1,-1],[-1,1]],[[65054,11362],[1,0],[0,1],[-1,-1]],[[65715,11587],[0,-1]],[[65715,11586],[21,-18],[-13,-76],[13,-38],[36,-31],[19,-3],[25,-5],[41,-4],[51,-21],[8,-9],[50,-15],[73,-31],[16,-5],[88,21],[41,-21],[26,-21],[20,-6],[-11,-44],[-7,-33],[-3,-52],[-28,-2],[-59,-63]],[[66122,11109],[-20,2],[-65,-57]],[[66037,11054],[-69,20],[-64,37]],[[65904,11111],[-32,21]],[[65872,11132],[-3,-1]],[[65869,11131],[-1,1],[0,-3]],[[65868,11129],[-22,-99],[-1,-138],[0,-4],[8,-88],[5,-16],[8,-232]],[[65866,10552],[-184,108],[-46,21],[-69,10],[-59,-60],[31,-26],[-35,-35],[-76,42],[-69,-23],[-68,78],[63,52],[-9,32],[-107,104],[-15,57],[-49,19],[-73,-23],[-8,-144],[56,-89],[-133,70],[-34,-22],[-20,57],[-75,-6],[-22,-53],[36,-20],[-31,-59]],[[64738,11237],[1,1]],[[64948,11255],[5,-1],[8,0]],[[65142,11338],[1,0],[-1,0]],[[65076,11446],[-5,3],[0,0]],[[65032,11456],[-1,0]],[[64926,12474],[53,-13]],[[64979,12461],[-8,-45],[21,-72]],[[64992,12344],[-25,-54],[45,-51],[-5,-77],[56,-121],[-25,-20],[54,-68],[31,26],[-40,103],[74,-69],[-126,318]],[[65031,12331],[74,-39],[159,-180],[22,-59],[80,-64],[53,-17],[19,7],[44,-23],[31,25],[26,12],[13,-70],[6,-12],[17,-35],[16,-60]],[[65591,11816],[3,-34],[-4,-12]],[[65590,11770],[-1,0],[1,0]],[[65590,11770],[44,-56],[10,-36],[2,-9],[7,-25],[7,-16],[50,-22],[6,-16]],[[65716,11590],[-1,-3]],[[65299,11514],[-30,-57],[3,-60],[69,8],[-20,-39],[40,15],[7,-29],[30,-5],[54,10],[-10,16],[-61,5],[7,47],[31,-16],[24,38],[-3,36],[0,38],[8,32],[-9,17],[-54,11],[-24,2],[1,-5],[-20,-14],[-10,-16],[35,13],[-68,-47]],[[65306,11568],[5,-2],[-5,2]],[[65318,11595],[26,-6],[-9,11],[18,46],[4,-8],[17,-22],[4,-20],[11,-5],[15,16],[27,61],[-22,49],[29,19],[-48,-17],[6,-38],[-6,-30],[-44,10],[-4,-11],[-24,-55]],[[65457,11342],[-17,-24],[32,-35],[6,16],[-21,43]],[[65464,11370],[1,-7],[-1,7]],[[65501,11531],[19,-15],[44,-12],[14,28],[-38,33],[-27,-4],[18,-30],[-17,16],[-13,-16]],[[65444,11594],[43,8],[-51,1],[8,-9]],[[65535,11595],[10,-2],[0,2],[-10,0]],[[65482,11626],[-25,41],[-11,-39],[36,-2]],[[65356,11634],[-10,-14],[11,3],[-1,11]],[[65211,11608],[18,-6],[32,-26],[52,61],[-39,7],[-63,-36]],[[65217,11523],[-11,3],[11,-4],[0,1]],[[65200,11553],[-8,21],[8,-21]],[[65181,11579],[-48,61],[-43,20],[-14,-36],[31,-57],[61,0],[13,12]],[[65209,11636],[23,16],[-11,32],[-6,-14],[-6,-34]],[[65302,11702],[-25,-49],[29,11],[-4,38]],[[65195,11886],[2,0],[-1,0],[-1,0]],[[65211,11470],[2,2],[-1,0],[-1,-2]],[[65124,11536],[-15,-60],[13,36],[26,18],[-24,6]],[[65648,11243],[-36,-31],[38,-31],[-2,62]],[[65611,11212],[-9,31],[-31,5],[19,-37],[21,1]],[[65605,11273],[1,8],[-16,6],[15,-14]],[[65573,11319],[17,-27],[42,2],[-26,44],[-9,0],[-24,-19]],[[65681,11254],[-9,-6],[0,-1],[9,7]],[[65706,11392],[0,1]],[[65706,11393],[0,-1]],[[65507,11000],[8,3],[-8,-3]],[[65560,11164],[1,4],[-1,0],[0,-4]],[[64924,11056],[6,0],[-1,0],[-5,0]],[[65072,11048],[25,-40],[35,8],[17,32],[68,41],[-60,31],[-4,-7],[-77,-62],[-4,-3]],[[65124,11126],[18,-6],[-18,6]],[[65053,11208],[0,5],[0,-5]],[[65591,11816],[48,-39],[12,-8],[19,1],[0,51],[34,-1],[27,-3],[70,-8],[98,18],[1,6],[49,0],[16,10],[55,2],[109,0],[6,36],[1,1],[-6,44],[61,0],[9,-30],[139,3],[76,8],[43,6],[105,42],[214,74],[51,-2]],[[66828,12027],[-32,-69],[-60,-64],[-89,-5],[10,-63],[75,-17],[-77,-99],[128,-24],[53,109],[1,96],[56,70],[79,103],[24,-120],[65,-119],[9,26],[-71,158],[24,54]],[[67023,12063],[25,-9],[7,-1],[154,-66]],[[67209,11987],[183,31],[-22,-51],[-69,-85],[-124,-113],[0,-46],[96,18],[45,-27],[45,90],[-48,-23],[59,78],[120,12],[-57,-117],[46,-20],[36,1],[33,8]],[[67552,11743],[-2,-70],[-25,-133],[3,-32],[-8,-111],[-5,-122],[1,0],[-6,-49],[-47,-18],[-12,-21],[-12,-9]],[[67439,11178],[-19,-12]],[[67420,11166],[-52,-28],[-28,20],[-71,-3],[-93,-53],[75,-68],[2,-23],[-11,-39],[40,-80],[-25,-36],[-11,-3],[-7,-1],[1,-142],[-7,-131],[-37,-22],[-47,-149]],[[67149,10408],[-39,-14],[-58,77],[-100,-32],[7,96],[104,127],[6,96],[-51,12],[0,-102],[-74,-4],[-39,-75],[-45,-76],[-75,4],[-47,122],[-126,-207],[-34,132],[46,83],[55,6],[-27,84],[-42,-16],[-1,-76],[-126,0],[30,120],[-25,33],[-50,0],[-87,-9],[-10,-55],[-3,-64],[-55,-71],[-49,8],[-1,-68],[-89,-8],[-100,8],[21,165],[-13,13],[-25,-63],[-36,-89],[31,-49],[-105,13],[-51,23]],[[65868,11129],[1,2]],[[65872,11132],[4,-49],[28,28]],[[66037,11054],[-18,-27],[60,15],[59,19],[-16,48]],[[65715,11586],[1,4]],[[65820,11731],[23,-13],[98,-3],[116,29],[32,29],[-40,10],[-150,19],[-4,-32],[-72,-14],[-3,-25]],[[65930,11553],[-9,-22],[13,-4],[-4,26]],[[65803,11795],[-4,-1],[4,0],[0,1]],[[66001,11802],[57,2],[-17,3],[-40,-5]],[[65991,11606],[-16,-85],[19,-29],[21,-1],[15,60],[32,11],[-11,24],[-60,20]],[[66093,11500],[10,-22],[-53,-4],[-1,-11],[35,-23],[62,-5],[8,14],[11,48],[-23,-3],[-39,-2],[6,31],[-16,-23]],[[65903,11520],[3,-1],[-3,1]],[[66202,11136],[10,-9],[-5,6],[-5,3]],[[66298,10957],[1,-2]],[[66299,10955],[-1,2]],[[66435,11100],[-16,-32],[43,-6],[48,56],[-62,17],[-13,-35]],[[66198,11815],[-4,-1],[2,-6],[2,7]],[[66194,11592],[0,-2],[0,-1],[0,3]],[[66288,11477],[-10,-15],[-2,-30],[25,-13],[-12,-43],[33,-15],[2,-4],[-12,-16],[18,-21]],[[66330,11320],[6,-27],[9,-2]],[[66345,11291],[3,-1],[1,5]],[[66349,11295],[20,5],[8,-3],[-1,-40],[30,20],[12,30],[23,16],[30,61],[15,5],[14,10],[34,34],[-35,69],[21,23],[-21,24]],[[66499,11549],[-1,2],[-1,0]],[[66497,11551],[-9,-10],[1,36],[-61,-2],[-14,-38]],[[66414,11537],[-11,-31],[-7,-14],[-24,-32],[-5,0]],[[66367,11460],[-1,0]],[[66366,11460],[-46,44],[-32,-27]],[[66400,11620],[-1,-1],[3,-1],[-2,2]],[[66466,10989],[47,-4],[34,-15],[14,80],[-103,-12],[8,-49]],[[66575,10958],[72,-12],[81,13],[15,34],[-1,38],[-38,-40],[-79,42],[-33,-6],[-17,-69]],[[66631,11660],[-3,0],[3,0]],[[66660,11571],[-1,0],[3,-1],[-2,1]],[[66758,11586],[-2,-4],[20,-27],[57,-4],[5,29],[3,26],[20,125],[-21,60],[-9,-69],[-73,-136]],[[66750,11570],[-1,-3],[1,3]],[[66712,11648],[12,-2],[-12,2]],[[66730,11179],[42,-75],[13,-5],[34,-18],[56,-21],[5,59],[-104,84],[-44,6],[-2,-30]],[[66737,10914],[4,-212],[115,13],[9,49],[-4,126],[-124,24]],[[66901,11034],[-7,-38],[50,-36],[66,-14],[47,37],[49,38],[-6,19],[-110,36],[-30,-49],[-59,7]],[[67066,11811],[41,-129],[-30,-52],[-20,-57],[7,-30],[37,8],[20,36],[-39,18],[53,143],[-69,63]],[[67127,10869],[0,-4],[1,4],[-1,0]],[[67078,11443],[0,-2],[2,1],[-2,1]],[[67072,11420],[1,-3],[-1,3]],[[67015,11269],[-1,0],[1,0]],[[67192,11664],[-20,-45],[41,34],[-21,11]],[[67105,11314],[-19,-2],[4,-36],[16,5],[-1,33]],[[67142,11444],[4,-5],[3,5],[-7,0]],[[67127,11279],[5,-1],[42,6],[1,15],[-48,-20]],[[67269,11352],[54,-11],[54,129],[-19,31],[-21,-35],[-68,-114]],[[64979,12461],[5,4],[17,29],[32,23],[3,39],[93,55],[13,19],[144,117],[28,42],[38,38],[126,91],[15,56],[2,1]],[[65495,12975],[7,10],[23,30],[38,30]],[[65563,13045],[0,2]],[[65563,13047],[4,10],[20,34],[0,1]],[[65587,13092],[1,-1]],[[65588,13091],[92,-15],[12,-22],[-2,-41],[-4,-13],[2,-36]],[[65688,12964],[0,-1],[8,0]],[[65696,12963],[17,-28],[36,-76],[3,-5],[9,-26],[5,-20],[46,-47],[32,0],[-4,55],[-3,23],[17,43],[1,2],[5,18],[31,4]],[[65891,12906],[4,2]],[[65895,12908],[68,4],[44,42],[39,39],[2,1],[6,80],[22,41],[1,17],[-2,9],[32,46],[20,33],[11,31],[5,9],[4,23],[6,26],[6,36]],[[66159,13345],[1,7],[31,94]],[[66191,13446],[29,-56],[12,-8],[58,-17],[29,4],[16,-1],[2,2],[12,-1],[51,-13],[6,-8]],[[66406,13348],[2,-2],[1,-2]],[[66409,13344],[5,-4],[7,-12],[32,-34],[11,-14],[5,-23],[-3,-6],[46,-60],[20,-11],[69,-89],[-8,-39],[87,-80],[10,-18]],[[66690,12954],[-1,-1],[1,0]],[[66690,12953],[30,-32],[56,-25],[21,8],[43,2],[12,1],[59,-8],[3,2],[62,-29],[9,-5],[59,-24],[40,-27],[213,-112],[97,37]],[[67394,12741],[-83,-70],[-76,0],[-123,93],[-63,-59],[-102,4],[-39,21]],[[66908,12730],[0,1],[-1,0]],[[66907,12731],[-34,-7],[29,-62],[39,-36],[1,-61],[6,-30],[2,-82],[45,-2],[23,-126],[-73,-236]],[[66945,12089],[-7,-1],[-7,-15],[-103,-46]],[[65031,12331],[-8,10],[-31,3]],[[65771,12437],[3,-12],[-17,-28],[30,-12],[35,-24],[21,-27]],[[65843,12334],[61,-11],[69,-2],[9,26]],[[65982,12347],[44,-40],[12,9],[3,11],[-31,72],[-2,16],[59,4]],[[66067,12419],[2,5]],[[66069,12424],[2,7],[-39,15],[-10,16],[-48,8]],[[65974,12470],[-1,1]],[[65973,12471],[-13,17],[-13,0],[-24,10],[2,14],[-39,21]],[[65886,12533],[10,23],[-19,-5]],[[65877,12551],[-19,41],[-6,18],[-17,6],[-15,9],[-1,12],[-26,11]],[[65793,12648],[-1,3]],[[65792,12651],[-11,26]],[[65781,12677],[0,2],[-13,43],[-21,0],[-24,-29]],[[65723,12693],[-2,-11],[-28,3],[-22,-48],[-5,-3]],[[65666,12634],[-82,-30],[-4,-38],[5,-25],[50,-30],[19,-1],[45,-12],[-3,-41],[6,-4],[13,-3],[14,-2],[42,-11]],[[65658,12227],[0,-1],[3,1],[-3,0]],[[65606,12299],[2,0],[-2,0]],[[65675,12314],[-1,0],[3,-1],[-2,1]],[[65714,12352],[2,-1]],[[65716,12351],[-2,1]],[[65958,12107],[9,4],[-8,2],[-1,-6]],[[65892,12188],[0,-2],[1,0],[-1,2]],[[66418,12096],[4,-1],[0,1],[-4,0]],[[66514,12219],[1,-1],[1,2],[-2,-1]],[[66201,12400],[0,-1],[0,1]],[[66091,12502],[5,-2],[-5,3],[0,-1]],[[66005,12774],[-7,4]],[[65998,12778],[7,-4]],[[65979,12760],[0,1]],[[65979,12761],[0,-1]],[[65849,12688],[28,11],[16,59],[-10,9],[-39,-7],[-10,-51],[15,-21]],[[66123,12972],[9,5],[-9,-5]],[[66146,13021],[18,-7],[14,36],[-23,12],[-7,-17],[-2,-24]],[[66185,13099],[30,-10],[3,44],[-20,13],[-13,-47]],[[66181,13215],[-2,1],[-2,-13],[4,12]],[[66384,13274],[6,-3]],[[66390,13271],[-6,3]],[[66334,12995],[-1,-1],[1,0],[0,1]],[[66434,13089],[4,-4],[24,16],[-28,-12]],[[66288,12762],[2,-1],[1,1],[-3,0]],[[66857,12657],[1,0],[-1,0]],[[66688,12740],[0,-5],[1,5],[-1,0]],[[65495,12975],[1,-2],[-1,2]],[[66463,13106],[31,26],[-7,33],[-4,2],[-32,-21],[12,-40]],[[65605,12706],[-1,0]],[[65604,12706],[1,0]],[[66089,11879],[-7,0]],[[66082,11879],[7,0]],[[65880,11897],[3,-4],[-3,4]],[[66242,12829],[-1,-5],[2,5],[-1,0]],[[66493,12848],[1,0],[0,4],[-1,-4]],[[67634,10226],[-55,-1],[-65,-3],[-39,-14],[-97,69],[-11,70],[59,139],[7,92],[-77,9]],[[67356,10587],[-53,-107],[-20,-177],[-18,19],[-63,-23],[-53,109]],[[67420,11166],[36,-77],[-4,-139],[49,-3],[90,145],[-7,-1]],[[67584,11091],[-74,53],[-71,34]],[[67552,11743],[58,169],[-46,103],[-58,125],[-19,22],[-12,1],[-22,-13],[-250,61],[-102,-94],[71,0],[28,42],[45,-52],[143,-17],[-179,-103]],[[67023,12063],[-41,18],[-37,8]],[[66907,12731],[1,-1]],[[67394,12741],[130,-49]],[[67524,12692],[32,43],[55,-2]],[[67611,12733],[65,-261],[5,-16],[-6,-57]],[[67675,12399],[-53,-158],[-27,-204],[56,40]],[[67651,12077],[94,40],[39,-19],[25,7]],[[67809,12105],[58,8],[19,16]],[[67886,12129],[60,22],[56,-20],[10,35],[14,2]],[[68026,12168],[0,-1],[0,1]],[[68026,12168],[24,6],[10,21]],[[68060,12195],[1,0],[-1,0]],[[68060,12195],[-15,19],[-31,33],[-33,-4],[-33,33],[0,151],[-6,53],[24,103],[63,87],[-9,15],[-3,23],[21,34]],[[68038,12742],[12,3],[97,-88],[146,-37]],[[68293,12620],[2,0]],[[68295,12620],[6,-34],[93,-23],[69,-10],[48,-45],[38,22],[36,1],[16,3],[28,-111],[24,-11],[44,-19],[1,-45],[54,-10],[32,-27],[29,-133],[9,-11],[127,-92],[128,-27],[69,-24],[160,-23],[77,-20]],[[69383,11981],[-29,-44],[27,-47],[29,-18]],[[69410,11872],[-24,-69],[-35,14],[31,-84],[-49,-56],[-87,-129],[23,-70],[67,-21],[-4,-84],[13,-8],[-3,-12],[-4,-8],[-7,-12],[-38,-94],[-35,-66],[25,-162],[45,-174],[-27,-83],[-3,2],[-21,-54],[-31,36]],[[69246,10738],[0,-3]],[[69246,10735],[23,-85],[42,-19],[7,-58],[89,-14],[-2,-36],[-21,-54],[93,-80]],[[69477,10389],[-105,-141],[-78,-44],[-1,34],[-56,45],[4,-80],[-116,-31],[-15,150],[38,36],[-61,12],[-36,110],[-28,9],[-113,-40],[-22,46],[-209,-9],[-22,-51],[-90,6],[41,-125],[-59,-65],[-66,14],[-24,-66],[-90,-64],[17,-46],[-46,-65],[-56,-19],[-36,39],[-54,43],[-49,-22],[-19,48],[-65,23],[-100,38],[-60,19],[-75,-3],[-86,27],[-33,-35],[-73,44]],[[67636,10717],[6,-44],[64,-5],[35,13],[24,101]],[[67765,10782],[-96,106],[-33,-171]],[[67356,10587],[-2,6],[2,-6]],[[67875,10632],[-1,0],[1,0]],[[67765,10782],[4,0],[-4,0]],[[67945,10943],[-1,-4]],[[67944,10939],[1,4]],[[68637,10807],[26,-26],[16,99],[-72,-17],[4,-53],[26,-3]],[[68500,10437],[-17,81],[-71,7],[-9,58],[-50,-2],[-16,-81],[10,-168],[97,10]],[[68444,10342],[70,54],[-14,41]],[[68442,10340],[0,-2],[0,2]],[[68444,10342],[-2,-2]],[[68442,10340],[2,2]],[[68404,10591],[48,155],[-21,-23],[-70,-85],[43,-47]],[[68335,10735],[-2,0],[2,0]],[[68243,10849],[-5,3],[0,-1],[5,-2]],[[68892,10202],[-62,-19],[-66,77],[-31,-26],[-1,-79],[-51,2],[1,200],[105,50],[40,-41],[62,8],[3,-172]],[[68625,10929],[64,-4],[32,-42],[5,7],[-3,41],[137,96],[3,38],[-118,-66],[-116,-23],[-4,-47]],[[68879,10673],[3,-1],[-3,1]],[[68896,10730],[1,0],[-1,0]],[[69094,10829],[1,1],[-1,-1]],[[69265,10834],[4,-4],[-4,4]],[[68771,11357],[-82,15],[-35,-75],[104,-16]],[[68758,11281],[5,-1],[261,130],[-137,-34],[-99,-45],[-17,26]],[[68661,11436],[-1,1],[-1,0],[2,-1]],[[68778,11560],[38,3],[30,76],[-56,9],[-35,3],[-12,-24],[35,-67]],[[68620,11476],[-12,14],[12,-14]],[[68599,11491],[-18,72],[-15,2],[-13,-4],[-35,-14],[-7,-11],[53,-57],[8,-1],[27,13]],[[68570,11708],[4,0],[-5,0],[1,0]],[[68787,11651],[2,-2],[-2,2]],[[68820,11694],[1,-1],[0,1],[-1,0]],[[68758,11281],[-2,-3],[2,3]],[[68599,11222],[4,-1],[-4,1]],[[68425,11369],[-1,15],[-8,2],[9,-17]],[[68353,10910],[4,2],[-7,0],[3,-2]],[[68006,11169],[1,0],[-8,2],[7,-2]],[[68043,11261],[5,6],[-2,-1],[-3,-5]],[[67584,11091],[1,1],[-1,-1]],[[68032,11327],[2,5],[-2,-5]],[[67968,11194],[1,0],[0,1],[-1,-1]],[[67906,11328],[-1,1],[1,-1]],[[68291,11545],[-1,-2],[2,2],[-1,0]],[[68248,11590],[1,-1],[0,1],[-1,0]],[[68260,11600],[40,4]],[[68300,11604],[76,91],[-10,9],[-3,3],[4,20],[-5,43]],[[68362,11770],[28,-1],[0,9],[20,8],[41,89],[-20,29]],[[68431,11904],[-1,0]],[[68430,11904],[-42,-5],[-41,30],[-12,-8],[-30,25]],[[68305,11946],[43,72]],[[68348,12018],[1,0],[0,1]],[[68349,12019],[-17,45]],[[68332,12064],[-6,21],[0,1],[-49,48],[-39,-9],[-36,35]],[[68202,12160],[-1,2],[-1,0]],[[68200,12162],[-74,-35],[-1,1],[-1,-1]],[[68124,12127],[-36,-15],[-38,23],[7,-22],[22,-52],[-53,-6]],[[68026,12055],[-56,8],[85,-49]],[[68055,12014],[-10,-10],[31,-49],[6,-8],[-6,-39],[-28,6],[31,-38],[-80,-10],[49,-4],[-3,-27],[42,-5],[-15,-49],[37,-39],[36,24],[7,-16],[-17,-27],[0,-1],[33,-34]],[[68168,11688],[0,-3],[1,2]],[[68169,11687],[27,-15]],[[68196,11672],[10,-50],[53,-10],[1,-12]],[[68802,11843],[1,2],[-7,2],[6,-4]],[[68670,11982],[8,4],[19,23],[-7,20],[-24,62],[-65,34],[-11,-42],[80,-101]],[[68612,11990],[-13,20],[13,-20]],[[68537,12137],[-12,2],[0,-1],[12,-1]],[[68592,11879],[5,0],[-4,1],[-1,-1]],[[68103,11561],[1,6],[-2,-5],[1,-1]],[[68052,11582],[2,-1],[-2,1]],[[68072,11603],[0,-2],[1,-1],[-1,3]],[[68053,11766],[1,-1],[-1,2],[0,-1]],[[67940,11908],[0,3],[0,-3]],[[68301,12239],[1,1],[-2,-1],[1,0]],[[68402,12184],[0,1],[-2,1],[2,-2]],[[68454,12281],[1,0],[-1,1],[0,-1]],[[68290,12169],[2,-1],[-2,2],[0,-1]],[[68351,12435],[-1,-5],[1,4],[0,1]],[[68307,10500],[6,2]],[[68313,10502],[-6,-2]],[[67706,11461],[4,0],[-33,72],[29,-72]],[[67665,11569],[-12,89],[-47,23],[-12,-35],[-4,-77],[75,0]],[[68170,10972],[-3,-4],[4,4],[-1,0]],[[69246,10735],[0,3]],[[69410,11872],[69,-5],[132,97],[115,-39],[134,-161],[6,7],[42,109],[81,0],[58,-6],[58,-28],[14,21],[43,33],[51,-14],[33,42],[45,30],[129,136],[12,4],[7,117],[30,-7],[62,-10],[67,-22],[12,4],[24,25],[18,18],[27,-95]],[[70679,12128],[3,-1]],[[70682,12127],[1,-1]],[[70683,12126],[1,-1]],[[70684,12125],[0,-1]],[[70684,12124],[2,-3]],[[70686,12121],[7,-19]],[[70693,12102],[-62,-48],[-39,-63],[-3,-40],[97,14],[-10,-33],[31,-2],[6,39],[131,-9],[-30,20],[2,120]],[[70816,12100],[6,0],[81,-18],[69,-100],[5,-78],[55,-69],[9,-140]],[[71041,11695],[-40,-72],[-10,-71],[47,-70],[4,-54],[1,-86]],[[71043,11342],[-13,3],[-2,-58],[-111,-126],[144,-24]],[[71061,11137],[2,-59],[-79,-104],[-26,5],[-98,-86],[-14,-16],[11,-41],[-1,-4],[19,-77],[0,-1]],[[70875,10754],[0,-1]],[[70875,10753],[-27,-107],[-5,-13],[-33,-61]],[[70810,10572],[-237,92],[-96,13],[-110,4],[-47,-2],[-102,-13],[-27,-13],[-136,-13],[-144,8],[-21,-35],[-73,-5],[-20,-9],[-11,-3],[-81,-28],[-161,-74],[-67,-105]],[[69710,11186],[1,-2],[1,2],[-2,0]],[[70184,10911],[0,1],[0,-1]],[[70219,11220],[1,0],[0,1],[-1,-1]],[[70499,10853],[0,3],[0,-3]],[[70627,11000],[-4,-12],[2,3],[2,9]],[[70757,10962],[1,0],[0,2],[-1,-2]],[[70899,11131],[-2,-1],[2,1]],[[70739,11135],[-5,-16]],[[70734,11119],[5,16]],[[70705,11159],[0,-1],[0,1]],[[70675,11100],[0,-1],[0,1]],[[70675,11096],[1,0],[-1,0]],[[70625,11139],[0,1],[-1,0],[1,-1]],[[70554,11196],[0,2]],[[70554,11198],[0,-2]],[[70392,11271],[-7,6],[-11,-27],[18,21]],[[70637,11232],[2,1],[0,1],[-2,-2]],[[70137,11396],[1,-2],[-1,3],[0,-1]],[[70119,11504],[-1,-2],[1,2]],[[70360,11794],[1,0]],[[70361,11794],[-1,0]],[[70293,11873],[1,1]],[[70294,11874],[-1,-1]],[[70289,11396],[1,1],[-1,0],[0,-1]],[[70478,11646],[-1,0],[1,0]],[[70516,11830],[1,0]],[[70517,11830],[-1,0]],[[70953,11392],[36,-70],[35,24],[-14,40],[-57,6]],[[70894,11453],[3,1],[0,1],[-3,-2]],[[70844,11642],[21,-4],[-21,7],[0,-3]],[[70715,11791],[0,1]],[[70715,11792],[0,-1]],[[70309,11208],[1,0]],[[70310,11208],[-1,0]],[[71061,11137],[37,22],[7,23],[-46,135],[-16,25]],[[71041,11695],[62,29],[48,93],[53,-44],[40,-12],[72,-41],[27,18],[68,-31],[50,9],[26,13],[10,107],[183,-98],[1,17],[66,51],[95,49]],[[71842,11855],[-75,-300],[56,-154],[-50,-62],[33,31],[40,-42],[-22,-108],[110,-24],[10,20],[-25,127],[-79,122],[37,64],[-22,168],[122,166]],[[71977,11863],[38,-27],[53,66],[61,12]],[[72129,11914],[108,18],[-8,-27],[11,-47],[58,-98],[85,-1],[67,-48],[87,-167],[7,53],[29,-23],[14,26],[1,2],[38,50],[48,-52],[25,8],[16,-15],[29,-19],[39,46],[18,3],[27,-1],[53,-5],[7,3],[27,-6],[33,34],[-3,23],[-33,38],[32,3],[28,-27],[15,-15],[64,13],[10,27],[19,37],[24,-5],[38,-19],[10,-5],[47,-18],[152,-115],[185,-70],[84,-91],[6,-74],[17,-26],[14,1],[-5,-16],[27,-40]],[[73679,11269],[-4,-9],[-11,-11],[-12,-5],[-46,0],[-130,-171],[-76,-27],[-54,-68],[41,-57],[-14,-71],[-97,-43],[-13,-78],[-24,-79],[-37,-81],[31,-47],[-73,-105]],[[73160,10417],[-126,16],[-73,-133],[-45,-22],[-96,-70],[-177,-11],[-72,16],[-25,60],[-107,3],[0,61],[-76,-48],[-136,-2],[-161,-91],[-74,153],[-54,6],[-25,-40],[-106,7],[3,-33],[-51,-13],[-137,40],[27,78],[19,39],[-102,20],[-40,-136],[-46,-32],[20,69],[-26,34],[-44,-33],[-26,-45],[23,-30],[-118,4],[-96,-37],[-25,-23],[-50,-23],[-182,271],[-146,100]],[[70875,10753],[1,0],[-1,1]],[[71184,10983],[-10,-19],[116,7],[-3,13],[-103,-1]],[[71327,10432],[1,-2],[-1,2]],[[71297,10898],[-44,9],[0,-94],[71,-10],[0,72],[-27,23]],[[71480,10737],[0,-1],[1,-2],[-1,3]],[[71388,11162],[1,-1],[0,2],[-1,-1]],[[71955,10476],[-1,-1],[1,1]],[[71978,10459],[0,-2],[1,2],[-1,0]],[[72081,10920],[-1,0],[1,0]],[[72073,11197],[0,-1],[3,2],[-3,-1]],[[72232,11121],[2,0],[-2,0]],[[72213,10730],[1,-1],[-1,1]],[[72469,10970],[3,-1]],[[72472,10969],[-3,1]],[[72469,10962],[0,-1]],[[72469,10961],[0,1]],[[72329,11178],[-1,-2],[1,2]],[[72419,11070],[4,-1],[1,1],[-5,0]],[[72424,11049],[1,-1]],[[72425,11048],[-1,1]],[[72608,11053],[0,-1]],[[72608,11052],[0,1]],[[72824,10977],[2,3],[-2,-3]],[[72777,10855],[-1,0],[1,-1],[0,1]],[[72960,11177],[1,-2],[1,0],[-2,2]],[[73187,11334],[2,0],[-2,0]],[[72985,11628],[2,-2],[-1,1],[-1,1]],[[72994,11602],[1,-1]],[[72995,11601],[-1,1]],[[73064,11485],[-5,1],[5,-1]],[[73926,9515],[46,-151],[-37,-12],[11,-27],[-96,-10],[-95,182],[10,44],[9,79],[44,13],[22,-32],[82,32],[-11,40],[-203,145],[-144,7],[-32,-171],[-47,-2],[-39,-51],[-31,-233],[-54,-38],[-55,69],[77,21],[-28,185],[85,76],[-86,118],[19,124],[-117,186],[51,85],[-92,70],[-9,108],[-46,45]],[[73679,11269],[1,2]],[[73680,11271],[0,-1],[0,1]],[[73680,11271],[214,-199],[38,-101],[69,-141],[34,40],[71,58],[29,-32],[40,35],[-31,38],[19,15],[-31,112],[-35,9],[-62,288]],[[74035,11393],[44,8],[102,-26],[42,-55],[47,71],[70,15],[23,104],[105,78],[0,24],[7,9],[-50,60],[-1,119],[-43,59]],[[74381,11859],[182,288]],[[74563,12147],[125,121],[103,-69]],[[74791,12199],[1,-3]],[[74792,12196],[214,-88]],[[75006,12108],[0,-1]],[[75006,12107],[63,-34],[43,-27],[42,18]],[[75154,12064],[-3,-57],[0,-15],[8,-97],[19,-81],[-7,-39],[6,-70],[-80,29],[-58,-78],[-45,58],[-275,-98],[247,39],[210,-43],[2,-69],[-55,-106],[-30,-66],[-38,-55],[14,-101],[-72,-193],[-1,-37],[9,-32],[20,-70],[-19,-50],[-25,-48],[-25,-46],[-5,-12],[-3,-5],[-23,-92],[-3,-80],[-16,-102],[-12,-24],[-35,-179],[-4,-31],[-15,-62],[-75,24],[-9,-45],[-13,-69],[88,9],[27,-68],[10,-17],[54,-148],[-52,-129],[58,-58],[40,17],[36,105],[2,241],[52,-49],[-6,-144],[46,-60],[-31,-129],[25,-109],[124,-250],[68,-30],[91,84],[131,-129],[209,-37],[140,-223],[-35,-146],[-77,-75],[-163,-42],[-342,111],[-389,40],[-8,33],[94,48],[36,72],[-48,172],[-190,158],[-86,32],[-132,48],[-120,-9],[-17,-127],[-12,-36],[-141,19],[-6,137],[-172,-1],[-29,134],[-92,9]],[[74154,9954],[2,2],[-2,-2]],[[73965,9854],[-3,0]],[[73962,9854],[3,0]],[[74644,9883],[3,2],[-2,35],[86,42],[4,59],[-172,4],[-16,-71],[97,-71]],[[74757,10223],[1,0],[-2,0],[-1,0],[2,0]],[[74419,10348],[1,2],[-1,-1],[0,-1]],[[74715,10533],[-1,-1],[1,0],[1,3],[-1,-2]],[[74553,10855],[1,1],[-3,3],[2,-4]],[[74877,10828],[4,3],[0,1],[-4,-4]],[[74710,11021],[-1,0],[1,0]],[[74642,10916],[-1,-1],[1,1]],[[74952,10853],[3,-2],[0,1],[-3,1]],[[74960,10979],[-1,-2],[1,2]],[[74960,10979],[0,2],[0,-2]],[[74912,10995],[-1,1],[0,-1],[1,0]],[[75072,11932],[0,5],[0,-4],[0,-1]],[[74268,10520],[1,1],[-1,0],[0,-1]],[[74618,11277],[15,4]],[[74633,11281],[-15,-4]],[[72129,11914],[-29,30],[-25,-28],[-22,45]],[[72053,11961],[141,91],[29,73],[210,162],[18,77],[8,11],[-3,20],[24,76],[-3,8],[-7,52],[4,7],[4,31],[23,32],[-1,50],[113,-23],[62,-18],[5,-2]],[[72680,12608],[5,-9],[53,-27],[5,-31],[34,14]],[[72777,12555],[3,0],[27,6]],[[72807,12561],[25,2]],[[72832,12563],[47,-4],[16,17],[10,22],[15,12],[8,16]],[[72928,12626],[107,18],[92,-46],[11,1],[56,54],[58,-19],[14,7],[2,16],[-6,46],[58,45],[158,-53],[27,19],[29,66],[3,1],[23,-23],[63,10],[5,0],[30,2],[25,5],[44,-2]],[[73727,12773],[1,0]],[[73728,12773],[23,-3],[23,0],[14,-8],[26,-109],[13,-29],[55,-179],[-12,-77],[136,-534]],[[74006,11834],[26,25],[101,51],[40,16]],[[74173,11926],[102,-19],[106,-48]],[[74035,11393],[-216,-95],[-49,14],[-90,-41]],[[72683,11717],[0,-1],[5,-1],[-5,2]],[[72643,11665],[0,-1],[1,1],[-1,0]],[[72753,11713],[-1,0],[2,0],[-1,0]],[[72683,11729],[1,1],[-1,-1]],[[72733,11787],[0,1],[0,-1]],[[73306,11817],[0,3],[0,-3]],[[73462,12113],[4,-2]],[[73466,12111],[-4,2]],[[72829,11886],[-1,0],[2,0],[-1,0]],[[72467,12035],[0,-1],[0,1]],[[72632,11910],[0,-1],[1,0],[-1,1]],[[72742,11932],[0,1],[0,-1]],[[72746,12074],[2,0],[-2,0]],[[73066,12206],[2,1],[-1,1],[-1,-2]],[[72764,12020],[-2,3],[2,-3]],[[72832,12563],[-1,-2],[1,2]],[[73879,11976],[0,1]],[[73879,11977],[0,-1]],[[72417,12160],[-2,-3],[3,3],[-1,0]],[[73546,12357],[2,-5],[-2,5]],[[72234,12377],[-41,33],[-21,64],[-47,49],[-99,-10],[0,50],[52,49],[-6,31],[-63,-17],[-25,-14]],[[71984,12612],[-8,3],[-10,53]],[[71966,12668],[0,1]],[[71966,12669],[-3,38],[-107,124],[21,48],[75,69]],[[71952,12948],[158,-32],[104,-55],[47,29],[71,38],[67,50],[26,-41],[61,-37],[38,-21],[70,-22],[54,18],[25,1],[38,17],[37,35],[108,128],[144,34],[142,-79],[77,3],[37,2],[24,65],[11,27],[43,-15],[44,68],[69,51],[107,88],[8,10],[74,76],[47,-29],[-26,36],[101,-100],[81,-171],[47,-84],[78,-67],[63,-13],[89,-7],[108,6],[43,22],[21,-25],[9,-10],[81,33],[58,41],[57,-58],[115,-92],[25,-36],[59,-7],[91,-50],[167,5],[-48,33],[59,0],[75,-88],[216,-105],[74,-153],[-36,-62],[28,10],[-25,-57],[19,-98],[-101,-76],[-60,-49],[3,-71]],[[75006,12107],[0,1]],[[74792,12196],[0,2],[-1,1]],[[74563,12147],[-13,86],[-69,74],[124,163],[19,97],[-67,3],[7,34],[-122,18],[-37,-210],[23,146],[-45,-17],[23,-28],[-25,-94],[-12,268],[-7,4],[-28,11],[-12,-56],[-26,12],[17,51],[-6,97],[-18,-1],[-10,-2],[-14,-161],[-77,-217],[5,72],[-35,-66],[-19,-397],[45,-54],[-11,-54]],[[73728,12773],[0,3],[-1,-3]],[[72928,12626],[14,61],[-93,16],[-16,18],[-50,-1],[0,-4],[143,-53],[4,-15],[-20,-14],[11,-14],[-5,-12],[-10,1],[-5,19],[-24,3],[-14,35],[-3,-30],[-32,37],[1,-33],[-81,17],[71,-65],[-12,-31]],[[72777,12555],[-64,77],[31,23],[-72,21],[8,-68]],[[72053,11961],[-36,33],[13,68]],[[72030,12062],[-1,0]],[[72029,12062],[30,48],[2,16],[-14,52],[4,47]],[[72051,12225],[183,152]],[[72218,12527],[-3,1],[3,-1]],[[72467,12659],[-14,-11],[14,1],[0,10]],[[72779,12703],[-22,-7],[30,2],[-8,5]],[[73371,12878],[67,-28],[-22,44],[-45,-16]],[[73286,12816],[0,3],[-1,0],[1,-1],[0,-2]],[[73314,13009],[0,1],[0,-1]],[[73704,12882],[1,0],[-1,3],[0,-3]],[[73733,13021],[-1,-3],[1,3]],[[73656,13106],[1,1],[-1,0],[0,-1]],[[73668,13201],[4,6],[-5,-6],[1,0]],[[73851,12886],[-46,-109],[63,-13],[-5,-210],[122,-409],[22,49],[19,95],[-37,125],[-44,147],[8,102],[24,123],[3,50],[-35,26]],[[73945,12862],[-94,24]],[[73945,12862],[1,0],[-1,0]],[[69452,12035],[-2,35]],[[69450,12070],[-14,103]],[[69436,12173],[0,1]],[[69436,12174],[29,40],[21,0],[21,14],[181,186],[24,24],[28,33],[86,96],[7,39],[4,124],[17,26],[17,84],[9,9],[50,70],[8,4],[24,42],[44,20]],[[70006,12985],[16,-24],[11,-14],[15,-21],[28,-22],[20,2],[27,13],[60,-21],[44,-55],[56,8],[21,51],[23,-84]],[[70327,12818],[-54,-38],[12,-17],[-10,-38],[-4,-10],[-1,-24],[16,-4],[33,-10],[1,-23],[22,-12],[-3,-76],[3,-3],[28,-2],[14,-2],[17,0]],[[70401,12559],[9,-1],[26,30]],[[70436,12588],[0,-1]],[[70436,12587],[4,-38],[4,-2],[12,-13],[11,-7],[41,59],[2,16],[44,-27],[11,33],[9,19],[-21,19],[1,35],[-11,61],[8,16],[-13,41]],[[70538,12799],[16,48]],[[70554,12847],[17,-7],[52,-2],[7,-47],[21,-29],[34,-56],[10,-16],[51,-16],[16,28],[82,35],[25,-14],[38,-16],[63,16],[42,37],[57,39],[38,57],[50,-2],[65,14],[77,-1],[75,29],[48,31],[44,43],[78,48],[32,-2],[59,-22],[15,-5],[77,-24],[68,-10],[85,22],[72,-29]],[[71966,12669],[0,-1]],[[71984,12612],[-54,-26],[74,-74],[-20,-55],[-15,-30],[60,-118],[-9,-52],[31,-32]],[[72029,12062],[1,0]],[[71977,11863],[-43,27],[-92,-35]],[[70816,12100],[-38,-5]],[[70778,12095],[-63,-4],[-22,11]],[[70686,12121],[-2,3]],[[70684,12125],[-1,1]],[[70682,12127],[-3,1]],[[69383,11981],[8,22]],[[69391,12003],[61,32]],[[69771,12111],[1,2],[-1,-2]],[[70337,12485],[1,1],[-3,1],[2,-2]],[[70578,12488],[1,0],[1,0],[-2,0]],[[70577,12466],[0,-1],[0,1]],[[70778,12095],[1,5],[-1,-5]],[[71164,12260],[1,-1],[-1,1]],[[71531,11933],[0,1],[0,-1]],[[71326,12519],[2,0]],[[71328,12519],[-2,0]],[[71581,12604],[1,12],[-42,-6],[2,-4],[9,-34],[30,32]],[[71569,12665],[1,8],[-14,55],[-14,0],[-16,-39],[-2,-21],[5,-20],[40,17]],[[71801,12668],[2,-1],[-1,1],[-1,0]],[[71862,12762],[4,1],[-4,-1]],[[71702,12737],[2,1],[-1,0],[-1,-1]],[[71521,12851],[0,-1]],[[71521,12850],[0,1]],[[71536,12772],[-1,0],[1,-1],[0,1]],[[71548,12550],[4,0],[0,1],[-4,-1]],[[71351,12675],[-3,2],[0,-1],[3,-1]],[[71403,12783],[0,1],[-1,-1],[1,0]],[[71161,12752],[1,6],[-1,-6]],[[71088,12635],[1,2],[-1,-2]],[[71096,12661],[1,3],[-1,-1],[0,-2]],[[71213,12610],[2,1],[-1,-1],[-1,0]],[[71291,12667],[0,-1],[2,1],[-2,0]],[[70985,12606],[1,0],[-1,1],[0,-1]],[[70831,12604],[-8,0],[8,0]],[[70604,12701],[1,1],[-1,-1]],[[70584,12716],[-3,3],[-2,2],[5,-5]],[[70292,12569],[-1,0],[1,-1],[0,1]],[[70292,12561],[-2,1],[0,-1],[2,0]],[[70261,12494],[4,-2],[-4,2]],[[69873,12411],[2,-2],[0,1],[-2,1]],[[68295,12620],[2,0],[-4,0]],[[68038,12742],[-23,22],[-8,51],[-22,58]],[[67985,12873],[34,41],[89,144]],[[68108,13058],[55,69],[24,61],[10,19],[-9,50]],[[68188,13257],[-29,60],[34,30],[23,14]],[[68216,13361],[81,67],[21,14],[5,23],[-30,20],[64,80]],[[68357,13565],[0,2]],[[68357,13567],[71,39],[21,20],[14,2],[24,2],[19,-9],[14,-43],[36,-27],[1,-2],[57,-29],[2,1],[85,-5],[41,-1],[21,7],[6,-1],[30,38],[65,4],[34,26]],[[68898,13589],[85,12],[27,-71],[9,-9],[54,-45],[29,-7],[32,-2],[70,-121],[53,-39]],[[69257,13307],[-42,-5],[-21,14],[-5,-8],[-3,-25],[-37,22],[-9,-33],[13,-20]],[[69153,13252],[-9,-21]],[[69144,13231],[-1,1],[0,-1]],[[69143,13231],[-4,-49],[2,-16],[29,19],[26,-15]],[[69196,13170],[-21,-49],[35,-4],[1,-8],[15,-7],[2,-35],[6,-1]],[[69234,13066],[4,-1],[48,25],[2,5],[25,0],[20,11]],[[69333,13106],[2,-1]],[[69335,13105],[18,30],[4,5],[24,12],[65,122]],[[69446,13274],[22,24],[-15,-102],[33,-24],[-7,110],[114,-100],[51,10],[97,21],[73,-26],[36,-25],[47,-53],[15,-26],[54,-79],[5,-4],[35,-15]],[[69436,12174],[-7,0],[7,-1]],[[69450,12070],[-88,32],[-77,117],[-30,-59],[-14,-35],[150,-122]],[[68622,12625],[1,3],[0,1],[-1,-4]],[[68471,12573],[-10,3],[10,-3]],[[69260,12512],[2,0],[-2,0]],[[69024,12970],[-3,1],[3,-1]],[[68758,12843],[3,1],[-3,-1]],[[68790,12905],[-3,3],[0,-1],[3,-2]],[[68681,12947],[-3,2],[3,-2]],[[68766,13058],[1,1],[-1,0],[0,-1]],[[68614,12779],[-1,-1],[1,2],[0,-1]],[[68559,12829],[-1,3],[0,-1],[1,-2]],[[68637,13056],[2,-1],[-2,1]],[[68695,13132],[-1,1]],[[68694,13133],[1,-1]],[[68248,13102],[1,0],[-1,0]],[[68360,13018],[1,4],[-1,-4]],[[68565,13375],[19,-23],[69,-17],[10,31],[-38,54],[-21,-24],[-37,20],[-2,-41]],[[69113,13169],[1,-1],[0,1],[-1,0]],[[69374,12921],[5,-1],[-5,2],[0,-1]],[[69294,13074],[1,0]],[[69295,13074],[-1,0]],[[69791,12788],[2,-1],[0,1],[-2,0]],[[69456,13050],[24,14],[-1,4],[-16,94],[-39,-38],[-16,-44],[-13,-30],[28,6],[18,35],[15,-41]],[[69179,12304],[24,-72],[7,72],[-31,0]],[[67614,13999],[-86,25],[10,25],[1,7],[43,34]],[[67582,14090],[4,1],[0,1]],[[67586,14092],[9,11],[37,43],[-3,21],[35,4],[7,5]],[[67671,14176],[1,0],[50,10],[7,1],[38,5],[25,5],[15,-6],[43,1],[10,-4],[74,29],[18,4],[20,24]],[[67972,14245],[27,19],[40,68],[58,-4],[44,13],[6,4],[62,2],[21,11],[63,13],[9,15]],[[68302,14386],[32,21]],[[68334,14407],[23,1],[43,13],[4,2],[34,10],[14,7],[16,10]],[[68468,14450],[0,1]],[[68468,14451],[1,1],[20,16]],[[68489,14468],[1,0]],[[68490,14468],[43,-14],[-1,-8],[44,-27]],[[68576,14419],[-5,-24],[2,-1],[20,-4],[22,17]],[[68615,14407],[-3,21]],[[68612,14428],[6,6],[19,15],[1,1]],[[68638,14450],[13,-4],[28,-1],[6,21]],[[68685,14466],[36,-6],[44,-11],[6,0],[77,-17],[1,0]],[[68849,14432],[0,-5],[0,5]],[[68849,14432],[110,8]],[[68959,14440],[7,0],[56,45],[-26,-161],[-8,-45],[-3,-87],[19,-268],[-72,-6],[-23,-24],[43,-59],[-40,-125],[8,-46],[-22,-75]],[[68357,13567],[-33,18],[-38,35],[-22,43],[-5,-1],[-2,2]],[[68257,13664],[-1,0]],[[68256,13664],[-9,2],[-80,60],[-1,2],[-52,56],[-20,22],[0,1]],[[68094,13807],[1,2],[-2,-2]],[[68093,13807],[-10,3],[-60,28],[-11,7],[-3,4],[-33,36],[-25,21],[-19,4],[-3,-1],[-69,13],[-18,8],[-37,5],[-32,7],[-29,2],[-5,3],[-22,15],[-50,8],[-30,11],[-23,18]],[[67810,14004],[0,1],[0,-1]],[[67931,13980],[0,-1],[0,1]],[[67927,13960],[-1,1],[1,0],[0,-1]],[[67947,14009],[0,-2],[1,2],[-1,0]],[[67948,14004],[-1,0],[1,-1],[0,1]],[[67908,14031],[14,-5],[-14,5]],[[67828,14056],[1,2],[-1,0],[0,-2]],[[67734,14055],[1,-2],[0,2],[-1,0]],[[67769,14114],[17,-3],[2,8],[-7,1],[-12,-6]],[[67821,14091],[37,-4],[35,-4],[5,2],[-27,16],[-36,12],[-12,2],[-2,-24]],[[68113,13854],[5,-3],[1,0],[-6,3]],[[68037,13978],[0,-1],[0,1]],[[68340,13699],[0,-1]],[[68340,13698],[0,1]],[[68161,13854],[0,-1]],[[68161,13853],[0,1]],[[68248,13833],[-1,-2],[1,2]],[[68246,13825],[-1,-2],[0,-1],[1,3]],[[68525,13671],[0,-1],[1,0],[-1,1]],[[68634,13560],[0,-1],[6,-1],[-6,2]],[[68692,13627],[-15,0],[-25,-21],[40,21]],[[68698,13648],[52,-1],[4,31],[-56,-30]],[[68489,13776],[-2,-1],[2,0],[0,1]],[[68609,13764],[0,2],[0,-2]],[[68558,13811],[2,-1],[-3,1],[1,0]],[[68450,13843],[5,-1],[-4,1],[-1,0]],[[68334,13897],[1,-1]],[[68335,13896],[-1,1]],[[68488,13866],[1,-1],[1,1],[-2,0]],[[68648,13836],[6,-3]],[[68654,13833],[-6,3]],[[68610,13863],[0,1]],[[68610,13864],[0,-1]],[[68649,13918],[1,0],[-1,0]],[[68418,13932],[0,3],[0,-3]],[[68577,13928],[1,-1]],[[68578,13927],[0,3],[-1,-2]],[[68676,13940],[86,0],[25,48],[-51,30],[-6,6],[-50,-10],[0,-5],[-4,-69]],[[68545,13981],[40,13],[-9,8],[-29,-13],[-2,-8]],[[68536,13992],[0,1],[-2,0],[2,-1]],[[68404,14044],[1,1],[-1,-1]],[[68266,13912],[1,0],[-1,0]],[[68200,14042],[0,1]],[[68200,14043],[0,-1]],[[68198,14045],[2,-1]],[[68200,14044],[-2,1]],[[68222,14086],[6,9],[-3,2],[-3,-11]],[[68191,14119],[0,1],[0,-1]],[[68235,14202],[1,0]],[[68236,14202],[-1,0]],[[68069,14220],[1,0],[-1,3],[0,-3]],[[68001,14209],[0,1],[-1,0],[1,-1]],[[68058,14248],[0,1],[-1,0],[1,-1]],[[68143,14329],[1,-5]],[[68144,14324],[-1,5]],[[67703,14119],[3,0],[-2,5],[-1,-5]],[[67727,14154],[1,-2],[-1,2]],[[68429,14387],[0,2],[-1,0],[1,-2]],[[68416,14407],[-1,0],[1,0]],[[68437,14413],[1,0],[0,1],[-1,-1]],[[68352,14288],[-1,-1],[1,0],[0,1]],[[68215,14334],[0,1],[-1,0],[1,-1]],[[68492,14171],[0,-1],[0,1]],[[68478,14150],[-25,20],[30,-27],[-5,7]],[[68432,14196],[-7,2],[7,-2]],[[68378,14200],[18,5],[9,54],[-4,10],[-39,-5],[-15,-14],[-2,-25],[0,-1],[33,-24]],[[68699,14183],[3,0],[-3,1],[0,-1]],[[68500,14210],[-1,-4],[1,-1],[0,5]],[[68546,14204],[-1,-3],[1,2],[0,1]],[[68628,14197],[0,-2],[5,0],[-5,2]],[[68601,14232],[4,2],[-4,-1],[0,-1]],[[68637,14282],[1,0],[-1,1],[0,-1]],[[68597,14303],[2,1],[-2,-1]],[[68761,14311],[1,0],[2,1],[-3,-1]],[[68615,14407],[1,1],[-1,-1]],[[68734,14388],[3,-1],[-5,2],[2,-1]],[[68847,14416],[-1,-1],[1,1]],[[68746,14409],[0,1],[0,-1]],[[68679,14437],[5,-1],[-5,1]],[[67506,13142],[-38,10],[4,30],[35,-29],[-5,84],[1,47],[-14,22],[-25,-75],[-8,58],[-24,24],[-35,-40],[21,-60],[-20,43],[-33,-24],[29,85],[1,6],[-53,-86]],[[67342,13237],[-3,4]],[[67339,13241],[7,120],[-36,60],[-48,58],[-48,0]],[[67214,13479],[1,6],[0,2],[-10,65],[-23,13],[8,8],[-20,33],[21,40],[-3,27],[-8,41],[28,-1],[-10,27],[11,4],[3,22],[1,0],[-5,97],[21,22],[36,5]],[[67265,13890],[5,6],[1,34],[0,2]],[[67271,13932],[48,17],[-3,25],[-8,5],[-30,2],[-48,-4],[-22,4],[-18,4],[-56,1],[-27,3],[-2,-2],[-29,-11],[-20,17],[-8,3],[30,53],[20,-3]],[[67098,14046],[0,-3],[1,4]],[[67099,14047],[6,17],[-25,4],[11,50],[20,11],[-8,43],[-6,2],[3,16],[8,27],[-17,28]],[[67091,14245],[-11,24],[39,14],[-17,24],[72,-35],[19,-8],[13,-4],[-3,5],[58,37],[8,-27],[79,21],[-21,-80],[-11,-16],[42,-8],[3,65],[60,5],[-4,-33],[36,-9],[5,47],[-18,31],[-47,43],[20,66],[-33,2],[-18,-18],[14,-26],[-53,-2],[-49,83],[-31,-32],[-25,21],[-9,-53],[-33,17],[19,-27],[-48,61],[-44,6]],[[67103,14439],[30,42],[51,33],[1,1]],[[67185,14515],[13,-8],[74,-28],[29,28],[14,8],[3,10],[56,37]],[[67374,14562],[28,-10],[46,2],[8,2],[31,40],[42,-18],[1,-13],[14,-2],[5,1]],[[67549,14564],[44,30],[12,-2],[8,-25]],[[67613,14567],[4,-71],[7,-14]],[[67624,14482],[-10,-73],[-9,-8]],[[67605,14401],[-2,0],[2,0]],[[67605,14401],[5,-59],[-6,-42],[18,-60]],[[67622,14240],[14,-28],[29,4],[5,-39]],[[67670,14177],[1,-1]],[[67586,14092],[-4,-2]],[[68093,13807],[1,0]],[[68256,13664],[0,-3],[1,3]],[[68357,13567],[0,-2]],[[68216,13361],[-21,30],[-39,61],[-58,23],[-24,-2],[13,-86],[-68,-35],[-26,42],[22,-68],[88,26],[-38,-63],[21,-11],[47,-6],[55,-15]],[[68108,13058],[-36,36],[-64,39],[-9,-47],[-18,16],[-98,-14],[0,-10],[-14,-35],[-19,27],[-22,-5],[-28,50],[-28,-9],[11,50],[-37,-47],[-21,77],[-13,43],[-40,22],[-9,-118],[-5,124],[-2,14],[-21,16],[-18,-32],[1,-55],[-6,-81],[-14,74]],[[67598,13193],[-34,74],[-25,-10],[-10,-19],[6,-119],[-29,23]],[[67427,13179],[27,-7],[-32,-25],[5,32]],[[67402,13343],[1,0],[-1,1],[0,-1]],[[67491,13374],[6,-61],[82,-13],[-12,38],[-14,24],[-56,34],[-6,-22]],[[67353,13547],[1,0],[-1,0]],[[67526,13525],[0,-1],[1,0],[-1,1]],[[67638,13387],[0,3],[0,-3]],[[67793,13390],[0,-1],[0,1]],[[67874,13118],[0,-1],[1,0],[-1,1]],[[68074,13224],[1,0]],[[68075,13224],[-1,0]],[[68107,13203],[0,-1]],[[68107,13202],[0,1]],[[68153,13705],[2,-2],[-2,2]],[[68205,13635],[2,3],[-1,1],[-1,-4]],[[68168,13631],[1,1],[0,2],[-1,-3]],[[67931,13703],[0,1]],[[67931,13704],[0,-1]],[[68012,13765],[5,-2],[5,-1],[-10,3]],[[67918,13857],[-1,1]],[[67917,13858],[1,-1]],[[67911,13710],[-3,2],[0,-1],[3,-1]],[[67835,13767],[0,2],[-5,-1],[5,-1]],[[67836,13885],[-1,-4],[1,4]],[[67453,13563],[-1,-3],[1,3]],[[67659,13788],[1,0],[1,3],[-2,-3]],[[67770,13821],[0,-1],[2,0],[-2,1]],[[67387,13556],[0,1]],[[67387,13557],[0,-1]],[[67453,13804],[6,0]],[[67459,13804],[-6,0]],[[67476,13849],[1,0]],[[67477,13849],[12,-4],[16,39]],[[67505,13884],[37,-5],[4,40],[22,23],[0,36],[-1,13],[-36,-6]],[[67531,13985],[-9,37],[-35,-15],[-14,-13],[-20,-13],[-22,-10]],[[67431,13971],[-4,0],[-54,12],[-5,0],[8,-35],[-21,-26],[-22,-27],[4,-41],[24,-5],[35,-9],[13,48]],[[67409,13888],[1,0]],[[67410,13888],[7,1],[27,-28],[33,23],[-1,-35]],[[67244,13490],[1,1],[-1,-1]],[[67372,13739],[0,1],[0,-1]],[[67375,13803],[1,0],[-1,0]],[[67264,14057],[2,0],[-2,2],[0,-2]],[[67339,14048],[2,-1],[0,1],[-2,0]],[[67448,14039],[1,0],[-1,0]],[[67402,14064],[1,2],[-2,-1],[1,-1]],[[67448,14097],[0,-1],[0,1]],[[67137,14207],[2,-1],[-2,1]],[[67197,14204],[0,1],[0,-1]],[[67225,14210],[2,0]],[[67227,14210],[-2,0]],[[67517,14057],[0,3],[0,1],[0,-4]],[[67301,14468],[0,-1],[2,1],[-2,0]],[[67446,14497],[0,-1]],[[67446,14496],[0,1]],[[67448,14472],[-1,-1]],[[67447,14471],[1,1]],[[67656,13892],[-3,0],[3,0]],[[66191,13446],[1,1]],[[66192,13447],[8,27],[1,28],[-1,4],[-9,43],[50,67],[38,55],[37,-2],[27,29],[2,40],[20,71],[3,1],[15,7],[13,8],[16,22],[-5,11],[-14,17],[-28,74],[-45,17],[-7,0],[-71,38],[-6,-42],[-98,6],[-41,-40]],[[66097,13928],[-35,-1]],[[66062,13927],[9,76],[-71,140],[34,48]],[[66034,14191],[-8,34]],[[66026,14225],[47,58]],[[66073,14283],[139,19],[75,36],[16,5],[12,1]],[[66315,14344],[6,-161],[-25,-19],[25,-46],[65,17],[102,16],[54,-3],[27,6],[0,97],[-28,8],[50,4],[7,2],[-7,37],[-66,55],[106,13],[30,-12],[-17,-18],[40,4],[22,-75],[-37,-13],[12,-4],[11,0],[56,-4],[19,17],[6,-53],[23,6],[-9,-38],[4,-66],[7,9],[7,36],[26,107],[57,-37],[50,-30],[23,-12],[26,45],[-7,-42],[53,-26],[0,8],[-3,34],[-17,55],[48,-16],[30,0]],[[67099,14047],[-1,-1]],[[67271,13932],[-1,0],[1,0]],[[67214,13479],[125,-238]],[[67342,13237],[6,-39],[4,-63],[110,-263],[62,-180]],[[66690,12953],[0,1]],[[66409,13344],[-3,4]],[[66512,13651],[-1,-4],[1,4]],[[66531,13644],[7,-4],[1,0],[-8,4]],[[66510,13300],[0,1]],[[66510,13301],[0,-1]],[[66510,13301],[1,1],[-1,-1]],[[66490,13356],[0,3]],[[66490,13359],[0,-3]],[[66707,13160],[1,3]],[[66708,13163],[-1,-3]],[[66886,13055],[0,-1],[0,1]],[[66969,13190],[0,-2],[0,2]],[[67032,13235],[10,-39],[85,-24],[-10,40],[-13,53],[-7,55],[-20,28],[8,-70],[-23,-24],[-24,49],[-22,-23],[16,-45]],[[67116,13521],[40,-27],[3,40],[-33,1],[-18,1],[8,-15]],[[67083,13529],[12,8],[-9,4],[-3,-12]],[[67013,13525],[39,-5],[-34,16],[-5,-11]],[[67006,13574],[6,-3],[-2,2],[-4,1]],[[66921,13529],[0,2],[-1,-2],[1,0]],[[67160,13545],[1,1],[0,1],[-1,-2]],[[66974,13332],[1,0]],[[66975,13332],[-1,0]],[[66975,13355],[1,0],[-1,0]],[[66802,13340],[-2,0]],[[66800,13340],[2,0]],[[66906,13358],[0,1],[0,-1]],[[67038,13351],[1,0],[1,3],[-2,-3]],[[66676,13395],[-1,0],[1,0]],[[66688,13496],[-1,0],[1,0]],[[66685,13596],[1,-1],[0,2],[-1,-1]],[[66696,13689],[7,-2],[-1,1],[-6,1]],[[66856,13617],[-1,-1],[1,0],[0,1]],[[66777,13746],[3,-1]],[[66780,13745],[-3,1]],[[66832,13825],[-1,0],[1,0]],[[67047,13818],[3,-1],[0,1],[-3,0]],[[66995,14028],[1,0],[1,3],[-2,-3]],[[66887,14003],[1,0],[1,2],[-2,-2]],[[66728,13913],[0,1],[0,-1]],[[66639,13948],[1,1],[-1,0],[0,-1]],[[66716,14154],[0,-1],[1,1],[-1,0]],[[66446,14019],[-1,-1],[1,0]],[[66446,14018],[0,1]],[[66446,13916],[7,-3],[1,0],[-8,3]],[[66540,14141],[0,-1],[0,1]],[[66595,14202],[3,-28],[2,24],[-5,4]],[[66630,14149],[-1,1],[1,-1]],[[66933,14127],[-15,-28],[28,-33],[4,8],[25,63],[3,41],[-45,-51]],[[66353,13664],[2,-1],[-2,1]],[[66383,13695],[1,0],[0,1],[-1,-1]],[[66807,13489],[2,-1],[-2,1]],[[67062,14064],[-2,-9]],[[67060,14055],[2,9]],[[64755,12647],[-52,44],[-4,68]],[[64699,12759],[13,53]],[[64712,12812],[43,126],[0,1]],[[64755,12939],[2,-2],[-2,2]],[[64755,12939],[56,85],[23,73],[32,64],[53,64],[7,87],[31,131],[28,128],[22,65]],[[65007,13636],[49,-18],[27,14]],[[65083,13632],[28,-17],[20,27],[2,69],[9,28]],[[65142,13739],[10,19],[-2,59],[-90,46]],[[65060,13863],[1,30],[-78,74]],[[64983,13967],[17,26]],[[65000,13993],[63,61]],[[65063,14054],[46,-2],[63,3]],[[65172,14055],[29,8]],[[65201,14063],[75,-15],[21,13]],[[65297,14061],[110,15],[27,-2],[89,-23],[60,38],[10,50],[-56,48],[57,-28],[95,27],[5,-3],[88,12]],[[65782,14195],[52,-22],[17,57],[69,-20],[17,27],[89,-12]],[[66062,13927],[-107,38],[37,-36],[89,-43],[48,6],[-32,36]],[[66192,13447],[-43,23],[-55,-1],[-36,-29],[-12,-46],[-16,-56],[-34,-53],[52,-44],[48,7],[7,38],[56,59]],[[65895,12908],[-3,-1],[-1,-1]],[[65696,12963],[-8,1]],[[65588,13091],[-1,1]],[[65563,13047],[0,-1],[0,-1]],[[64796,12604],[-41,43]],[[64943,13085],[24,-43],[23,0],[39,33],[47,15],[-2,19],[58,71],[13,15],[40,34],[-15,34],[-83,-3],[66,45],[-25,49],[24,69],[-34,94],[-1,2],[-10,10],[-27,-37],[-25,-47],[-68,-109],[56,-75],[-55,-92],[-45,-84]],[[65277,13184],[0,-1],[0,1]],[[65245,13179],[1,3],[-1,-1],[0,-2]],[[65451,13220],[0,-1],[1,1],[-1,0]],[[65433,13163],[2,0],[-2,1],[0,-1]],[[65588,13116],[2,-2],[-2,3],[0,-1]],[[66135,13366],[-65,-64],[-14,39],[33,28],[24,58],[36,-33],[-14,-28]],[[66069,13670],[-1,-42],[-98,-65],[2,-14],[42,-17],[84,8],[36,6],[23,29],[34,31],[-31,11],[-40,15],[9,30],[-21,5],[-35,4],[-4,-1]],[[65665,13191],[3,0],[1,1],[-4,-1]],[[65558,13554],[1,-1]],[[65559,13553],[-1,1]],[[65372,13393],[0,4],[-1,-4],[1,0]],[[65303,13410],[0,2],[0,-1],[0,-1]],[[65202,13419],[1,0]],[[65203,13419],[-1,0]],[[65210,13428],[1,1],[-2,0],[1,-1]],[[65171,13588],[3,-1],[-1,1],[-2,0]],[[65200,13540],[-1,-2],[1,1],[0,1]],[[65575,13872],[-12,-79],[50,-10],[15,-45],[54,-2],[95,-37],[16,-2],[75,-16],[54,15],[29,14],[-47,55],[17,62],[-11,87],[-52,29],[-130,15],[-105,-98],[-48,12]],[[65729,13922],[63,-27],[-78,10],[15,17]],[[66046,13805],[16,-19],[-16,19]],[[63624,12692],[14,70],[-3,10],[17,52],[-5,30]],[[63647,12854],[1,7]],[[63648,12861],[7,20],[7,31],[54,50],[9,3]],[[63725,12965],[25,25],[53,13],[18,32],[4,12],[-11,50],[18,31],[12,13],[17,31]],[[63861,13172],[8,-7]],[[63869,13165],[41,-9],[25,-1],[13,5],[0,9],[34,7],[1,4],[-13,35],[39,12],[9,24],[-5,15]],[[64013,13266],[16,30],[-13,22],[1,1]],[[64017,13319],[0,1]],[[64017,13320],[16,36]],[[64033,13356],[6,-1]],[[64039,13355],[7,22],[-1,15],[-4,2],[7,29]],[[64048,13423],[1,-1],[-1,1]],[[64048,13423],[-9,6],[-21,2]],[[64018,13431],[-1,0],[0,-2]],[[64017,13429],[-16,-11],[-29,-13]],[[63972,13405],[-30,2]],[[63942,13407],[8,8],[-49,6],[-3,-1]],[[63898,13420],[-1,1],[1,-1]],[[63898,13420],[-11,-22]],[[63887,13398],[-66,-18],[1,-8],[0,-14],[2,-6]],[[63824,13352],[2,-14],[-15,-65],[1,-25],[51,21],[1,-55]],[[63864,13214],[-38,-17],[-57,-33],[-21,3],[13,58],[-6,26],[-3,1]],[[63752,13252],[16,29],[-13,45],[-27,-9],[-14,-51],[28,-12]],[[63742,13254],[-55,14]],[[63687,13268],[-14,75]],[[63673,13343],[6,4],[19,5],[14,23],[-4,24],[14,55],[-1,2],[-1,3],[18,42],[23,9]],[[63761,13510],[0,1]],[[63761,13511],[-1,11],[6,11]],[[63766,13533],[0,1]],[[63766,13534],[52,17],[15,43],[2,6],[33,4],[1,3],[-13,54]],[[63856,13661],[26,-5]],[[63882,13656],[3,-38],[63,11]],[[63948,13629],[9,-1]],[[63957,13628],[56,-7],[-6,20]],[[64007,13641],[27,-9]],[[64034,13632],[1,0],[4,0]],[[64039,13632],[14,19],[-40,27]],[[64013,13678],[1,0]],[[64014,13678],[37,24],[41,14]],[[64092,13716],[28,-17],[19,19]],[[64139,13718],[17,10]],[[64156,13728],[14,6],[-20,35]],[[64150,13769],[20,24],[2,2],[10,26],[22,36],[14,17],[22,31],[8,5],[16,30],[31,-6],[29,25],[26,2],[54,60]],[[64404,14021],[78,153]],[[64482,14174],[26,-13],[58,-42],[61,-47]],[[64627,14072],[-139,-106],[-23,-127],[3,-6],[41,15],[103,173],[47,-20],[17,30]],[[64676,14031],[57,-21],[79,-45],[55,-32],[64,19],[4,1]],[[64935,13953],[48,14]],[[65060,13863],[-100,-93],[61,-61],[-14,-73]],[[64712,12812],[-19,150],[-13,-49],[-60,58],[79,-212]],[[63881,12608],[-39,10],[0,1]],[[63647,12674],[0,-1]],[[63645,12672],[-17,11]],[[65083,13632],[-29,61],[88,46]],[[63784,12947],[1,-4],[0,1],[-1,3]],[[63842,12968],[1,1],[-1,0],[0,-1]],[[63944,12842],[6,-3]],[[63950,12839],[-6,3]],[[63929,12847],[-1,0],[1,0]],[[63969,12655],[2,-28],[73,8],[-57,38],[-18,-18]],[[64055,12862],[4,-51],[88,-29],[6,74],[-98,34],[0,-28]],[[64002,12891],[0,3]],[[64002,12894],[0,-3]],[[63844,13112],[9,-26],[6,13],[-15,13]],[[64154,12859],[4,39],[46,-26],[6,56],[-31,26],[-45,18],[10,-49],[-24,-1],[-2,-27],[-33,23],[69,-59]],[[64036,12987],[68,-51],[-37,59],[-11,26],[131,29],[35,4],[-10,52]],[[64212,13106],[-114,39],[-6,-5],[9,-35],[-57,6],[-32,-23],[-2,-57],[26,-44]],[[64028,12933],[-1,1],[0,-1],[1,0]],[[64075,12995],[21,-12],[12,24],[-33,-12]],[[64212,13106],[65,-19],[12,29],[79,-96],[-3,-9],[72,-50],[56,14],[8,6],[-90,232],[118,35],[-4,67],[63,49],[-23,139],[-23,-28],[-9,-64],[-34,43],[-33,-33],[-30,53],[-51,40],[-63,40],[-12,-45],[24,-76],[-35,17],[-24,-6],[-55,-42],[-16,-17],[-38,-21],[-10,-31],[-2,-4],[-11,-51],[-27,-55],[23,-11],[13,-22]],[[64152,13190],[60,-84]],[[64595,13361],[27,-89],[27,2],[-18,160],[-36,-73]],[[64152,13190],[-5,5],[5,-5]],[[63754,13360],[5,-22],[36,20],[-41,2]],[[63879,13448],[3,-2],[0,1],[-3,1]],[[64496,13649],[1,0],[-1,1],[0,-1]],[[64557,13695],[3,5]],[[64560,13700],[-3,-5]],[[62618,13270],[79,-110],[85,-11],[96,-22],[-1,-31],[36,-3],[6,54],[-2,5],[-24,13],[-4,-44],[-7,19],[-71,10],[49,25],[-153,27],[-68,96],[-5,2]],[[62634,13328],[232,60],[97,-19],[15,12]],[[62978,13381],[22,8],[-1,1],[40,42],[9,30],[41,12],[71,0],[52,30],[87,25],[31,37],[-19,26]],[[63311,13592],[33,30],[22,30]],[[63366,13652],[69,-3],[3,1],[84,37],[48,33],[49,28],[32,-2],[17,1],[28,22],[9,-7],[16,-7],[19,-7],[12,-1],[54,7],[3,-1],[9,1],[17,-12],[24,-22],[-8,-46],[0,-11],[5,-2]],[[63766,13534],[0,-1]],[[63761,13511],[0,-1]],[[63673,13343],[-28,-10],[-2,-23],[37,-37],[7,-5]],[[63742,13254],[10,-2]],[[63864,13214],[-3,-42]],[[63648,12861],[-1,-4],[0,-3]],[[63431,12693],[-153,-20],[-23,0]],[[62869,12988],[0,-1],[1,1],[2,14],[-3,-14]],[[63158,12925],[1,0],[0,1],[-1,-1]],[[63126,12944],[-1,-1],[1,0],[0,1]],[[63172,12924],[4,-3],[-4,3]],[[63210,12924],[30,-28],[33,10],[15,5],[21,83],[-58,16],[-41,-86]],[[63327,13001],[1,1],[0,1],[-1,-2]],[[63563,12743],[1,-2],[0,2],[-1,0]],[[63756,13093],[2,2],[-6,-4],[4,2]],[[63461,13014],[-1,-2],[1,0],[0,2]],[[63167,13186],[36,5],[63,25],[1,12],[-41,41],[-28,3],[-42,-68],[-5,-13],[16,-5]],[[63137,13155],[-1,1],[1,-1]],[[63134,13178],[0,2],[-1,0],[1,-2]],[[63113,13171],[0,1],[0,-1]],[[63157,13259],[-1,-1],[1,0],[0,1]],[[63076,13362],[26,0],[3,12],[-29,-12]],[[62998,13363],[2,0],[-2,1],[0,-1]],[[63017,13253],[17,8],[0,10],[-32,8],[-86,-16],[-22,-3],[9,-52],[68,14],[46,31]],[[63119,13423],[0,1],[0,-1]],[[62785,13257],[-130,39],[127,-93],[3,54]],[[63368,13272],[1,1],[-1,0],[0,-1]],[[63326,13310],[6,-9],[-6,9]],[[63436,13291],[2,0],[-2,0]],[[63302,13377],[32,-6],[-19,54],[41,40],[14,23],[-27,-12],[-32,11],[-8,-18],[-27,-37],[-2,-44],[0,-11],[28,0]],[[63481,13247],[1,3]],[[63482,13250],[-1,-3]],[[63595,13251],[1,4]],[[63596,13255],[-1,-4]],[[63580,13441],[33,-45],[37,23],[-27,14],[24,43],[-12,15],[-22,5],[-10,-17],[17,-16],[-40,-22]],[[63585,13468],[0,3],[0,-3]],[[63447,13466],[39,28],[7,20],[-44,-1],[-52,-17],[-4,-10],[54,-20]],[[63516,13471],[13,0],[1,0],[-14,0]],[[63635,13495],[46,36],[-46,-36]],[[63568,13505],[1,4],[-1,1],[0,-5]],[[63606,13563],[-39,59],[-5,10],[-23,-7],[-3,-23],[8,-36],[3,-20],[32,-6],[27,23]],[[63709,13584],[1,1],[0,1],[-1,-2]],[[63478,13635],[-23,-1],[-13,-25],[-11,-44],[19,-1],[28,71]],[[63749,13689],[0,1]],[[63749,13690],[0,-1]],[[63155,13051],[3,-7],[0,5],[-3,2]],[[63165,13050],[14,-1],[57,32],[-3,25],[-28,16],[-48,-28],[8,-44]],[[63277,13136],[-24,-12],[24,12]],[[62991,13198],[-1,1],[1,-1]],[[62468,13721],[0,-1],[1,2]],[[62383,13999],[1,2],[-1,-1]],[[62426,14405],[47,-11],[16,53],[-14,60],[38,1],[156,8],[21,88],[-44,187]],[[63183,14533],[-3,-209],[-3,-32],[54,21],[-4,-67],[37,38],[-22,38],[41,-3],[-5,31],[-44,11],[-8,113]],[[63671,14364],[35,18],[12,-3],[106,-19],[7,2],[76,-32],[143,29],[4,14],[55,46],[109,-60],[42,-25],[2,-21],[68,-61]],[[64330,14252],[7,-124],[-32,-47]],[[64305,14081],[-11,-54],[33,-34],[51,53],[26,-25]],[[64150,13769],[-22,-16],[28,-25]],[[64139,13718],[-47,-2]],[[64014,13678],[-1,1],[0,-1]],[[64039,13632],[-5,0]],[[64007,13641],[-34,12],[-16,-25]],[[63948,13629],[-34,17],[-24,9],[-8,1]],[[63366,13652],[36,76],[-96,-40],[22,73],[-11,105],[-46,-63],[-36,-128],[-11,-100],[60,51],[27,-34]],[[62978,13381],[-97,40],[-59,44],[23,21],[-29,14],[40,109],[-5,10],[-67,-57],[6,36],[-27,-14],[-12,71],[-24,-36],[-82,-146],[-7,102],[-95,-40],[86,-180]],[[62564,13728],[1,-1],[0,1],[-1,0]],[[62601,13860],[1,-3],[0,3],[-1,0]],[[62460,14018],[120,1],[-47,39],[-34,32],[-6,-58],[-33,-14]],[[62653,14010],[7,-4]],[[62660,14006],[-7,4]],[[62759,13697],[4,-1]],[[62763,13696],[-4,1]],[[62733,14053],[0,-1],[0,2],[0,-1]],[[63124,13788],[31,-3],[91,12],[2,53],[-48,-15],[-76,-47]],[[63024,13835],[5,-2],[-5,3],[0,-1]],[[63558,13853],[1,0],[0,1],[-1,-1]],[[63505,13769],[1,1],[-6,1],[5,-2]],[[63640,13876],[-5,2],[5,-2]],[[63620,14109],[3,-2],[-1,2],[-2,0]],[[63842,13853],[0,-2],[0,2]],[[64127,13987],[3,1],[-2,0],[-1,-1]],[[64305,14081],[-30,-12],[30,12]],[[63894,13995],[5,-21],[98,-25],[-17,45],[60,-11]],[[64040,13983],[-72,73],[-60,-29],[-14,-32]],[[64040,13983],[2,-1],[-2,1]],[[63989,14207],[3,-11],[39,-54],[40,6],[11,14],[-21,32],[-37,-17],[-35,30]],[[63995,14184],[-37,-19],[36,-22],[1,41]],[[63771,14150],[17,-4],[56,16],[0,3],[22,71],[40,17],[-8,32],[-81,-84],[-46,-51]],[[63181,14049],[91,56],[58,127],[-116,1],[-31,-53],[54,20],[-69,-123],[-17,-30],[30,2]],[[63143,14217],[-30,-33],[30,33]],[[62472,14330],[17,31],[-37,5],[7,-37],[13,1]],[[64098,14271],[9,-4],[-6,44],[-3,-40]],[[62683,14417],[-6,43],[-54,-26],[60,-17]],[[63948,14241],[-24,-5],[-22,-45],[46,50]],[[64164,15164],[4,4],[32,24],[1,23]],[[64253,15261],[0,1]],[[64268,15669],[-1,1],[1,-1]],[[64297,15867],[59,-33],[31,-4],[27,-38],[14,-40],[-4,-32],[16,-61],[47,-8],[33,-41],[51,-11],[4,0],[-6,-41],[57,-45],[12,-10],[57,-21]],[[64695,15482],[-21,-26],[21,-13],[45,-1],[15,25],[15,-38],[14,-10],[36,-10],[64,-15],[26,-9],[52,43],[-4,51],[114,-51],[25,15]],[[65097,15443],[20,-31],[29,-23],[21,-16],[25,-15],[8,-44],[37,-11],[13,3],[31,-20],[21,22],[64,-39],[7,-2],[16,-2],[41,10],[23,13],[38,-6],[3,-40],[-4,-27],[2,-38]],[[65492,15177],[6,-52],[21,1],[-11,49]],[[65508,15175],[3,1]],[[65511,15176],[44,1],[3,2],[-31,9]],[[65527,15188],[15,21],[14,38],[21,40],[21,-6],[73,-46],[7,-22],[-9,-39],[22,-18],[-1,40],[4,20],[8,37],[14,24],[18,65],[2,13],[40,-62],[24,18],[-30,62],[5,18],[31,9],[-28,35],[24,6],[36,37],[-20,55],[34,10],[25,-42],[21,15],[23,19],[-10,-43],[27,10],[25,17],[43,7],[3,1],[46,20],[28,2],[1,-52],[2,-19],[79,-11],[35,-9],[42,1],[-9,-16],[-1,-60],[30,46],[9,-3],[22,-21],[39,7],[24,-37]],[[66356,15375],[-4,-15],[41,-5],[-9,-67],[-26,-68],[-29,-38],[-17,3],[-9,-15],[-3,-7],[-21,-36],[-8,-20]],[[66271,15107],[-8,-22]],[[66263,15085],[-16,-4],[-19,-57],[-1,-19]],[[66227,15005],[0,-1]],[[66227,15004],[-58,-73],[-14,-18],[-38,9]],[[66117,14922],[-1,0],[-1,0]],[[66115,14922],[-20,-26]],[[66095,14896],[-1,0],[0,-2]],[[66094,14894],[-10,-118],[39,-39],[-32,-57],[2,-96]],[[66093,14584],[-3,-2]],[[66090,14582],[-31,-52]],[[66059,14530],[-44,16],[-28,-79],[6,-27],[20,-39],[38,14],[6,-58],[-62,-11],[-58,69],[-8,-24],[-32,49],[-24,-4],[-17,-68],[-67,1],[31,67],[-57,7],[19,-248]],[[65297,14061],[-21,56],[31,62],[-36,-13],[-10,30],[-44,-24],[13,-27],[-29,-82]],[[65172,14055],[-65,42],[11,62],[-38,5],[-64,-76],[47,-34]],[[65000,13993],[-26,45],[-39,-85]],[[64676,14031],[-49,41]],[[64482,14174],[-152,78]],[[64168,14848],[10,-43],[21,59]],[[64199,14864],[-5,2],[-26,-18]],[[63964,14636],[0,1],[-2,0],[2,-1]],[[63997,14816],[2,0]],[[63999,14816],[-2,0]],[[64155,14672],[101,-33],[71,-262],[158,58]],[[64485,14435],[-79,38],[37,44],[-61,34],[-10,90],[-74,-2],[-22,42],[-36,30],[-62,5],[-23,-44]],[[64489,14737],[20,2],[-14,90],[30,43]],[[64525,14872],[11,65],[-38,22],[-50,-53],[17,-58],[-35,61],[-12,-64],[50,-23],[21,-85]],[[64282,14948],[0,-1],[1,1],[-1,0]],[[64358,14854],[8,-27],[39,13],[-21,21],[-26,-7]],[[64997,14742],[0,-2],[107,-71],[100,-16],[52,-35],[17,-18],[39,45],[16,53],[-61,39],[-73,5],[-57,-22],[11,28],[-89,5],[-62,-11]],[[64989,14728],[-2,0],[2,0]],[[64969,14938],[0,-1],[-21,-71],[88,-12],[13,46],[8,102],[-51,5],[-37,-69]],[[64627,14892],[-2,0],[2,0]],[[64788,15046],[0,1],[-2,0],[2,-1]],[[65256,14363],[-38,-11],[46,-68],[23,68],[-31,11]],[[65432,14627],[0,2],[1,3],[-1,-2],[0,-3]],[[65778,14789],[0,2],[-1,4],[1,-6]],[[66072,15176],[2,-3],[17,9],[40,-2],[23,15],[21,82],[9,9],[-5,39],[-23,3],[-44,-48],[9,-81],[-9,63],[-40,-86]],[[65922,15207],[0,1],[0,-1]],[[65797,15139],[-1,0],[1,-1],[0,1]],[[65926,15030],[1,0],[-2,1],[1,-1]],[[65571,14854],[-50,8],[-6,-14],[23,-16],[54,-1],[-11,-23],[36,-10],[1,19],[-47,37]],[[65532,14946],[0,1],[-1,-1],[1,0]],[[65616,14937],[4,-90],[32,5],[7,64],[-10,19]],[[65649,14935],[-33,2]],[[65649,14935],[0,3],[0,-3]],[[65380,15091],[1,4],[-1,0],[0,-4]],[[65441,15243],[4,0],[4,12],[-8,-12]],[[65258,15178],[1,-28],[3,0],[14,25],[-18,3]],[[65257,15141],[-11,-6],[11,6]],[[65297,15213],[0,18],[-11,17],[-50,26],[-3,-8],[20,-43],[44,-10]],[[64408,15216],[17,-1],[-25,48],[-24,-38],[0,-8],[32,-1]],[[64401,15271],[47,-15],[14,47],[-21,11],[-34,-24],[-6,-19]],[[64563,14916],[0,1],[0,2],[0,-3]],[[64605,14960],[1,0],[-1,0]],[[64513,15065],[1,1],[-1,1],[0,-2]],[[64478,15104],[1,0]],[[64479,15104],[-1,0]],[[64405,14976],[-10,1],[-7,-87],[17,86]],[[64210,15148],[1,1],[-1,0],[0,-1]],[[64439,15579],[1,0],[-3,2],[2,-2]],[[65392,14461],[1,-5],[31,-5],[-32,10]],[[64249,16446],[6,-6],[-6,6]],[[64486,16767],[0,-2]],[[64533,16737],[1,-1],[0,2]],[[64561,16805],[95,-59],[23,-13],[50,-7],[73,6],[47,2],[25,-40],[103,-26],[92,-40],[50,-11],[21,0],[19,1],[27,0],[65,11],[30,8],[63,20],[-12,-55],[4,-70],[42,-68],[9,29],[13,-31],[54,11],[-3,33],[43,-1],[-38,27],[-98,58],[-1,50],[41,-40],[37,93],[36,21],[80,-92],[11,8],[16,136],[93,-30],[48,-113],[46,-60],[23,-60],[8,-18],[31,-51],[114,-144],[51,-36],[11,-4],[11,-1],[16,-8],[15,1],[27,-9],[52,5],[64,-9],[49,-20],[53,2],[31,3],[31,12],[17,-1],[51,-5]],[[66420,16220],[4,-12],[6,-1]],[[66430,16207],[1,-1],[0,1]],[[66431,16207],[46,-44],[15,7],[53,-39],[-3,-97]],[[66542,16034],[13,-93],[13,-37],[3,-65],[12,-44],[3,-23],[-15,-44],[-23,-17]],[[66548,15711],[0,-3]],[[66548,15708],[0,-1]],[[66548,15707],[69,-39]],[[66617,15668],[-10,-11],[-14,-46],[-1,-14],[13,-39]],[[66605,15558],[-5,-36],[-1,-5]],[[66599,15517],[-26,3],[-37,-8],[-38,-28],[-27,31],[-28,-15],[-7,-30],[31,-7],[-28,-45],[-2,0],[-41,3],[-2,-3],[-1,-12]],[[66393,15406],[-26,-32]],[[66367,15374],[-11,1]],[[65527,15188],[-16,-12]],[[65508,15175],[-16,2]],[[65097,15443],[1,3],[-33,21],[-27,-19],[3,25],[-73,13],[-68,8],[-88,-14],[-112,0],[-5,2]],[[64337,16252],[2,-1],[-2,1]],[[64387,16085],[-2,-2],[2,3],[0,-1]],[[64379,16369],[0,1],[0,-1]],[[64467,16365],[1,0],[-1,0]],[[64543,16566],[1,-1],[-1,1]],[[64554,16474],[1,1],[-1,-1]],[[64653,15913],[2,-1]],[[64655,15912],[-2,1]],[[64657,15981],[3,0],[0,1],[-3,-1]],[[64665,16678],[0,-1],[0,1]],[[64741,16663],[1,-2],[-1,2]],[[64741,16663],[0,1],[0,-1]],[[64783,16533],[-2,0],[4,-1],[-2,1]],[[64611,15718],[1,0],[-1,0]],[[65013,16442],[1,0],[0,2],[-1,-2]],[[64899,15870],[0,-1]],[[64899,15869],[0,1]],[[65248,16135],[-46,-18],[-2,-76],[5,4],[133,45],[15,68],[-7,-2],[-37,-2],[-17,2],[-44,-21]],[[65313,16202],[-5,-20],[5,20]],[[65408,16297],[-6,-2],[5,0],[1,2]],[[65097,15655],[-10,-101]],[[65087,15554],[59,-42],[15,-19],[15,-31],[64,50],[14,47],[-82,76],[-75,20]],[[65441,15688],[3,-2]],[[65444,15686],[-3,2]],[[65249,15365],[-2,0]],[[65247,15365],[2,0]],[[65575,15814],[0,-1],[0,1]],[[65566,15448],[0,-1]],[[65566,15447],[0,1]],[[65572,16567],[-1,-1],[4,0],[-3,1]],[[65615,16545],[-1,0],[1,-2],[0,2]],[[65683,16406],[0,1],[0,-1]],[[65610,16523],[3,6],[0,2],[-3,-8]],[[65783,16324],[8,-6],[1,4],[-9,2]],[[65877,15569],[4,-1]],[[65881,15568],[-4,1]],[[66103,16157],[0,1],[0,-1]],[[65812,15947],[1,-2],[0,-1],[-1,3]],[[66257,16006],[4,-1],[-4,1]],[[66117,15795],[0,-3],[1,-1],[-1,4]],[[65986,16250],[0,1],[0,-1]],[[65973,16226],[0,1],[0,-1]],[[65984,16205],[2,6],[-2,-6]],[[66370,15542],[-32,-23],[0,-30],[40,-13],[15,34],[-23,32]],[[66184,16217],[-1,1],[1,-1]],[[66229,16133],[3,0],[-3,0]],[[66375,16005],[6,-120],[35,5],[30,27],[2,14],[14,87],[-66,113],[-21,-126]],[[66478,15648],[-5,0],[5,-1],[0,1]],[[66404,15503],[5,-25],[-5,25]],[[66366,11460],[0,-1]],[[66366,11459],[-2,-10],[17,-39],[-10,-31],[17,-5]],[[66388,11374],[-23,-37],[-1,-10],[-34,-7]],[[65982,12347],[-31,19],[-51,20]],[[65900,12386],[1,5]],[[65901,12391],[-8,13]],[[65893,12404],[22,34],[39,-53],[10,28],[-9,27],[-30,27],[-45,-8],[-1,34],[-10,10],[-15,9]],[[65854,12512],[32,21]],[[65973,12471],[1,-1]],[[66069,12424],[-2,-5]],[[65795,12500],[0,-6],[-4,-20],[-2,-4],[-73,4],[-4,36]],[[65712,12510],[7,35],[-6,2],[-45,41],[-2,46]],[[65723,12693],[58,-16]],[[65792,12651],[2,-11]],[[65794,12640],[-3,-75],[-2,-10]],[[65789,12555],[1,-10],[1,-19],[3,-11],[1,-15]],[[68124,12127],[33,-10],[9,-22],[6,-29],[-38,2],[-23,12],[4,-6],[-12,-16]],[[68103,12058],[-1,0]],[[68102,12058],[-76,-3]],[[70327,12818],[20,-3],[54,28]],[[70401,12843],[5,-51],[-20,-2],[-4,-77],[14,-3]],[[70396,12710],[0,-5],[1,5]],[[70397,12710],[5,3]],[[70402,12713],[4,-22],[30,24]],[[70436,12715],[-1,-2]],[[70435,12713],[-12,-63]],[[70423,12650],[-8,-32],[-14,-59]],[[67972,14245],[-12,85]],[[67960,14330],[36,13]],[[67996,14343],[49,31],[10,11],[50,6],[33,4],[52,24],[-8,39],[-1,59]],[[68181,14517],[67,42]],[[68248,14559],[20,-3],[7,-1],[-4,-83],[31,-86]],[[67624,14482],[35,20]],[[67659,14502],[6,-38],[48,-6],[7,0],[30,4],[31,-2],[28,-55]],[[67809,14405],[-54,-19],[-31,-14],[-26,-26],[-49,-20],[15,-64],[-42,-22]],[[66090,14402],[-51,77],[21,37],[-1,14]],[[66090,14582],[1,-2],[2,4]],[[66094,14894],[1,2]],[[66115,14922],[2,0]],[[66227,15004],[0,1]],[[66263,15085],[40,-67],[47,35],[-79,54]],[[66367,15374],[26,32]],[[66599,15517],[51,-24],[17,-25],[18,17],[25,10],[18,-1]],[[66728,15494],[0,-1]],[[66728,15493],[0,-2],[43,0],[2,2],[28,13],[11,-11]],[[66812,15495],[-1,-2],[1,2]],[[66812,15495],[31,-13],[28,20],[23,75],[0,23],[-1,12],[16,-3],[4,37],[0,3]],[[66913,15649],[122,-19],[-4,-12],[-8,-26],[40,2],[-10,-28],[32,-40]],[[67085,15526],[6,-41],[32,-9],[-7,-32],[28,-2]],[[67144,15442],[-4,-36],[47,8],[42,-10],[8,28],[23,-3],[34,-25],[7,-5]],[[67301,15399],[4,-20],[15,-9],[45,33],[-37,8]],[[67328,15411],[32,40],[31,-17]],[[67391,15434],[19,-20],[0,-46],[5,-1],[10,-37]],[[67425,15330],[6,-1]],[[67431,15329],[-11,-10],[-21,-18],[-20,-51],[-11,-3],[-6,-21]],[[67362,15226],[-1,0]],[[67361,15226],[-21,-1],[-23,-39],[-55,6],[-4,-16]],[[67258,15176],[-24,-42],[40,-2]],[[67274,15132],[0,-54]],[[67274,15078],[-1,-1]],[[67273,15077],[-8,-32],[-81,-5],[13,-24],[79,-61],[-14,-43],[6,-35],[-1,-19]],[[67267,14858],[-31,3],[44,-55],[32,32]],[[67312,14838],[21,-17],[-37,-65],[43,-23]],[[67339,14733],[-1,-3],[1,2]],[[67339,14732],[7,-5],[-7,-79],[2,-19],[1,-39]],[[67342,14590],[-21,-20],[-47,-11],[-89,-44]],[[67103,14439],[-67,-33],[13,32],[-50,-15],[-114,-42],[-69,2],[-118,-4],[56,134],[-48,-1],[-54,-18],[-7,-87],[-32,6],[-97,-12],[-54,-8],[-69,-21],[-40,-24],[-38,-4]],[[66073,14283],[17,119]],[[66157,14873],[1,-2],[1,1],[-2,1]],[[66357,15139],[-3,-18],[58,-86],[10,75],[-20,24],[-33,6],[-12,-1]],[[66376,14924],[-1,1],[1,-1]],[[66390,14508],[34,-58],[11,0],[37,19],[-3,21],[-56,19],[-23,-1]],[[66528,14701],[-36,-113],[7,-1],[34,47],[-5,67]],[[66467,15282],[2,-3],[-2,3]],[[66576,15154],[-3,-13],[23,-15],[-1,25],[-19,3]],[[66637,15155],[-11,-30],[24,-14],[36,5],[38,36],[-46,15],[-14,8],[-27,-20]],[[71092,15917],[-46,-65],[-93,7]],[[70953,15859],[129,110],[-8,27],[57,17],[-56,68],[30,174]],[[71105,16255],[90,9],[41,-4],[120,-2],[133,-23],[19,-5]],[[71508,16230],[0,-10],[-28,-38],[-18,-94],[-17,-1],[-30,-41]],[[71415,16046],[-91,-75],[-2,-5],[-21,-44]],[[71301,15922],[-22,-36]],[[71279,15886],[-74,31],[-113,0]],[[71221,16168],[-1,-3],[1,1],[0,2]],[[71111,15052],[-8,-78],[-9,41],[0,45],[18,53]],[[71112,15113],[49,27]],[[71161,15140],[58,-61],[-25,-51],[-1,-6],[25,-11],[35,-2],[23,-13],[31,18],[20,-40],[73,-13],[-3,55],[25,-9],[-9,-68],[32,-4],[5,-5]],[[71450,14930],[-63,0],[-23,2],[-42,1],[-96,11],[-46,-2],[-20,2]],[[71160,14944],[14,56]],[[71174,15000],[-1,0],[-21,18],[-21,35]],[[71131,15053],[0,2],[-1,-1]],[[71130,15054],[-19,-2]],[[71174,15000],[0,-1],[0,1]],[[66360,11427],[2,0],[-1,0],[-1,0]],[[71857,15165],[-28,-78]],[[71829,15087],[-47,76],[-23,16],[-10,-7],[-17,67]],[[71732,15239],[-1,1],[-5,-1]],[[71726,15239],[-13,0],[-6,-8],[-13,1],[-24,-50],[-20,4],[18,53],[0,1],[-42,1],[5,57],[-53,-14]],[[71578,15284],[-29,6],[17,58]],[[71566,15348],[8,26]],[[71574,15374],[1,2]],[[71575,15376],[107,39],[49,-26],[28,29],[65,0]],[[71824,15418],[40,-37],[-17,-9],[-1,-19],[-2,-27],[-15,-32],[3,-2],[39,-12],[9,-19],[26,-22]],[[71906,15239],[-49,-74]],[[66775,14658],[-6,-12],[6,12]],[[66895,15396],[-2,-1],[2,0],[0,1]],[[66871,15396],[-2,0]],[[66869,15396],[2,0]],[[66948,15549],[2,-1],[0,1],[-2,0]],[[72783,15475],[-28,-75],[-7,-5],[-24,19],[-30,-18],[-13,3]],[[72681,15399],[7,34],[-67,-31],[-2,1],[-9,3],[-20,3],[-23,14],[-12,9],[-4,2]],[[72551,15434],[25,85],[22,33],[21,-1]],[[72619,15551],[2,0]],[[72621,15551],[8,-17],[0,-1],[17,-12],[15,-12],[4,-7],[18,-14],[47,22],[48,70],[41,-23],[14,4],[32,-44],[29,-33],[-29,-72],[19,0],[71,-2],[70,-36],[1,5],[10,32]],[[73036,15411],[43,-12],[25,-75],[-38,-45],[-197,5]],[[72869,15284],[12,35],[-26,30],[-27,10],[-19,19],[-4,2],[-22,95]],[[67117,14874],[-16,-68],[41,-27],[62,72],[-87,23]],[[67114,14614],[-1,-2]],[[67113,14612],[1,2]],[[67188,14766],[35,0],[17,-1],[26,-4],[-15,50],[-57,-5],[-6,-40]],[[68820,15411],[3,-30],[-91,-12],[-17,10],[18,-71],[-51,-2],[-10,-24],[-1,0]],[[68671,15282],[-19,-51],[6,-3],[45,30],[30,-31],[0,6]],[[68733,15233],[33,0]],[[68766,15233],[26,9]],[[68792,15242],[20,-16],[3,-5],[24,70],[14,41]],[[68853,15332],[3,1]],[[68856,15333],[16,-10],[36,-15],[8,4],[38,-40]],[[68954,15272],[20,-35],[-33,-48],[0,-15]],[[68941,15174],[-87,11],[-30,-14],[-65,3],[-96,39],[-28,-81],[-36,33],[-47,-43],[-57,23],[-43,43],[-14,14],[30,95],[21,82]],[[68489,15379],[100,-2],[19,37],[60,-11],[10,32],[5,92]],[[68683,15527],[19,34]],[[68702,15561],[53,-26],[-33,-49],[64,-27],[21,13]],[[68807,15472],[13,-61]],[[68594,15525],[-18,-66],[-26,-2]],[[68550,15457],[-19,2]],[[68531,15459],[-13,-7],[-38,23],[-4,-5],[-1,-23],[-68,31]],[[68407,15478],[-33,65],[5,53],[4,44],[43,58],[86,-47],[50,12],[20,18],[21,25],[25,36],[40,20],[95,67]],[[68763,15829],[49,-26]],[[68812,15803],[1,-19],[40,-14],[13,-53],[50,-11]],[[68916,15706],[-60,-112],[-166,76],[-5,-14],[-4,-12],[8,-38]],[[68689,15606],[-120,8],[-56,14],[-5,-7],[86,-96]],[[68637,15734],[5,-2],[-5,2]],[[68815,15776],[-1,0],[1,-1],[0,1]],[[67256,15190],[5,2],[-1,0],[-4,-2]],[[69075,15355],[-16,27],[-34,27],[27,60],[-19,26],[-11,2]],[[69022,15497],[-21,16]],[[69001,15513],[16,18],[3,91],[10,26],[-11,9]],[[69019,15657],[4,16],[2,36]],[[69025,15709],[42,3],[50,10]],[[69117,15722],[50,-37],[14,-6],[85,-19]],[[69266,15660],[-3,-16],[-9,-19],[-7,-26],[-19,-16],[17,-49],[26,-55]],[[69271,15479],[25,-33],[6,-39],[-1,-32]],[[69301,15375],[-12,-12]],[[69289,15363],[-9,19],[-13,-34],[-49,9],[-20,-15]],[[69198,15342],[-8,-6],[-59,30],[-19,-16],[-32,-14]],[[69080,15336],[-5,19]],[[68774,14761],[-7,-3],[-15,-55]],[[68752,14703],[-40,2],[0,-8],[4,-33],[-1,-7]],[[68715,14657],[-4,-40]],[[68711,14617],[0,-28],[-10,3]],[[68701,14592],[-10,3],[-38,-5],[-31,-25],[-15,4]],[[68607,14569],[1,3],[-47,11],[-1,0],[-8,-1]],[[68552,14582],[16,63]],[[68568,14645],[14,-1],[1,45],[-5,11],[0,9],[45,-52],[14,-4],[5,52],[-1,12],[24,27],[4,-2],[13,-4],[8,14],[34,42],[-15,3],[-33,-7],[-12,19],[14,9],[-5,16],[-19,6]],[[68654,14840],[-9,21],[20,-7]],[[68665,14854],[1,2]],[[68666,14856],[5,13],[5,9]],[[68676,14878],[2,2]],[[68678,14880],[13,-4],[3,0],[2,38],[11,49],[1,5],[-16,56]],[[68692,15024],[60,-18],[18,-67],[35,-29],[-8,-36],[48,-29],[39,-54]],[[68884,14791],[-44,12],[-10,5]],[[68830,14808],[0,1]],[[68830,14809],[-13,14],[-2,-10],[-7,-36],[-34,-16]],[[68714,14876],[-1,0]],[[68713,14876],[1,0]],[[68845,14818],[-1,7],[1,-7]],[[68691,14847],[1,-1],[0,1],[-1,0]],[[67318,15349],[45,-13],[-45,13]],[[67282,15290],[-1,0]],[[67281,15290],[1,0]],[[67239,15384],[-1,-2],[1,1],[0,1]],[[69039,15756],[-37,61]],[[69002,15817],[3,11],[-14,17],[-23,35],[-44,26],[-41,-46]],[[68883,15860],[-52,44]],[[68831,15904],[89,119],[46,78]],[[68966,16101],[10,-6],[17,-32],[45,-19],[12,-4],[50,-7],[18,-17]],[[69118,16016],[5,-49],[27,-23],[-33,-67],[-9,-42],[14,-50]],[[69122,15785],[-83,-29]],[[69017,15908],[8,0],[-10,1],[2,-1]],[[67554,14808],[-113,-35],[-9,8],[3,36],[-74,17],[-4,24],[27,29],[65,37],[19,15],[0,7],[10,3],[47,35]],[[67525,14984],[0,1]],[[67525,14985],[48,17],[16,-5]],[[67589,14997],[4,-24],[-4,-34],[-6,-17],[-16,-43],[-12,-36],[-4,-18],[3,-17]],[[67591,15223],[0,38]],[[67591,15261],[77,16],[20,8],[9,-27],[9,1],[32,-12],[8,3],[17,-28],[-13,-45],[24,-23],[31,2],[19,-4],[46,-47],[21,19],[61,125],[12,-2],[26,-61],[4,-28]],[[67994,15158],[-51,-65],[-33,-2],[-64,-6],[-22,-10],[-15,-8],[-31,-98]],[[67778,14969],[-22,30],[-22,72],[-21,34]],[[67713,15105],[-1,34],[-14,18],[-64,-2],[-54,23],[11,45]],[[68316,20709],[-38,5],[-8,0]],[[68270,20714],[-4,80],[-47,74],[14,17],[93,10],[37,-15],[60,79],[-27,-123],[11,-8],[143,54],[24,-35],[-4,-32],[-129,-44]],[[68441,20771],[-24,-2],[-16,-2],[-31,-21]],[[68370,20746],[-17,15],[-21,-3],[6,-46]],[[68338,20712],[-10,-3],[-12,0]],[[68509,15173],[3,-1]],[[68512,15172],[-3,1]],[[68260,11832],[0,1]],[[68260,11833],[4,10],[11,28],[6,37],[13,24],[11,14]],[[68430,11904],[1,0]],[[68362,11770],[-103,58],[-33,-12],[-13,14]],[[68213,11830],[-1,0]],[[68212,11830],[-12,-40],[4,-2],[-6,-95],[-2,-15],[0,-6]],[[68169,11687],[-1,1]],[[68055,12014],[42,-8]],[[68097,12006],[1,0]],[[68098,12006],[16,-17],[19,-39]],[[68133,11950],[-2,-31],[2,-7],[5,-41],[31,2]],[[68169,11873],[4,-1],[-3,1]],[[68170,11873],[-2,26],[6,14],[23,-13],[15,-2],[20,-3]],[[68232,11895],[-5,-19],[-1,-2]],[[68226,11874],[0,-1]],[[68226,11873],[-5,-16],[39,-25]],[[67651,12077],[14,55],[59,38],[62,-17],[24,-4],[-1,-44]],[[67886,12129],[6,31],[-45,24],[-30,-3],[45,64],[36,12],[-7,53],[-54,19],[-15,12],[1,10],[-7,31],[-8,57],[-22,11],[-21,-31],[-75,-44],[-15,24]],[[67611,12733],[105,54],[109,121],[160,-35]],[[67505,13884],[1,40],[-14,9],[-1,0]],[[67491,13933],[0,1],[0,-1]],[[67491,13933],[-9,1],[-4,-20],[-17,7],[-6,25],[5,5],[-16,9],[-13,-4]],[[67431,13956],[0,15]],[[67342,14590],[32,-28]],[[67549,14564],[7,60],[28,52],[10,58],[-14,20],[-15,24],[-8,17],[-3,13]],[[67589,14997],[90,42],[34,66]],[[67778,14969],[6,-16],[-3,-18]],[[67781,14935],[-40,-17],[-19,-36],[36,-26],[-9,-43],[-6,-7],[-17,-22],[-9,-12],[-7,-22]],[[67710,14750],[-22,-70],[-30,-3],[-14,-13],[-5,-27],[1,-51]],[[67640,14586],[-7,-6]],[[67633,14580],[-20,-13]],[[66887,15804],[-6,-35],[-50,20],[-37,-25],[-30,18],[-16,-12],[-23,-8],[-11,-6],[-19,8],[-24,10],[-19,-14],[-2,-10],[-17,-40],[-11,-27],[-3,-10],[-2,-5]],[[66548,15707],[0,1]],[[66548,15708],[0,3]],[[66542,16034],[60,-7]],[[66602,16027],[76,-1],[64,24],[17,59]],[[66759,16109],[18,-19],[41,46],[53,-29]],[[66871,16107],[6,-94],[53,25],[-9,27],[46,-13]],[[66967,16052],[3,-2]],[[66970,16050],[1,-74]],[[66971,15976],[-13,-38],[27,-38]],[[66985,15900],[16,-18],[-25,-29],[-12,-32],[-28,2],[-12,-20]],[[66924,15803],[-37,1]],[[71566,15348],[-38,3]],[[71528,15351],[-58,57],[-12,11],[24,36]],[[71482,15455],[5,65]],[[71487,15520],[0,1],[-1,0]],[[71486,15521],[-69,39],[-62,11],[12,50],[-39,17],[0,131],[-56,11]],[[71272,15780],[-6,27]],[[71266,15807],[0,1]],[[71266,15808],[13,78]],[[71301,15922],[101,-52],[86,-43],[35,-60],[82,4],[51,-18]],[[71656,15753],[-11,-22],[-1,-18],[8,-46],[54,-41],[2,-48],[18,-10],[52,-1],[4,-12],[26,-7],[45,2],[1,6],[89,-31],[71,-24]],[[72014,15501],[29,-66],[-2,-34],[-20,-1],[-13,-5]],[[72008,15395],[-50,-17],[-7,-10],[-19,-17],[-24,-11],[-11,110],[-55,-13],[-18,-19]],[[71575,15376],[-2,1],[1,-3]],[[68766,15233],[-31,8],[-2,-8]],[[68820,15411],[43,-4]],[[68863,15407],[-7,-74]],[[68853,15332],[-19,-9],[-51,-20],[9,-61]],[[68954,15272],[61,9]],[[69015,15281],[24,5]],[[69039,15286],[1,0]],[[69040,15286],[40,50]],[[69198,15342],[33,-103],[10,-4],[25,31]],[[69266,15266],[46,-8],[-8,-74]],[[69304,15184],[1,-1],[1,0]],[[69306,15183],[9,-12],[4,-88]],[[69319,15083],[-48,13],[-43,5],[-54,31],[-106,26],[-82,9],[-45,7]],[[68654,14840],[-2,-19],[-17,2]],[[68635,14823],[1,15],[-16,29],[0,1]],[[68620,14868],[1,0],[-1,0]],[[68620,14868],[-1,20],[-28,-3],[-1,-8],[-8,8],[14,39],[-41,49]],[[68555,14973],[-16,45],[32,-43],[28,26],[-36,22],[43,7],[86,-6]],[[68678,14880],[-1,0],[-1,-2]],[[68666,14856],[-1,-2]],[[68252,15150],[-3,-14],[24,-19],[16,-8],[23,-2],[27,8]],[[68339,15115],[-10,-66],[-14,-11],[-22,-8],[-29,-7],[-37,-5],[-23,-6],[-21,-10]],[[68183,15002],[-23,-14]],[[68160,14988],[-4,-2],[-21,-7]],[[68135,14979],[-37,76],[-27,51],[-17,25],[-60,27]],[[67591,15261],[1,19],[16,36],[77,-8],[-3,34]],[[67682,15342],[16,31],[3,16],[73,14],[18,11],[10,1],[24,10]],[[67826,15425],[7,-6],[44,-18]],[[67877,15401],[11,-3],[29,-6]],[[67917,15392],[7,-11],[85,4]],[[68009,15385],[50,-16],[39,80],[51,14],[-17,-54],[57,-14],[-9,-29],[-1,-53],[47,-53],[48,-27],[5,-9],[5,-6],[8,-2],[21,-14],[11,-22]],[[68324,15180],[-15,-3],[-19,-17],[-15,9],[-14,-5],[-1,0],[-1,-6],[-7,-8]],[[68095,15323],[15,8],[-1,31],[-44,0],[4,-16],[26,-23]],[[68070,15539],[-37,-74],[27,-33],[-53,-39]],[[68007,15393],[-10,10]],[[67997,15403],[-9,67]],[[67988,15470],[0,27],[5,3],[-5,84]],[[67988,15584],[20,4],[55,-44],[7,-5]],[[67615,15616],[11,-9],[31,9],[46,8],[59,13]],[[67762,15637],[16,-8],[5,24],[36,-17],[1,-1],[22,-19],[4,-4],[9,-8],[25,22],[18,-12],[-39,-81],[-21,-40]],[[67838,15493],[-27,29],[-32,-3],[-7,23],[-48,-1],[-4,3],[-12,19],[-25,-16],[-41,-11],[-5,-9]],[[67637,15527],[-15,48],[-17,-11],[-37,16],[-8,-22]],[[67560,15558],[-27,0],[-34,10],[-53,4],[-20,-14],[-27,19]],[[67399,15577],[-3,11],[20,10],[-19,22]],[[67397,15620],[50,41],[-4,23],[23,-9],[4,-2],[23,11],[37,19]],[[67530,15703],[13,-23],[69,7],[27,48],[12,16],[-70,5]],[[67581,15756],[16,43]],[[67597,15799],[22,8],[8,-5],[14,-24],[46,-3],[13,-4],[20,-3],[7,-4],[7,-10],[-2,-14],[-48,-20],[23,-39]],[[67707,15681],[-50,5],[-42,-70]],[[67548,15679],[12,-26],[-12,26]],[[67643,15687],[-6,-25],[12,25],[-6,0]],[[72651,15805],[32,-2]],[[72683,15803],[6,1]],[[72689,15804],[5,-50],[-15,-61],[-6,-2],[13,-17],[-29,-16],[-20,1],[-56,4],[-44,-17],[-37,-2],[-20,-117],[-14,-33]],[[72466,15494],[-4,1]],[[72462,15495],[-8,-3],[-5,12],[-26,-7],[-22,7],[-48,-7],[-41,-1],[-12,-7],[-23,12]],[[72277,15501],[43,119],[2,6],[-16,19]],[[72306,15645],[20,17],[46,28],[2,152]],[[72374,15842],[71,1],[37,-15],[87,-18],[82,-5]],[[72294,15663],[12,-17]],[[72306,15646],[-31,22]],[[72275,15668],[19,-5]],[[66955,15748],[27,-6]],[[66982,15742],[0,-14]],[[66982,15728],[-6,-29],[-61,9],[-14,22],[1,19],[39,3]],[[66941,15752],[14,-4]],[[66685,15858],[1,-10],[2,9],[-3,1]],[[68148,15075],[-10,-3]],[[68138,15072],[10,3]],[[68620,14919],[-1,1],[-1,-1],[1,0],[1,0]],[[68552,14826],[32,-19],[-6,-16]],[[68578,14791],[-7,-5],[-41,8]],[[68530,14794],[7,31]],[[68537,14825],[2,1]],[[68539,14826],[13,0]],[[70028,16091],[-25,-57],[51,-30],[-15,-56]],[[70039,15948],[14,-38],[-4,-42],[24,-3],[80,48],[54,-31],[-12,-24],[-10,-86]],[[70185,15772],[-55,-102],[-49,20],[-15,10]],[[70066,15700],[-9,1],[-82,26],[-17,40],[-98,15]],[[69860,15782],[-49,-7],[-21,4],[-56,-18],[-120,14],[-9,31],[-23,-17]],[[69582,15789],[1,-1]],[[69583,15788],[36,-44]],[[69619,15744],[-18,-64],[-32,-28]],[[69569,15652],[-10,-12]],[[69559,15640],[-52,92],[-1,51],[-39,24],[23,20],[-6,4],[-53,83],[-24,14],[-40,-27]],[[69367,15901],[-43,48],[-21,37],[76,17]],[[69379,16003],[39,-5],[5,56],[57,59],[38,28],[6,6],[58,3],[44,-9],[41,86]],[[69667,16227],[23,46]],[[69690,16273],[54,-10],[21,37],[58,-17],[89,2],[30,-5],[14,-11],[43,-7],[118,-15]],[[70117,16247],[10,-51],[-32,-2],[-14,-123],[-53,20]],[[68168,11750],[3,0],[-1,1],[-2,-1]],[[68169,11866],[0,-1],[1,1],[-1,0]],[[68172,11810],[0,-1],[1,1],[-1,0]],[[71077,15263],[-1,8],[1,-8]],[[71115,15248],[-10,-30]],[[71105,15218],[-88,-15]],[[71017,15203],[41,69],[0,63],[-18,54],[41,42],[10,4],[18,18],[10,16],[-4,23],[45,31]],[[71160,15523],[92,-14],[29,26],[50,-43],[38,23]],[[71369,15515],[4,-3]],[[71373,15512],[26,-9],[1,-4]],[[71400,15499],[-6,-21],[-8,-48],[57,-29],[-17,-58],[10,-19],[12,-34],[-26,-38],[-22,-17],[-1,-7],[-27,4]],[[71372,15232],[-9,5],[-73,-11],[-19,12],[-19,0],[1,19],[-37,4],[-11,2],[-26,15],[-30,-27],[-29,-2],[-5,-1]],[[71231,15398],[1,-2],[0,1],[-1,1]],[[71335,15247],[0,1],[0,-1]],[[67866,14625],[-43,15],[-23,29],[-6,9],[-26,63]],[[67768,14741],[85,19],[20,15],[59,46],[7,9]],[[67939,14830],[14,17],[16,20],[48,2],[26,5],[10,2],[48,5]],[[68101,14881],[-10,-53],[27,-7],[32,-37],[10,-2],[2,-1],[43,-9]],[[68205,14772],[5,-14]],[[68210,14758],[-16,-101]],[[68194,14657],[0,-2]],[[68194,14655],[0,-1],[-3,-27],[6,-60]],[[68197,14567],[-54,-6],[-32,2],[-30,6],[-28,-18],[-11,-4],[-13,0]],[[68029,14547],[-40,6],[-23,8],[-26,5],[-25,38],[-40,14],[-9,7]],[[71589,15531],[1,0],[-1,0]],[[71585,15674],[1,2],[-1,0],[0,-2]],[[69835,16119],[1,2],[0,2],[-1,-4]],[[69741,16108],[1,-1],[-1,1]],[[78436,16387],[2,-1]],[[78438,16386],[-4,-5]],[[78434,16381],[-44,-4],[1,29],[-24,42],[-101,8],[80,54],[98,-1]],[[78444,16509],[-28,-95],[50,-9],[-21,-40],[-6,21]],[[78439,16386],[-3,1]],[[78519,16390],[-37,-10]],[[78482,16380],[-2,3]],[[78480,16383],[-8,120]],[[78472,16503],[53,-8],[73,-7],[146,-5],[101,-5]],[[78845,16478],[15,-145]],[[78860,16333],[-195,-1]],[[78665,16332],[-30,39],[-14,9]],[[78621,16380],[0,1],[-1,0]],[[78620,16381],[-64,16],[-5,-1],[-20,-5],[-12,-1]],[[66497,11551],[2,-2]],[[66349,11295],[-4,-4]],[[66388,11374],[24,7],[14,23]],[[66426,11404],[1,3]],[[66427,11407],[2,9],[-1,19],[-18,5],[16,37],[41,41],[-53,19]],[[68212,11830],[1,0]],[[68226,11873],[0,1]],[[68232,11895],[-1,34],[0,7],[-6,27]],[[68225,11963],[4,12],[1,20],[-1,23],[0,15],[13,18],[3,11],[-8,32],[-6,17],[3,2],[46,-8],[30,-43]],[[68310,12062],[0,-2],[1,2]],[[68311,12062],[21,2]],[[68349,12019],[-1,-1]],[[68260,11833],[0,-1]],[[68334,14407],[-15,62],[25,4],[30,8],[36,5],[44,-10],[-19,48],[31,1],[3,13],[46,24],[10,21],[27,-1]],[[68607,14569],[-6,-32],[54,1],[-15,-42]],[[68640,14496],[-3,-46]],[[68637,14450],[1,0]],[[68612,14428],[-36,-9]],[[68490,14468],[-1,1],[0,-1]],[[68468,14451],[-1,0],[1,-1]],[[68710,14555],[-29,-3],[10,12],[10,28]],[[68711,14617],[41,-3],[2,17],[50,-1],[2,0],[14,-34],[-57,-12],[-10,-6],[43,-3],[8,3],[78,20],[19,20],[108,-45],[27,24]],[[69036,14597],[-39,-62],[-34,-53],[-4,-42]],[[68685,14466],[1,9],[8,17],[7,13],[1,4],[8,46]],[[63928,13283],[-1,-5]],[[63927,13278],[-33,10]],[[63894,13288],[3,28],[24,-4],[18,27],[-15,21],[28,11],[20,34]],[[64017,13429],[1,2]],[[64039,13355],[-6,1]],[[64017,13320],[-2,0],[2,-1]],[[64013,13266],[-41,-7],[-1,16],[-43,8]],[[67144,15442],[42,30],[8,-1],[7,-5],[20,-8],[37,64],[48,11]],[[67306,15533],[0,-1],[2,0]],[[67308,15532],[3,-1],[7,27],[25,0],[36,-19],[19,37]],[[67398,15576],[1,1]],[[67560,15558],[48,-21],[-3,-18],[-12,-32],[-9,-16]],[[67584,15471],[-26,-20],[-37,-9],[-3,0],[-10,39],[-4,20],[-34,-19],[-7,4]],[[67463,15486],[0,1],[0,-3]],[[67463,15484],[-38,9],[-34,2],[0,-61]],[[67328,15411],[-27,-12]],[[68863,15407],[13,0],[15,-3],[52,28],[8,-20],[22,3],[5,-3],[20,-13],[33,55],[-20,19],[11,24]],[[69040,15286],[-1,0]],[[69015,15281],[-6,2],[6,-2]],[[69001,15513],[-18,8],[-3,-1]],[[68980,15520],[-54,13],[-30,31]],[[68896,15564],[51,7],[38,3],[-12,69],[46,14]],[[68505,14722],[2,78]],[[68507,14800],[19,-10],[4,4]],[[68578,14791],[26,0],[33,0],[-2,32]],[[68568,14645],[-25,2],[-14,22],[6,16],[-31,26]],[[68504,14711],[1,11]],[[67673,15352],[-21,17],[-11,32]],[[67641,15401],[-1,7]],[[67640,15408],[19,20],[-40,0]],[[67619,15428],[6,28],[3,29],[12,1],[-3,41]],[[67838,15493],[-7,-5],[-5,-63]],[[67682,15342],[-9,10]],[[67581,15756],[-25,-11],[-26,-42]],[[67397,15620],[-17,9],[-18,5]],[[67362,15634],[4,98],[7,-10],[3,-8],[27,-7],[15,61]],[[67418,15768],[52,11],[3,29],[21,3],[9,0],[2,-59],[41,35],[15,4],[29,6],[7,2]],[[67177,15851],[5,-1]],[[67182,15850],[-17,-22],[-9,33],[-1,1],[-29,18]],[[67126,15880],[-6,111],[-12,11],[-28,-6],[-7,2],[-24,-5],[-23,1],[-55,-18]],[[66970,16050],[0,1],[-3,1]],[[66871,16107],[-41,90],[94,25],[-32,34],[14,68]],[[66906,16324],[30,2],[78,33],[150,-9],[52,-31]],[[67216,16319],[-34,-56],[-19,-56]],[[67163,16207],[1,-5]],[[67164,16202],[101,-6],[5,32],[44,-19],[1,24],[78,-6],[5,8]],[[67398,16235],[19,-32]],[[67417,16203],[-15,-90],[4,-6],[-2,-35],[6,-24],[-2,-21],[-26,-17],[-35,-15],[-34,-11]],[[67313,15984],[-2,1],[-73,0],[-27,0],[-34,-134]],[[70515,14932],[-96,-7]],[[70419,14925],[22,70],[16,33]],[[70457,15028],[23,2],[8,8],[27,41],[-21,26],[62,28],[-13,38],[-1,13]],[[70542,15184],[-9,37],[-17,33],[-11,54],[-3,60],[-13,16],[-36,34]],[[70453,15418],[38,20],[40,14],[14,0],[-2,43],[92,-12],[11,10],[13,9],[22,1],[17,-13]],[[70698,15490],[0,-1]],[[70698,15489],[67,6],[45,10],[4,81],[75,20],[17,45],[-153,-31],[-40,-51]],[[70713,15569],[-8,15],[-2,54],[-64,47],[0,16],[-33,5],[14,40],[-74,108],[-38,-35],[0,-66],[-46,9],[-39,-10],[-20,8]],[[70403,15760],[-23,92],[-34,16],[-101,-2],[0,14],[64,46],[0,49],[45,7],[3,6],[-63,5],[-70,-3],[-34,1],[-151,-43]],[[70117,16247],[44,-6],[69,2],[24,-7],[83,5],[86,-13],[71,15]],[[70494,16243],[-6,-64]],[[70488,16179],[1,-5]],[[70489,16174],[56,-117]],[[70545,16057],[1,-79],[81,-15],[50,12]],[[70677,15975],[67,9],[33,18],[93,-42],[23,-6],[-25,-67],[25,-13]],[[70893,15874],[-17,-30],[64,-99],[-25,-80],[10,-9],[20,5],[32,10],[55,53],[107,-6],[28,-20]],[[71167,15698],[5,-42],[-6,-52],[-6,-81]],[[71017,15203],[-12,-7],[-11,0],[-75,-10],[-9,5],[-64,-4],[-48,-45],[-19,-2],[-42,-38],[6,-20],[51,5],[44,-67],[13,9],[40,-6],[29,-26],[-20,-37]],[[70900,14960],[-65,-17],[-35,4],[-111,0],[-21,-19],[-153,4]],[[67781,14935],[65,-6],[38,-11],[35,41],[24,-3],[-18,-41],[-5,-11],[11,-10],[-18,-21],[-18,-40],[44,-3]],[[67768,14741],[-17,5],[-28,3],[-13,1]],[[71656,15753],[54,88],[45,-18],[24,-40]],[[71779,15783],[9,-12],[33,12],[5,85],[19,24],[140,-20]],[[71985,15872],[18,-6],[-1,-31],[4,-65],[-30,-1],[-88,-27],[-1,-85],[8,-6],[60,5],[1,-2]],[[71956,15654],[-2,-1],[2,1]],[[71956,15654],[24,-12]],[[71980,15642],[-45,-74],[28,-6],[51,-61]],[[68200,11958],[12,-21],[-10,-23]],[[68202,11914],[-1,0]],[[68201,11914],[-16,43],[-18,-5]],[[68167,11952],[-23,30],[4,23],[30,-23]],[[68178,11982],[0,-1],[1,0]],[[68179,11981],[0,-1],[21,-22]],[[67807,16106],[-21,-60]],[[67786,16046],[-97,-8],[-17,11],[-35,53],[5,12]],[[67642,16114],[25,32],[20,52],[28,-7],[126,-7],[34,0],[32,91],[-79,47],[62,116],[89,-199],[59,-48],[30,18],[-3,-129],[9,-84],[60,-59]],[[68134,15937],[-104,-146],[-20,-10],[25,-6],[-17,-40],[-22,-82],[-14,3],[-19,3],[-22,-2]],[[67941,15657],[-46,78],[-25,12],[-27,20],[13,14],[-45,21],[-3,3],[-30,22],[-3,2],[-37,47],[-25,10],[-19,26]],[[67694,15912],[33,3],[17,-17],[24,-3],[7,9],[38,-22],[6,-64],[64,15],[16,15],[25,38],[19,-6],[-7,-12],[-4,-9],[17,-6],[4,10],[82,84],[-4,34],[-13,80],[-37,-65]],[[67981,15996],[-37,-5],[-9,37],[-6,78],[-38,0],[-30,0],[-21,0],[-33,0]],[[68145,20410],[-95,-2],[-56,42],[46,87],[67,25]],[[68107,20562],[40,3],[15,-21],[20,6],[14,-2],[16,61],[31,-19],[-7,-64],[54,-17],[18,10],[6,-2],[11,1]],[[68325,20518],[13,-88]],[[68338,20430],[-34,-6],[-34,12],[-53,21],[-16,-4],[-37,-103],[8,54],[-27,6]],[[70249,15168],[39,-20],[46,-22],[20,-49],[-64,7],[-102,-22]],[[70188,15062],[-39,79]],[[70149,15141],[31,49],[69,-22]],[[70433,14587],[72,-17],[-42,-15],[-30,32]],[[70609,15056],[1,-1],[0,1],[-1,0]],[[70600,15213],[1,1],[-1,0],[0,-1]],[[68746,14579],[-2,-8],[1,0],[1,8]],[[68775,14472],[1,0],[1,0],[-2,0]],[[70432,16222],[2,-1],[0,1],[-2,0]],[[68539,14452],[-2,0],[2,0]],[[68547,14498],[0,-6],[1,6],[-1,0]],[[68582,14737],[1,-1],[0,1],[-1,0]],[[71861,15584],[1,0],[-1,0]],[[71893,15635],[1,-1],[0,1],[-1,0]],[[70785,15380],[2,0],[-2,0]],[[67978,15786],[-13,-5],[13,5]],[[68311,12062],[-1,0]],[[68225,11963],[-25,-5]],[[68179,11981],[-1,1]],[[68167,11952],[-9,-13],[-25,11]],[[68098,12006],[-1,0]],[[68102,12058],[1,0]],[[68200,12162],[2,-2]],[[70423,12650],[27,22],[-2,39]],[[70448,12711],[30,-2],[0,54],[7,-1],[-3,-57],[36,-9],[0,27],[18,21],[-19,29],[-7,-25],[-27,42],[42,9],[13,0]],[[70436,12587],[0,1]],[[63869,13165],[30,48],[6,63],[35,-13],[-13,15]],[[63942,13407],[-22,-32],[-21,-20],[-12,11],[0,32]],[[71980,15642],[45,16],[5,16],[61,-21],[10,-6],[-14,-94],[9,-19],[54,-21]],[[72150,15513],[1,1]],[[72151,15514],[15,4],[80,-15],[3,-2],[26,0],[2,0]],[[72462,15495],[4,-2]],[[72466,15493],[27,-33],[19,-16],[1,0]],[[72513,15444],[1,0]],[[72514,15444],[36,-11],[1,1]],[[72681,15399],[-24,-79]],[[72657,15320],[-55,10],[-51,9],[-48,16],[-76,6],[-27,7],[-80,6],[-50,4],[-40,-21],[-36,-25],[-38,-23],[-52,8],[-104,-4],[-32,-10]],[[71968,15303],[40,92]],[[67399,15577],[-1,-1]],[[67308,15532],[-2,1]],[[67085,15526],[15,63],[-8,41],[38,41],[-32,19]],[[67098,15690],[53,15],[10,47],[6,9]],[[67167,15761],[51,-38],[48,1],[4,-27],[1,-2],[20,-12],[23,16],[-9,-46],[4,-18],[38,1],[15,-2]],[[68702,15561],[-13,45]],[[68916,15706],[25,-9],[-2,9],[32,49],[54,-46]],[[68896,15564],[-45,13],[-11,-25]],[[68840,15552],[-33,-80]],[[68763,15829],[23,21],[45,54]],[[68883,15860],[6,-54]],[[68889,15806],[-20,-7],[-48,20],[-9,-16]],[[68966,16101],[-16,77]],[[68950,16178],[72,-56],[43,4],[8,-9],[12,-10],[45,-3],[23,25],[2,13],[7,20],[60,33],[17,-6],[59,53],[0,3]],[[69298,16245],[24,-3],[15,7],[37,4]],[[69374,16253],[-4,-102],[6,-110],[3,-38]],[[69367,15901],[-12,-28],[-151,112],[-50,13],[-1,0],[-24,20],[-11,-2]],[[68135,14979],[-82,7],[25,-21]],[[68078,14965],[-27,-43],[50,-39],[0,-2]],[[72306,15645],[0,1]],[[72275,15668],[-36,16],[-18,16],[-5,46],[0,2]],[[72216,15748],[0,1]],[[72216,15749],[19,64],[73,26],[17,3]],[[72325,15842],[49,0]],[[69498,16228],[2,-27],[-51,14],[-1,11]],[[69448,16226],[4,7]],[[69452,16233],[-1,36]],[[69451,16269],[37,-6],[63,13],[61,1],[78,-4]],[[69667,16227],[-51,-17],[-18,47],[-37,-9],[-15,7],[-48,-27]],[[69619,15744],[49,-57],[91,1],[-4,-39],[-38,-79]],[[69717,15570],[-60,4],[-29,16]],[[69628,15590],[-59,62]],[[70249,15168],[75,49]],[[70324,15217],[22,-4],[50,33],[-16,27],[2,22],[-5,30],[-42,100]],[[70335,15425],[45,-10],[73,3]],[[70542,15184],[-74,15],[-12,-39],[-8,2],[-100,-44],[20,-27],[38,31],[26,-43],[25,-51]],[[70419,14925],[-64,-8],[-63,-13],[-42,83],[-53,-29]],[[70197,14958],[-29,11]],[[70168,14969],[20,93]],[[68418,14747],[-13,42]],[[68405,14789],[35,14],[12,20],[28,-29],[27,6]],[[68504,14711],[-2,0],[-29,-33],[27,-10],[-37,-20],[-6,20],[-10,32],[-21,2],[-15,12]],[[68411,14714],[7,33]],[[70478,12693],[1,0]],[[70479,12693],[-1,0]],[[68380,14748],[29,-42]],[[68409,14706],[-21,-27],[-26,-35],[-36,6],[-41,4],[41,80]],[[68326,14734],[2,-1],[-2,1]],[[68326,14734],[-12,30]],[[68314,14764],[-1,8],[-6,21]],[[68307,14793],[-12,5]],[[68295,14798],[1,28],[11,33]],[[68307,14859],[11,6]],[[68318,14865],[58,-2],[-6,-29],[29,-42]],[[68399,14792],[-19,-44]],[[75793,15160],[-54,-16],[-85,93],[-77,2]],[[75577,15239],[0,47]],[[75577,15286],[171,7],[-1,-72],[61,-6],[57,14],[-11,-69],[-61,0]],[[80783,16063],[32,-48],[-59,-44],[27,92]],[[80933,16018],[83,-46],[-129,1],[-5,37],[51,8]],[[82247,16104],[36,-13],[29,-33],[-66,-40],[-65,12],[2,37],[64,30],[46,-18],[-46,25]],[[78708,16142],[-27,-14],[22,-39],[-32,5],[32,-58],[-79,-69],[-61,57],[28,191],[-28,79]],[[78563,16294],[15,4],[134,-76],[-4,-80]],[[71747,16243],[-5,-75],[-43,-1]],[[71699,16167],[-33,70]],[[71666,16237],[81,6]],[[69266,16140],[42,-51],[7,-13],[30,9],[9,75],[-31,13],[-57,-33]],[[69272,16016],[-2,-1],[0,-1],[2,2]],[[69806,15306],[-6,-19],[-57,12]],[[69743,15299],[-72,26]],[[69671,15325],[29,36],[2,4],[18,91],[39,1],[5,38],[25,37]],[[69789,15532],[23,-7],[43,-18],[72,-25],[13,-1],[15,-6],[11,-7],[36,16],[52,3]],[[70054,15487],[10,-27],[17,-49],[1,-61],[-32,34],[-3,-48]],[[70047,15336],[-40,-30],[-15,-23],[11,-36],[9,-59]],[[70012,15188],[-12,-4],[-24,6]],[[69976,15190],[-43,21],[-21,-35]],[[69912,15176],[-8,47],[-28,-6],[-33,84],[-37,5]],[[69872,15365],[-4,0],[-2,0],[6,0]],[[63902,13211],[6,-3],[-6,3]],[[63911,13211],[8,-3],[40,15],[-3,8],[-22,5],[-23,-25]],[[67291,15579],[1,1],[-14,2],[13,-3]],[[67131,15629],[1,-1],[0,1],[-1,0]],[[67304,15635],[0,-1],[1,1],[-1,0]],[[73892,15901],[-48,-19]],[[73844,15882],[-19,14],[-55,28],[-18,-6],[-49,-4],[-2,-6],[-77,16]],[[73624,15924],[1,36],[37,31]],[[73662,15991],[25,16],[17,29],[10,6],[56,-17],[58,52],[22,33]],[[73850,16110],[89,-86],[40,-93],[-11,-40],[-76,10]],[[74232,15882],[-34,-86],[-63,26],[16,68]],[[74151,15890],[81,-8]],[[70451,15341],[0,-1],[0,1]],[[68248,14559],[-23,8],[-28,0]],[[68194,14655],[1,0],[-1,2]],[[68210,14758],[14,-2],[40,28],[0,-1],[6,-3],[15,-23],[29,7]],[[68409,14706],[2,8]],[[66605,15558],[21,3],[6,-2],[30,-5],[11,23],[41,-3],[47,66],[5,8],[14,-9],[3,5],[25,-3],[24,-28]],[[66832,15613],[0,-1]],[[66832,15612],[-20,-117]],[[66728,15493],[0,4],[0,-3]],[[70677,15975],[-9,86],[-10,79],[-90,-15],[-23,-68]],[[70489,16174],[-1,5]],[[70494,16243],[74,7],[90,9],[74,-8],[114,-4],[99,14],[99,3],[61,-9]],[[70953,15859],[-60,15]],[[72621,15551],[-1,0],[-1,0]],[[72514,15444],[-1,5],[0,-5]],[[72466,15493],[0,1]],[[72689,15804],[-6,-1]],[[72325,15842],[-17,44],[37,66]],[[72345,15952],[3,4],[-2,-3]],[[72346,15953],[-64,16],[-86,-35]],[[72196,15934],[-2,-3]],[[72194,15931],[-8,8],[-102,13],[-24,2],[6,57],[64,105],[24,40],[-51,1],[9,111]],[[72112,16268],[67,-4],[103,24],[66,-9],[53,-6],[88,1]],[[72489,16274],[5,-78],[-32,2],[-44,-75]],[[72418,16123],[-13,0],[-24,-79],[5,-33],[93,27],[9,31]],[[72488,16069],[29,-5],[75,-1],[16,22],[42,34],[-21,58],[-14,64],[-6,39]],[[72609,16280],[47,3],[11,-1],[17,0]],[[72684,16282],[-2,-126]],[[72682,16156],[-6,-20],[-16,-15],[-7,-1],[0,-1],[10,-44],[13,-9],[29,-26],[15,-32],[1,0]],[[72721,16008],[0,-1],[0,1]],[[72721,16008],[77,-17],[-6,65],[72,-56]],[[72864,16000],[-1,-39],[-7,-15],[-4,-97],[34,3]],[[72886,15852],[6,2]],[[72892,15854],[37,12],[34,6],[7,5],[59,-16],[9,-4]],[[73038,15857],[1,-1],[0,1]],[[73039,15857],[50,2],[11,-1]],[[73100,15858],[31,-41],[22,43]],[[73153,15860],[13,21],[10,-1],[41,14],[13,-2],[21,-3],[12,12],[19,29]],[[73282,15930],[1,-1],[40,27]],[[73323,15956],[2,0],[0,1]],[[73325,15957],[4,101],[5,20]],[[73334,16078],[126,-16],[-4,-12],[78,-65],[17,94],[23,-47],[56,-30]],[[73630,16002],[32,-11]],[[73624,15924],[-14,-64],[2,-72]],[[73612,15788],[-47,1],[-95,-6],[-51,-50],[-49,-84],[-65,-1],[13,29],[-46,-1],[27,33],[-22,7],[-20,21],[-29,6],[-8,-10],[-13,-10],[53,-61],[48,-57],[-24,-19],[-38,31],[-61,27],[-36,-16]],[[73149,15628],[-72,64],[-37,-19]],[[73040,15673],[-5,-2]],[[73035,15671],[-14,-21],[-38,-33],[28,-43],[-60,-53],[26,-11],[53,-24]],[[73030,15486],[-21,-51],[27,-24]],[[69426,15377],[-15,-36]],[[69411,15341],[-16,0],[-81,-5],[-2,25]],[[69312,15361],[1,1],[0,1]],[[69313,15363],[-12,12]],[[69271,15479],[24,-4],[43,11],[42,-61],[21,-6],[14,12],[61,50]],[[69476,15481],[1,-1],[-1,1]],[[69476,15481],[1,5]],[[69477,15486],[35,69],[45,-14],[71,49]],[[69717,15570],[72,-38]],[[69671,15325],[-64,-1]],[[69607,15324],[-87,32],[-3,-3],[-92,38],[1,-14]],[[66955,15748],[-12,4]],[[66943,15752],[-19,51]],[[66985,15900],[49,47],[23,-21],[28,-41],[-59,-10],[-10,-27],[41,-40]],[[67057,15808],[-30,-5],[-35,-40]],[[66992,15763],[-2,0],[2,-1]],[[66992,15762],[-10,-20]],[[68539,14826],[-2,0],[0,-1]],[[68405,14789],[-6,3]],[[68318,14865],[30,69]],[[68348,14934],[34,-15],[35,-7]],[[68417,14912],[40,-20]],[[68457,14892],[0,-1],[2,0]],[[68459,14891],[28,-8],[19,9],[-11,23]],[[68495,14915],[35,59],[25,-1]],[[67694,15912],[-1,17],[3,33],[41,20],[6,8],[37,-9],[-3,-70],[33,16],[23,15],[36,-2]],[[67869,15940],[34,-29],[39,20],[39,65]],[[67313,15984],[-9,-96],[22,-34],[-28,-8],[-9,15],[-14,13],[-46,-10]],[[67229,15864],[-18,6],[-25,-14],[-4,-6]],[[73162,14977],[-90,-10],[-17,66],[122,64],[46,21],[20,-54],[96,-178],[-97,112],[-80,-21]],[[72691,14960],[93,-29],[-63,-60],[-47,21],[-78,37],[41,6],[-1,41],[55,-16]],[[73360,15430],[-77,28],[-10,101]],[[73273,15559],[95,-52],[10,-4],[6,34]],[[73384,15537],[169,-4],[119,-13],[43,-21],[32,-84],[-29,41],[-21,-64],[-51,18],[-44,14],[-17,-40],[-142,13],[-83,33]],[[72841,15704],[-3,0],[3,0]],[[72841,15704],[4,0],[-4,0]],[[73170,16363],[-11,-132]],[[73159,16231],[-35,-26],[-30,51],[-27,-106],[-21,5],[-13,10],[-21,-48],[0,-2]],[[73012,16115],[-3,-1]],[[73009,16114],[-62,104],[1,5],[46,79],[9,30]],[[73003,16332],[89,21],[78,10]],[[73163,15746],[-35,51],[-16,-59],[14,-26],[37,34]],[[73362,15923],[-1,0],[2,0],[-1,0]],[[72953,15810],[1,1]],[[72954,15811],[-1,-1]],[[72978,15807],[-1,-2]],[[72977,15805],[1,2]],[[73070,15772],[1,2],[0,3],[-1,-5]],[[68552,14839],[3,0],[-3,0]],[[68540,14833],[0,1],[-1,0],[1,-1]],[[68537,14843],[-2,0],[2,0]],[[65789,12555],[23,-5],[-1,-6],[-3,-6],[10,-1],[15,-2],[1,4],[43,12]],[[65854,12512],[-23,15],[0,-1],[-1,-7],[-4,-21],[-3,-9],[33,-27],[-21,-12],[58,-46]],[[65901,12391],[-29,8],[0,-11]],[[65872,12388],[-29,-54]],[[67671,14176],[-1,1]],[[67809,14405],[20,-14],[16,-2]],[[67845,14389],[33,-10],[75,-34],[7,-15]],[[67273,15077],[1,0],[0,1]],[[67274,15132],[3,17],[-19,27]],[[67361,15226],[1,-1],[0,1]],[[67431,15329],[-6,1]],[[67463,15484],[0,2]],[[67584,15471],[-6,-30],[41,-13]],[[67640,15408],[0,-1],[1,-6]],[[67525,14985],[0,-1]],[[67339,14732],[0,1]],[[67312,14838],[-45,20]],[[66431,16207],[-1,0]],[[66420,16220],[69,46],[8,-51],[42,46],[-20,13],[79,47],[80,9],[121,-31],[61,39],[46,-14]],[[66759,16109],[-139,31],[-25,17],[-13,-41],[20,-89]],[[66913,15649],[-2,0],[2,0]],[[66832,15612],[0,1]],[[66943,15752],[-2,0]],[[66982,15728],[70,-26]],[[67052,15702],[-1,-2],[1,1]],[[67052,15701],[27,3],[19,-14]],[[71541,15117],[15,-20],[14,12],[54,-19],[-7,-28],[-6,-67],[86,38],[33,17],[65,-53]],[[71795,14997],[3,-44],[-23,-73],[-56,-10],[-90,-65],[31,33],[-8,91],[-44,48],[6,-69],[-5,-45],[-66,48],[-70,17],[-23,2]],[[71161,15140],[5,2],[29,-12],[41,-12],[45,-18],[22,-5],[32,44],[-23,10],[5,22],[35,-9],[20,70]],[[71400,15499],[82,-44]],[[71528,15351],[0,-3],[-5,-53],[-27,-23],[11,-30],[40,-9]],[[71547,15233],[-28,-41],[13,-20],[-18,-22]],[[71514,15150],[4,-35],[23,2]],[[68948,15486],[10,-16],[28,19],[-6,28],[0,3]],[[68840,15552],[46,-45],[15,-10],[26,-5],[21,-6]],[[69713,15128],[68,-55],[-12,-59],[-20,5],[-27,48],[-59,10],[-41,-89]],[[69622,14988],[-21,19],[-53,11],[-97,25],[-30,3],[-71,23],[-31,14]],[[69306,15183],[-2,1]],[[69266,15266],[23,97]],[[69313,15363],[-1,-2]],[[69411,15341],[16,-25],[0,-93],[23,-10],[25,-6],[29,-7],[42,9]],[[69546,15209],[53,-31],[72,-30],[10,-20],[32,0]],[[69477,15486],[-1,-5]],[[69266,15660],[62,-13],[83,-26],[23,-13],[1,31],[72,-26],[52,27]],[[68316,20709],[38,-123],[25,18],[-10,-48],[-44,-38]],[[68107,20562],[16,103],[26,-8],[31,-10],[31,11],[5,41],[54,15]],[[68370,20746],[2,-32],[-34,-2]],[[67417,16203],[57,39],[11,30],[-21,44],[1,3]],[[67465,16319],[33,-16]],[[67498,16303],[12,-12],[7,-6]],[[67517,16285],[62,-39],[-46,-76],[-4,-33],[113,-23]],[[67786,16046],[3,-30],[51,-1],[15,11],[29,0],[-7,-52],[-8,-34]],[[67941,15657],[-3,-16],[-5,-35],[9,-3],[13,-4],[33,-15]],[[67988,15470],[-32,12],[23,-28],[-26,16],[-5,-29],[49,-38]],[[68007,15393],[2,-8]],[[67917,15392],[19,80],[-17,-2],[-5,-32],[-27,15],[-10,-52]],[[67762,15637],[-55,44]],[[67418,15768],[-1,1],[1,-1]],[[67167,15761],[13,-3],[71,25],[-10,34],[-12,47]],[[71985,15872],[-33,71],[-72,36],[21,35],[-55,34],[20,52],[-2,20],[-36,-14],[-42,-18],[31,47],[-72,-20],[3,-23],[-54,7],[5,68]],[[71747,16243],[117,6],[216,12],[32,7]],[[72194,15931],[2,3]],[[72346,15953],[-1,-1]],[[72216,15749],[-5,0],[5,-1]],[[72151,15514],[-1,-1]],[[70324,15217],[11,26],[-69,19],[-52,-35],[-3,110],[-29,-23],[-18,-35],[-40,40],[-24,10],[-30,8],[-23,-1]],[[70054,15487],[2,19],[40,7],[-51,67],[-21,55]],[[70024,15635],[52,32],[-10,33]],[[70185,15772],[20,-14],[36,-130],[37,2],[98,-10]],[[70376,15620],[1,-5],[-22,-57]],[[70355,15558],[-4,1],[3,-3]],[[70354,15556],[-13,-47],[-31,-61],[4,-12],[21,-11]],[[78845,16478],[153,-23],[-88,-123],[-50,1]],[[73844,15882],[-60,-47],[-49,-32],[-12,-4],[-52,-12],[-59,1]],[[74151,15890],[44,69],[40,-30],[-3,-47]],[[72892,15854],[-6,-2]],[[72864,16000],[33,10],[-35,51],[12,46]],[[72874,16107],[2,7]],[[72876,16114],[12,1],[21,-4],[72,-44],[7,4]],[[72988,16071],[0,1]],[[72988,16072],[24,42]],[[73012,16114],[0,1]],[[73159,16231],[81,-31],[-42,-98],[-20,-25],[69,-33],[-21,-71],[57,-42]],[[73283,15931],[-1,-1]],[[73153,15860],[-53,-2]],[[73039,15857],[-1,0]],[[73622,16214],[-58,-86]],[[73564,16128],[-6,-2],[6,2]],[[73564,16128],[40,-25],[18,-1],[29,-2],[-21,-98]],[[73334,16078],[4,33],[51,-13],[60,48],[77,-27],[7,44],[37,77]],[[73570,16240],[52,-26]],[[72489,16274],[37,8],[13,-1],[57,-4],[13,3]],[[72488,16069],[-14,12],[-56,42]],[[72684,16282],[19,-4]],[[72703,16278],[16,-98],[-37,-24]],[[71451,15143],[2,-1]],[[71453,15142],[-2,1]],[[72213,15633],[4,1],[-2,0],[-2,-1]],[[66560,16191],[76,-20],[71,70],[-32,68],[-120,-72],[5,-46]],[[73131,16119],[0,1],[0,-1]],[[67377,14986],[0,1]],[[67377,14987],[0,-1]],[[67445,15312],[24,-29],[49,24],[3,18],[-34,34],[-42,-47]],[[67467,15221],[-1,-2],[1,0],[0,2]],[[74678,15434],[-108,6]],[[74570,15440],[95,118],[107,28],[76,-46],[-18,-39],[0,-7],[-1,-80]],[[74829,15414],[-51,7]],[[74778,15421],[0,1],[0,-1]],[[74778,15421],[-62,-25],[-38,38]],[[74781,15227],[34,-7],[-32,-62]],[[74783,15158],[-95,57]],[[74688,15215],[40,58],[53,-46]],[[67042,15665],[1,1],[-1,-1]],[[75132,21530],[-93,32],[-3,102],[74,40],[18,-76],[52,1],[83,15],[11,-76],[-79,-91],[-47,-7],[-16,60]],[[75123,22111],[78,-65],[3,-53],[-45,-6],[-43,43],[7,81]],[[79047,16336],[46,84],[67,-22],[-40,-116],[-73,54]],[[71779,15783],[1,2],[-1,-2]],[[71415,16046],[130,-28],[-9,-43],[70,-8],[41,203],[17,-3],[35,0]],[[70149,15141],[-23,-35],[-34,72],[-80,10]],[[70354,15556],[1,2]],[[70376,15620],[13,90],[-8,47],[22,3]],[[70698,15489],[0,1]],[[72703,16278],[34,1],[29,9],[26,5],[87,17],[124,22]],[[73009,16114],[3,0]],[[72988,16072],[0,-1]],[[72876,16114],[-10,3],[8,-10]],[[70476,15491],[-4,-1],[4,1]],[[69257,13307],[16,-9]],[[69273,13298],[-1,-22]],[[69272,13276],[-14,-9]],[[69258,13267],[-2,0]],[[69256,13267],[-17,-12]],[[69239,13255],[-25,6]],[[69214,13261],[0,-1]],[[69214,13260],[-2,-3]],[[69212,13257],[-1,0]],[[69211,13257],[-24,-46],[-14,25],[-17,13],[-3,3]],[[69196,13170],[17,6]],[[69213,13176],[23,-22],[-1,-2],[8,-7],[1,0]],[[69244,13145],[0,3]],[[69244,13148],[23,-3],[-33,-79]],[[78620,16381],[1,-1]],[[78665,16332],[87,-125],[6,-87],[-50,22]],[[78563,16294],[-51,15],[-53,-82],[-17,-142],[-72,-51],[-25,-8],[-24,58],[-19,-45],[-28,36],[-98,-10],[83,128],[109,72],[66,116]],[[78438,16386],[1,0]],[[78444,16509],[28,-6]],[[78480,16383],[1,-4],[1,1]],[[69883,15093],[-22,-29],[-35,33],[22,41],[9,23]],[[69857,15161],[1,0]],[[69858,15161],[15,-3],[39,18]],[[69976,15190],[23,-44],[-36,-20],[48,-23],[-40,-41],[-19,-2],[-33,-12],[-30,42],[-6,3]],[[69194,13273],[0,1]],[[69194,13274],[0,-1]],[[69179,13266],[1,1],[-1,-1]],[[69213,13176],[-10,24],[5,8],[-1,11],[24,14]],[[69231,13233],[19,-6]],[[69250,13227],[19,-11],[-6,-20],[-7,-11],[19,-20],[9,5],[3,18],[12,40],[20,-13],[10,41],[36,-3],[17,31]],[[69382,13284],[45,28],[19,-38]],[[69335,13105],[-2,1]],[[69244,13148],[0,-3]],[[71105,15218],[-3,-97],[10,-8]],[[71130,15054],[1,-1]],[[71160,14944],[-28,3],[-125,4],[-107,9]],[[71547,15233],[8,-2],[23,53]],[[71726,15239],[6,0]],[[71829,15087],[-34,-90]],[[67164,16202],[-1,5]],[[67216,16319],[41,-7],[44,9],[76,48],[26,-18],[62,-32]],[[68950,16178],[80,-12],[12,57],[63,27],[43,-23],[74,27],[19,0],[31,-7],[26,-2]],[[69871,15031],[22,-15],[32,-28],[66,48],[47,-13],[57,5],[20,-24],[53,-35]],[[70197,14958],[19,-40],[-116,-5],[-82,-13],[-116,26],[-111,37]],[[69791,14963],[17,46],[63,22]],[[67498,16304],[3,6],[17,-10],[2,-8],[-3,-7]],[[67498,16303],[0,1]],[[71009,14973],[1,0],[-1,0]],[[71572,15215],[0,-1],[1,1],[-1,0]],[[68531,15459],[19,-2]],[[68594,15525],[59,-21],[30,23]],[[68489,15379],[5,36],[-19,29],[-49,-16],[-19,50]],[[69374,16253],[77,16]],[[69452,16233],[-44,8],[40,-15]],[[71373,15512],[-4,3]],[[71167,15698],[105,82]],[[71486,15521],[1,-1]],[[68307,14859],[-56,21],[-24,44],[-22,-152]],[[68078,14965],[67,-42],[15,65]],[[68183,15002],[4,-66],[2,-12],[39,3],[84,92],[36,-85]],[[70024,15635],[-53,47],[-34,-20],[24,-27],[-45,-18],[-62,44],[-31,37],[37,84]],[[69607,15324],[-69,-69],[6,-32],[2,-14]],[[67633,14580],[26,-78]],[[67845,14389],[30,79]],[[67875,14468],[63,-6],[48,-4],[33,22],[10,67]],[[68181,14517],[-26,-4],[-41,-16],[-33,-13],[-16,4],[-20,-4],[1,-61],[-59,-11],[9,-69]],[[68134,15937],[9,-18],[29,-35],[70,-37],[32,-150],[11,-117],[-46,-19],[-33,48],[-76,80],[-42,-127],[-18,-23]],[[73622,16214],[40,-20],[17,-9],[60,-29],[15,-7],[96,-39]],[[69273,13298],[11,-4],[38,8],[60,-18]],[[69250,13227],[15,32],[-9,8]],[[69258,13267],[14,9]],[[69281,13239],[-1,0],[1,-1]],[[69281,13238],[0,1]],[[67410,13888],[-1,0]],[[67409,13888],[1,3],[6,18],[3,16],[12,2],[0,20],[0,9]],[[67477,13849],[-1,0]],[[71968,15303],[-17,-19],[-45,-45]],[[73170,16363],[149,-26],[157,-52],[94,-45]],[[73325,15957],[-2,-1]],[[73282,15930],[1,1]],[[73287,16091],[1,-1],[0,1],[-1,0]],[[69117,15722],[20,66],[-15,-3]],[[69189,15928],[3,0],[0,1],[-3,-1]],[[66366,11459],[1,1]],[[66427,11407],[0,-1],[-1,-2]],[[65872,12388],[28,-2]],[[65794,12640],[-1,8]],[[70448,12711],[-13,2]],[[70436,12715],[-28,16],[-6,-18]],[[70397,12710],[-1,0]],[[70401,12843],[70,-7],[42,74],[-21,-38],[62,-25]],[[69143,13231],[1,0]],[[69211,13257],[1,-2],[0,2]],[[69214,13260],[0,1]],[[69239,13255],[-8,-22]],[[68638,14450],[-1,0]],[[63894,13288],[-24,26],[-46,38]],[[67640,14586],[42,-37],[14,25],[68,2],[23,-45],[48,14],[-26,-61],[66,-16]],[[71266,15808],[-14,-3],[14,2]],[[71508,16230],[18,0],[12,0],[61,-1],[41,8],[26,0]],[[72869,15284],[-127,22],[-5,0],[-26,8],[-54,6]],[[68889,15806],[36,48],[60,-53],[17,16]],[[68715,14657],[21,16],[51,13],[0,-24],[32,2],[0,47],[-67,-8]],[[68830,14809],[0,-1]],[[68884,14791],[84,-30],[31,-16],[-32,-9],[52,-42],[17,-97]],[[68441,20771],[45,-140],[37,-22],[89,35],[-16,-38],[2,-102],[-151,-76],[-29,-69],[-10,60],[-70,11]],[[68324,15180],[15,-65]],[[67126,15880],[-18,-42],[-40,-34],[-11,4]],[[68201,11914],[1,0]],[[68170,11873],[-1,0]],[[68295,14798],[12,-5]],[[69743,15299],[0,-1],[0,1]],[[69858,15161],[-2,1],[1,-1]],[[69791,14963],[-98,28],[-71,-3]],[[75577,15239],[-71,9],[71,38]],[[73035,15671],[5,1],[0,1]],[[73149,15628],[-33,-30],[-52,-57],[-34,-55]],[[73273,15559],[49,37],[62,-59]],[[68459,14891],[-2,1]],[[68417,14912],[78,3]],[[74688,15215],[-84,113],[-34,112]],[[74829,15414],[8,-43],[38,0],[58,16],[37,-50],[108,-184],[-88,-63],[-207,68]],[[68861,14676],[7,-2],[-7,2]],[[68751,14657],[-3,13],[3,-13]],[[70458,12767],[-2,3],[0,-2],[2,-1]],[[66399,11434],[0,1],[-1,-1],[1,0]],[[67052,15701],[0,1]],[[66992,15762],[0,1]],[[69583,15788],[-1,1]],[[67184,15778],[-1,-2],[1,2]],[[40629,16920],[91,82],[22,-17],[17,-40],[-34,0],[-49,-83],[-37,-62],[-34,-48],[16,-72],[-57,-2],[38,121],[-20,97],[47,24]],[[41071,16450],[-266,-59],[-15,35],[56,64],[111,48],[40,71],[-14,49],[10,118],[-19,21],[53,24],[-3,34],[18,-20],[41,36],[87,-105],[39,4],[22,23],[-80,81],[30,130],[-68,12],[-44,-32],[-6,43],[-63,-9],[10,68],[-77,141],[48,65],[64,184],[-38,59],[26,89],[105,272],[83,38],[31,-25],[-23,-116],[48,-85],[-177,-60],[53,-125],[47,30],[39,112],[27,-40],[99,-15],[9,59],[89,51],[-3,35],[152,5],[93,98],[38,61],[10,16],[61,170],[11,92],[-3,18],[-6,21],[40,48],[-43,38],[-17,39],[19,98],[14,44],[1,48],[32,9],[15,78],[-55,36],[9,123],[123,-22],[-8,85]],[[41946,18860],[69,1],[23,78],[66,-63],[68,-50],[14,-78],[7,-18],[34,-18],[13,144],[52,18],[16,-43],[114,19],[14,-48],[29,-36],[36,-42],[97,2],[13,-2],[10,3],[12,4],[9,-4],[20,-1],[26,25],[98,62],[32,88],[36,-20],[32,18],[14,-22],[15,-36],[17,-24],[15,2],[39,-15],[9,-5],[4,-2],[83,22],[6,0],[1,0],[39,-3],[45,3],[2,-6],[-2,-78],[-6,-3],[-10,-16],[-3,-25],[4,-26]],[[43158,18665],[-52,-27],[-13,-77],[-9,-10],[-1,-25],[-51,-5],[-3,1],[-3,1],[-3,0],[-20,-8],[4,-72],[-31,-46],[6,-49],[13,-10]],[[42995,18338],[0,-1]],[[42995,18337],[-13,-49],[-15,0],[-19,-79],[-12,-35],[-3,-27],[-35,-19],[-11,-13],[-98,62],[-14,-1],[-24,13],[-34,-21],[-44,6],[-34,-40],[-26,-25],[-19,-34],[-29,-64],[-20,-12],[-18,-80],[-20,-2],[-44,-82],[-1,5],[-30,-36],[35,-51],[-17,-28],[-26,2],[0,-3]],[[42424,17724],[-81,-4],[-7,-85],[64,-19]],[[42400,17616],[0,-2],[-40,-79],[-23,4],[-24,-49],[-24,0],[-51,-122],[-18,-13],[55,-83],[1,-43],[-24,-118]],[[42252,17111],[0,-1],[-18,-64],[-58,-102],[-58,0],[44,41],[-49,-14],[-9,28],[6,-43],[-17,37],[-28,-17],[28,-21],[-19,-53],[10,-25],[-38,-96],[-48,-49],[-34,-41],[56,-46],[1,-44],[-34,-11],[12,-25]],[[41999,16565],[-126,-40],[-26,-4],[10,-43],[-244,-54],[-160,38],[-73,10],[-111,-1],[-45,3],[-53,-34],[-92,13],[-8,-3]],[[41726,17660],[-1,-1],[1,1]],[[41922,17519],[-1,0],[-4,-1],[5,1]],[[42099,17494],[0,-1],[0,1]],[[41994,17407],[-2,45],[2,-45]],[[41994,17407],[-3,-14],[3,14]],[[41950,18063],[-10,81],[-9,5],[-37,-1],[0,-2],[6,-68],[7,-14],[34,-13],[9,12]],[[41896,18249],[20,-2],[47,12],[11,28],[-21,18],[-11,-4],[-46,-25],[0,-27]],[[42470,17944],[0,-2],[0,1],[0,1]],[[42318,17949],[2,2],[-2,-2]],[[42514,18221],[3,0],[-3,1],[0,-1]],[[42318,17705],[-1,-3],[0,-2]],[[42317,17700],[1,5]],[[42317,17700],[-8,-4],[-68,-11],[29,-50],[47,9],[0,56]],[[41858,18303],[1,-4],[-1,3],[0,1]],[[42149,18288],[1,0],[-1,0]],[[42122,18376],[7,1],[-3,0],[-4,-1]],[[42436,18639],[9,3],[-7,0],[-2,-3]],[[42783,18420],[0,3],[-1,-4],[1,1]],[[43043,18753],[-1,-2],[1,2]],[[42051,17895],[0,1],[0,-1]],[[42004,17975],[-1,-1],[1,1]],[[42080,18216],[-2,0],[2,0]],[[41863,17697],[1,-1],[0,2],[-1,-1]],[[41911,17685],[5,3]],[[41916,17688],[-5,-3]],[[41724,17410],[-2,1],[2,-1]],[[42619,16529],[-76,17],[-180,24],[-152,-9],[-61,-15],[-68,-43],[29,-56],[-73,-11],[25,100],[-40,-6],[4,28],[-28,7]],[[42252,17111],[1,-2],[-1,2]],[[42400,17616],[0,36],[39,7],[-15,65]],[[42995,18337],[1,0],[-1,1]],[[43158,18665],[26,2],[27,9],[112,-19],[9,-21]],[[43332,18636],[-1,-7],[1,1]],[[43332,18630],[36,-55],[25,6]],[[43393,18581],[1,3],[2,10]],[[43396,18594],[71,39],[23,-5],[9,-1],[-25,-38],[29,-7],[7,4],[41,31],[40,-28],[46,-21],[24,-26],[8,-2],[82,-58],[14,0],[132,19],[7,-5],[99,10],[6,2],[36,-13]],[[44045,18495],[21,-29],[44,-32],[40,-2]],[[44245,16907],[-61,-5],[31,-83],[-74,-56],[-25,-85],[61,-62],[18,28],[28,-30],[118,197]],[[44186,16540],[0,1],[0,-2]],[[44167,16374],[1,-2]],[[44034,15905],[-31,-38],[-31,-31],[-69,18],[-76,-27],[-93,83],[-70,169],[-42,-19],[-97,-117],[-102,51],[27,61],[-64,54],[-61,32],[-33,15],[-39,12],[-92,16],[-139,59],[-129,61],[-68,79],[-83,91],[-87,42],[-36,13]],[[42555,16770],[2,2],[-7,-7],[5,5]],[[42351,17055],[0,-1],[1,2],[-1,-1]],[[43669,16709],[6,-47],[-43,-29],[-64,-137],[2,-103],[4,-1],[49,61],[87,82],[11,157],[-52,17]],[[43866,17589],[5,-4],[-2,3],[-3,1]],[[43772,17678],[5,4],[-5,-4]],[[43231,18047],[9,1],[-9,-1]],[[43692,17995],[11,-56],[117,67],[3,34],[-131,-45]],[[43954,17870],[0,-1],[1,-1],[-1,2]],[[43799,18170],[35,22],[-1,1],[-45,-24],[11,1]],[[43432,18430],[3,2]],[[43435,18432],[-3,-2]],[[43273,18590],[0,2],[0,-2]],[[42749,16921],[-2,-3],[1,0],[1,3]],[[43081,16922],[0,1],[0,-1]],[[43175,18313],[-1,-2],[2,2],[-1,0]],[[43727,17065],[-6,6],[-4,-1],[10,-5]],[[44168,16580],[1,-1],[1,-1],[-2,2]],[[42181,16671],[8,-2]],[[42189,16669],[-8,2]],[[44016,18041],[1,1],[-2,0],[1,-1]],[[43011,16685],[0,-1],[0,1]],[[43056,17301],[1,-1],[1,2],[-2,-1]],[[43993,18914],[-1,1]],[[43992,18915],[-50,24],[-24,15],[23,40],[21,49],[-21,2],[17,25]],[[43958,19070],[0,1]],[[43958,19071],[33,11],[7,26],[26,37],[-10,44],[3,32],[-10,10],[-36,52],[-50,35],[-5,9],[-41,46],[-21,19],[-1,7],[0,80],[-21,24],[-20,34],[-1,38],[43,16],[48,72],[31,15],[6,-27],[39,52],[98,2],[17,27]],[[44093,19732],[62,-30],[69,-8],[50,-16],[47,-25],[10,-4],[35,-4],[55,16],[105,60],[41,64],[59,-47],[78,-32],[32,-3],[77,23],[9,0],[169,81],[-29,-22],[54,17],[16,-40],[32,-27],[66,42],[36,-26],[66,-52],[30,-51],[-15,-43],[9,-40],[9,-31],[39,-55],[-22,-19]],[[45160,19439],[-40,-4],[-19,-20],[-2,-9],[-43,-20],[-69,-28],[-19,45],[-7,1],[-26,-60],[-22,1],[-6,-4]],[[44907,19341],[-3,4],[2,-4]],[[44906,19341],[-1,-2],[-39,-59],[17,-16],[-9,-28],[-25,1],[-60,-4],[-11,-51],[-2,-1],[-82,-59],[-1,0],[-55,-37],[-4,-19],[4,-38],[55,-23]],[[44693,19005],[1,0]],[[44694,19005],[1,0],[7,-4],[-16,-20],[61,-27],[9,-11],[40,9],[9,50]],[[44805,19002],[2,0]],[[44807,19002],[12,-5],[18,-26],[34,-8],[-7,-38],[66,-10],[10,9],[29,-17]],[[44969,18907],[18,-46],[5,-23],[7,-27],[8,-51],[5,-32],[18,-44],[12,-9],[-8,-23],[5,-29],[2,-49],[8,-33],[8,-26],[-11,-13],[-33,-30],[19,-49],[-12,-48]],[[44777,18434],[0,1],[0,-1]],[[44725,18466],[-1,0],[-1,0]],[[44509,18405],[-1,-1]],[[44467,18411],[0,2],[0,-2]],[[44045,18495],[5,7],[-25,72],[16,57],[-17,29],[4,44],[-32,24],[-6,93]],[[43990,18821],[3,92]],[[43993,18913],[0,1]],[[44240,18911],[0,-2],[0,-1],[0,3]],[[44401,18595],[1,-1],[-1,1]],[[44184,19482],[1,0],[-1,1],[0,-1]],[[44048,19574],[0,2],[0,-2]],[[44654,19561],[-1,0]],[[44653,19561],[1,0]],[[44653,19561],[0,-1]],[[44653,19560],[0,-1],[0,2]],[[44700,19429],[1,-1],[-1,1]],[[44535,19308],[2,0],[1,0],[-3,0]],[[44504,19413],[1,-1]],[[44505,19412],[-1,1]],[[44407,19438],[1,-2],[-1,2]],[[44698,19338],[2,0],[-2,0]],[[44691,19311],[-1,0],[1,0]],[[44751,19213],[1,-2],[0,2],[-1,0]],[[44824,19542],[1,0],[-1,0]],[[44795,19553],[0,-1],[0,1]],[[44504,18840],[0,-1],[2,1],[-2,0]],[[44624,18728],[1,1],[-1,1],[0,-2]],[[44917,18728],[-11,0],[0,-2],[11,2]],[[44196,19203],[-1,1],[-3,1],[4,-2]],[[44923,18855],[-18,-16],[18,15],[0,1]],[[44842,19397],[4,-1],[-4,2],[0,-1]],[[43057,19618],[11,-60],[-38,-12],[-12,-15],[-71,-35],[-24,-11],[-13,-14],[-44,-81],[-10,-19],[-24,-17],[-66,-52]],[[42766,19302],[0,-2]],[[42766,19300],[0,-2],[0,2]],[[42766,19300],[10,-93],[-23,-85],[37,-28],[4,5],[24,21],[49,5],[60,-27],[39,56],[26,-6],[51,-10]],[[43043,19138],[-128,-111],[56,-17],[53,-3]],[[43024,19007],[14,-9],[68,-29],[46,-23],[24,10],[65,-3],[19,2],[-9,19],[15,52]],[[43266,19026],[0,1]],[[43266,19027],[36,13],[58,-6],[17,12],[-1,19],[-2,16],[13,40],[19,25],[64,45],[3,20],[-22,57],[-31,11],[10,26]],[[43430,19305],[8,15],[-24,33],[-23,-28],[8,-15]],[[43399,19310],[-6,-1]],[[43393,19309],[-8,1]],[[43385,19310],[-18,-10],[-20,2],[5,30],[12,16],[0,49],[1,9],[23,25],[-2,16],[-28,20],[-13,28],[4,24],[-10,47],[37,89],[-42,109]],[[43334,19764],[41,35],[2,24],[151,46],[-4,88],[-87,4],[71,51],[27,-17],[149,-44],[82,-57],[18,5],[100,87],[34,-23],[-11,-48],[21,28],[76,-23],[22,-86],[67,-102]],[[43958,19071],[-2,-1],[2,0]],[[43992,18915],[1,-2]],[[43990,18821],[-1,-1],[1,1]],[[43396,18594],[-3,-13]],[[43332,18630],[0,6]],[[41946,18860],[-126,-4],[19,40],[6,88],[47,131],[50,144],[26,27],[45,-46],[45,19],[-13,53],[-48,44],[32,27],[8,49],[7,59],[89,-22],[40,14],[-36,22],[9,55],[-19,17],[71,64]],[[42198,19641],[11,-8],[51,-13],[15,27],[69,-46]],[[42344,19601],[12,-5],[46,24]],[[42402,19620],[43,-7],[-24,55],[45,-2],[47,-22],[20,24],[52,1],[2,-2],[28,-4],[-41,-148],[28,-2],[6,-1],[29,-8],[46,17],[8,6],[9,29],[2,27],[40,50],[14,18],[18,17],[23,-2],[34,101],[5,50]],[[42836,19817],[0,1]],[[42836,19818],[-40,5],[-58,47],[9,12],[-21,21],[-3,34],[15,53],[0,4],[-66,57],[-34,25]],[[42638,20076],[14,79]],[[42652,20155],[15,38]],[[42667,20193],[33,0],[17,66],[-7,37],[61,5],[47,-45],[-41,-36],[-28,-62],[10,-14],[65,83],[60,-50],[45,-68],[-18,-80],[-100,-3],[30,-58],[-48,-12],[57,-35],[38,-41],[29,-39],[38,-41],[76,-28],[40,-19],[2,-61]],[[43073,19692],[-16,-74]],[[43429,19473],[0,-5],[1,6],[-1,-1]],[[43435,19487],[38,-4],[2,12],[5,41],[-23,-6],[-22,-43]],[[43423,19572],[3,-1],[-3,1]],[[43543,19137],[0,-1],[0,1]],[[43540,19634],[2,-4],[-1,3],[-1,1]],[[43837,19812],[-41,-64],[85,-1],[2,5],[-3,47],[-43,13]],[[43784,19732],[-52,-7],[29,-30],[23,37]],[[43808,19828],[1,1],[-1,0],[0,-1]],[[43546,20601],[93,-19],[-159,5],[66,14]],[[43916,19160],[3,-1],[-5,3],[2,-2]],[[43751,19273],[-1,1]],[[43750,19274],[-1,0],[2,-1]],[[43750,19274],[4,0],[-4,0]],[[43737,19500],[-7,3],[7,-3]],[[43800,19349],[-1,1],[1,-1]],[[43288,18888],[0,-8]],[[43288,18880],[0,8]],[[43299,18867],[1,0],[1,0],[-3,5],[1,-5]],[[43208,18734],[-1,-1]],[[43207,18733],[1,1]],[[42785,18912],[23,65],[-33,6],[-35,-11],[-8,1],[19,-56],[33,-9],[1,4]],[[43444,18957],[1,4],[-1,-1],[0,-3]],[[43566,18933],[2,2],[-2,-2]],[[43894,18876],[2,-1],[-2,1]],[[42446,19321],[-2,0],[2,0]],[[42545,19450],[1,-1]],[[42546,19449],[-1,1]],[[42461,19410],[2,1],[-2,0],[0,-1]],[[42734,19256],[1,2],[-1,0],[0,-2]],[[43591,19555],[1,-1],[-1,2],[0,-1]],[[44694,19005],[1,5],[-2,-5]],[[44906,19341],[1,0]],[[45170,19186],[1,-1]],[[45210,19118],[3,-2]],[[45300,19060],[3,-2]],[[45341,18930],[0,-2],[0,2]],[[45396,18827],[-5,1],[-23,-4],[-34,-1],[-14,-3],[-32,1],[-34,-4],[-1,0],[-28,-16],[-28,47],[-24,2],[-14,14]],[[45159,18864],[26,38],[-1,6],[-45,-4],[-27,-2],[-31,-4],[-28,4],[-35,6],[-49,-1]],[[44807,19002],[-2,1],[0,-1]],[[45043,19171],[3,1],[3,1],[-3,0],[-3,-2]],[[44764,19127],[2,-2],[-2,2]],[[45111,19209],[1,-1],[0,1],[-1,0]],[[45118,19171],[0,-3],[1,0],[-1,3]],[[45142,19079],[2,0],[-2,0]],[[45223,19033],[-1,1],[0,-1],[1,0]],[[45210,18852],[0,-2],[1,1],[-1,1]],[[45249,18927],[1,0],[1,1],[-2,-1]],[[44885,18984],[-1,0]],[[44884,18984],[1,0]],[[44890,19144],[0,-2],[0,2]],[[42402,19620],[-58,123],[-13,37],[50,1],[1,36],[49,13],[2,41],[39,33],[9,28],[22,103],[108,-13],[27,54]],[[42836,19818],[-1,0],[1,-1]],[[42652,20155],[-92,80],[95,91],[12,-133]],[[42198,19641],[68,92],[78,-132]],[[43073,19692],[48,-35],[105,33],[10,77],[98,-3]],[[43385,19310],[8,-1]],[[43399,19310],[31,-5]],[[43266,19027],[0,-1]],[[43024,19007],[-5,50],[68,63],[-6,25],[-38,-7]],[[42766,19300],[0,2]],[[43080,19377],[0,1],[-2,0],[2,-1]],[[43097,19394],[-1,0],[1,0]],[[43315,19357],[3,0],[1,0],[-4,0]],[[43239,19162],[0,1]],[[43239,19163],[0,-1]],[[42872,19360],[-1,-1],[3,-1],[-2,2]],[[42937,19317],[0,-1],[0,12],[0,-11]],[[45405,18738],[1,-2]],[[45431,18714],[5,-1]],[[45466,18679],[1,-1]],[[45468,18663],[0,-1]],[[45519,18559],[0,-1]],[[45210,18438],[0,-2],[1,0],[-1,2]],[[45305,18735],[1,0],[0,1],[-1,-1]],[[45291,18532],[-10,-1],[10,1]],[[45060,18483],[1,0],[-1,0]],[[76040,10900],[1,-1],[65,13],[58,-36],[30,94],[41,40],[65,-46],[101,-51],[99,-132],[0,-19],[56,23],[78,12],[39,-32],[32,-233],[1,0]],[[76706,10532],[5,-66],[32,-8],[55,-5]],[[76798,10453],[41,-17],[33,23],[95,-73],[29,-51]],[[76996,10335],[62,-53],[55,-11],[-15,-263],[-36,-62]],[[77062,9946],[-107,43],[-31,14],[-105,41],[-110,18],[-36,38],[-29,12],[-15,25],[-55,28],[-97,24],[-49,13],[-73,16],[-208,-13],[-45,-7],[-62,-12],[-47,-10],[-138,24],[-90,8],[-21,54],[-18,21],[-100,114],[1,9],[-83,61],[-14,78],[-63,76],[-27,29],[-149,218],[-99,219],[5,65],[67,-6],[-39,-6],[4,-58],[64,56],[-3,-109],[118,-3],[95,-45],[71,58],[82,-28],[142,99],[114,-44],[50,-112],[53,-30]],[[76015,10924],[12,-8],[13,-16]],[[76211,10786],[72,-286],[-135,-252],[87,-26]],[[76235,10222],[1,114],[59,83],[29,138],[-42,185],[-71,44]],[[76235,10222],[-3,0],[3,0]],[[76013,10368],[1,-2],[-1,2]],[[76706,10532],[186,120],[-10,108],[63,92],[-40,129],[15,1],[72,-11],[26,-63],[61,-47],[-69,-192],[-49,-1],[6,-40],[-169,-175]],[[77429,9628],[-2,8],[-152,141],[-151,122],[-62,47]],[[76996,10335],[99,141],[38,-26],[18,-26],[-14,-50],[44,-16]],[[77181,10358],[0,-4],[1,2]],[[77182,10356],[46,112],[22,87],[0,21],[42,17],[13,57],[128,-91],[57,42],[38,-9],[138,-37],[6,0],[108,19],[29,34],[60,-37],[9,49],[34,103],[131,84],[31,29],[25,-14]],[[78099,10822],[4,-103],[67,-91],[39,-154],[-37,-7],[-1,-156],[4,-3],[19,-51],[13,-65],[-1,-27],[17,-70],[11,-49],[-25,-51],[-12,-35],[-25,-117],[-27,-2],[-1,6],[10,113],[9,36],[-47,34],[-44,-56],[-10,-30],[23,-2],[-12,-90],[24,-8],[-2,-38],[-33,-68],[-29,-70],[-6,0],[-21,-105],[-11,-22],[-3,-14],[-23,-53],[6,-45],[16,-6],[0,-28],[-21,-24],[-40,-32],[-11,23]],[[77919,9362],[-1,0]],[[77918,9362],[-44,-1],[-34,-30],[-11,-2],[-56,-75]],[[77773,9254],[-54,81],[-16,40]],[[77703,9375],[49,55],[-73,17],[-14,-20]],[[77665,9427],[-43,43],[-48,40],[-63,51],[-38,28],[-44,39]],[[77621,9814],[-1,1],[0,-1],[1,0]],[[77674,9747],[-2,1],[2,-2],[0,1]],[[77579,9579],[0,1],[0,-1]],[[77675,9654],[-8,-49],[28,22],[-20,27]],[[77794,9651],[1,-1],[0,1],[-1,0]],[[77788,9847],[0,1],[-1,2],[1,-3]],[[77868,9567],[2,-1],[0,1],[-2,0]],[[78088,10092],[-1,-1],[1,1]],[[78068,10147],[7,43],[45,11],[-11,33],[-43,85],[-6,-79],[8,-93]],[[78032,10236],[0,1],[-7,-2],[7,1]],[[77979,10067],[-1,-1]],[[77978,10066],[1,1]],[[77774,10080],[0,1],[-1,-1],[1,0]],[[78106,10241],[1,1]],[[78107,10242],[-1,-1]],[[78082,10368],[19,-72],[34,68],[-9,112],[-89,128],[-8,-33],[63,-73],[-10,-130]],[[78048,10345],[16,-23],[-8,27],[-8,-4]],[[77991,10578],[35,-6],[-35,6]],[[78126,8847],[-43,-81],[53,-51],[15,-49],[91,-18],[-25,45],[39,26],[63,-133],[-139,-141],[-123,-40],[-84,1],[-246,44],[4,88],[131,86],[78,52],[79,-5],[24,57],[-7,43],[-58,25],[32,37],[24,111],[-20,63],[-43,61],[-26,43],[-39,36],[-43,38],[-16,15],[-12,7],[-62,47]],[[77918,9362],[1,0]],[[78099,10822],[3,1],[93,-11],[95,23]],[[78290,10835],[71,-87],[-29,-126],[24,-63],[5,-15]],[[78361,10544],[-29,-55],[22,-41],[-51,-71]],[[78303,10377],[-1,0],[0,-1]],[[78302,10376],[-6,-77],[-23,-78],[-2,-8],[12,-104],[6,-17],[-5,-29],[-5,-31],[21,-58],[23,-28],[8,-133],[-1,-2],[-43,-100],[-7,-19],[4,-46],[10,-8]],[[78294,9638],[2,-4]],[[78296,9634],[41,-68],[17,-63],[0,-1],[-4,-51],[-5,-18],[-2,-15],[0,-3],[-1,-1],[-15,-28]],[[78327,9386],[-18,2],[-14,44],[-23,-4],[-9,0],[-7,-19],[-76,-22],[-3,1],[-35,-36],[-25,-14],[-25,-3],[-1,-82],[2,-47],[-1,-33],[-16,-8],[-15,-100],[24,-36],[-14,-17],[23,-21],[14,-30],[7,-106],[11,-8]],[[78139,9602],[4,-23],[13,-63],[22,18],[7,16],[16,82],[-56,46]],[[78145,9678],[-6,-7],[0,-69]],[[78145,9678],[2,1],[-2,-1]],[[78201,9720],[47,11],[-20,81],[-16,4],[-46,3],[2,-98],[33,-1]],[[78249,9720],[4,6]],[[78253,9726],[-4,-6]],[[78253,9726],[2,3],[-2,-3]],[[78475,9215],[-21,-17]],[[78454,9198],[-67,78],[-60,110]],[[78296,9634],[-2,4]],[[78302,10376],[1,1]],[[78361,10544],[31,-2],[14,-72],[34,42],[51,36],[27,-40],[13,-37],[18,-5],[2,-1],[59,19],[4,-29]],[[78614,10455],[-156,-336],[-9,-60],[-15,-44],[-37,-139],[33,47],[34,-19],[8,-67],[8,7],[5,33],[-1,130],[-4,132],[87,8]],[[78567,10147],[11,13],[73,184]],[[78651,10344],[13,-37],[16,31],[0,-114]],[[78680,10224],[-29,-115],[-26,-43],[-3,-23],[24,-54],[0,-2]],[[78646,9987],[10,-51],[-2,-4],[-6,-91]],[[78648,9841],[-24,3],[-14,-115],[27,-34],[31,8],[7,34]],[[78675,9737],[11,-11],[15,-19],[43,1],[30,8]],[[78774,9716],[15,-49],[9,-11],[0,-55],[19,-52],[10,-49]],[[78827,9500],[-37,-12],[-39,-30],[-58,-59],[-19,-10],[-33,-31],[-24,-22],[-59,-45],[-83,-76]],[[78428,9483],[0,1],[0,-1]],[[78470,9684],[0,50],[-1,28]],[[78469,9762],[-21,35],[-23,-34],[-8,-56],[11,-46],[42,23]],[[78573,9500],[44,-3],[32,29],[0,8],[-51,8],[0,48],[-15,-16],[-10,-74]],[[78552,9718],[1,-2]],[[78553,9716],[-1,2]],[[78499,9723],[0,2]],[[78499,9725],[0,-2]],[[78649,9544],[0,-2],[0,2]],[[78678,9651],[0,5],[0,-4],[0,-1]],[[78668,9699],[0,1],[0,-1]],[[78758,9643],[-2,3],[1,-2],[1,-1]],[[78737,9546],[0,-1],[0,1]],[[78567,9753],[-3,5],[3,-5]],[[78563,9762],[19,32],[0,33],[-4,41],[-17,54],[33,56],[-16,-13],[-34,-44],[-18,-118],[20,-7],[34,3],[-17,-37]],[[78564,10114],[-1,3],[1,-3]],[[78563,10120],[1,17]],[[78564,10137],[-1,-17]],[[78564,10137],[0,2],[0,-2]],[[78567,10147],[-3,-7],[3,7]],[[78469,9762],[1,2],[-1,-2]],[[78486,9878],[3,5],[-3,-5]],[[78774,9716],[0,12],[8,107],[16,12],[0,18]],[[78798,9865],[2,1]],[[78800,9866],[34,72],[13,21],[36,-27],[12,13],[28,34],[25,-4]],[[78948,9975],[-3,-29],[-45,-71],[3,-7],[16,7],[73,31],[0,-8],[-13,-57],[7,-35],[11,-42],[-28,-16],[-1,-55],[9,-14],[58,36],[35,8],[11,6],[6,6],[16,12],[35,23],[45,15],[26,-36],[23,-77],[0,-7],[13,-69]],[[79245,9596],[-72,-27],[-25,-27],[-7,-7],[-46,-27],[-22,-7],[-42,-6],[-45,0],[-45,-4],[-27,7]],[[78914,9498],[34,113],[-23,1],[-18,-114]],[[78907,9498],[-60,3],[-20,-1]],[[79493,8923],[-95,-117],[-48,76],[6,99],[-75,80],[-2,19],[25,30],[163,-19],[66,19],[71,-20],[48,-100],[147,-197],[-93,42],[-116,-37],[-9,51],[-44,-12],[-21,42],[-23,44]],[[79193,9045],[-82,-96],[-28,15],[110,81]],[[79197,9135],[21,-38],[-82,-74],[-84,10],[-7,33],[70,15],[20,64],[62,-10]],[[78646,9987],[1,1],[-1,-1]],[[78680,10224],[2,0],[-2,0]],[[78651,10344],[20,75],[-33,70],[-24,-34]],[[78290,10835],[39,221],[6,46],[15,7],[26,-20],[3,3]],[[78379,11092],[105,-113],[3,3],[18,137]],[[78505,11119],[35,-1],[34,-11]],[[78574,11107],[38,-140],[-87,4]],[[78525,10971],[36,-45],[-65,-53],[4,-20],[46,15],[93,50],[117,-17],[-43,-82],[-31,-45],[-23,-129],[67,64],[43,5],[75,90],[89,6],[-83,45],[-32,100],[-25,49],[-12,78],[-33,-25],[-19,37],[-64,31],[-89,-14]],[[78576,11111],[40,97],[26,17],[38,-46],[22,53],[58,-30],[33,20],[-5,-34],[48,-49],[32,-28],[32,-51],[50,-11],[99,1],[6,23],[24,5]],[[79079,11078],[69,-67],[-60,-77],[25,-33],[11,-71]],[[79124,10830],[-83,-7],[-32,-98],[-75,-70],[-14,-11],[53,-130]],[[78973,10514],[7,-63],[-51,-76]],[[78929,10375],[-8,-1],[1,-1]],[[78922,10373],[12,-42],[68,-146],[-3,-30],[-6,-10],[-1,-63],[-44,-107]],[[78800,9866],[-1,0],[-1,-1]],[[78675,9737],[0,1],[-27,103]],[[78914,9498],[-7,0]],[[78814,10137],[0,-1],[0,1]],[[78853,10563],[0,-51],[29,32],[26,-68],[37,-29],[-46,187],[-43,15],[-3,-86]],[[78396,10626],[1,-1],[0,1],[-1,0]],[[78676,10573],[-1,0],[1,0]],[[78491,10980],[3,-3],[-3,3]],[[78524,10971],[1,0]],[[78525,10971],[-1,0]],[[78922,10373],[7,2]],[[78973,10514],[36,9],[44,158],[3,53],[106,101]],[[79162,10835],[174,55],[33,-12],[36,81],[151,-85],[52,-60],[32,-31],[146,-182],[22,-54],[36,-47],[102,-52]],[[79946,10448],[152,-83],[46,-76],[-4,-75],[-92,-149],[-138,-84],[-71,-46],[6,134],[-31,-1],[-28,-54],[51,-101],[-22,-18],[-36,-37],[-6,-22],[-10,-61],[-121,-46],[-67,37],[-25,10],[-60,8],[-86,-2],[-45,-39],[5,-26],[20,-51],[-46,-37],[-93,-33]],[[79079,11078],[82,61]],[[79161,11139],[122,-78],[-21,-110],[-100,-116]],[[79162,10835],[-38,-5]],[[79024,9863],[1,-1],[1,1],[-2,0]],[[79194,9872],[1,0],[-1,0]],[[79286,9885],[2,0]],[[79288,9885],[-2,0]],[[79599,9832],[-24,-65],[81,135],[-4,27],[-57,66],[-47,26],[-19,-32],[9,-117],[43,-39],[2,56],[16,-57]],[[79725,10115],[10,-19],[16,17],[-26,2]],[[79649,10108],[0,4],[-4,-2],[4,-2]],[[79754,10118],[-1,2]],[[79753,10120],[1,-2]],[[79753,10120],[0,4]],[[79753,10124],[0,-4]],[[79753,10124],[0,1],[0,-1]],[[79754,10126],[2,3]],[[79756,10129],[-2,-3]],[[79756,10129],[43,-5],[12,5],[71,103],[-5,12],[-80,-81],[-33,41],[-3,-11],[-5,-64]],[[79841,10364],[2,0],[-3,0],[1,0]],[[79571,10291],[1,2],[-1,-1],[0,-1]],[[79747,10458],[0,-2]],[[79747,10456],[0,2]],[[79679,10344],[2,-4],[-2,4]],[[79803,10456],[-1,-1],[1,0],[0,1]],[[79548,10022],[-3,1],[3,-1]],[[79493,10029],[-1,-2],[1,2]],[[79228,10069],[1,0],[-1,1],[0,-1]],[[76025,10948],[-102,138],[-3,210],[217,-80],[63,11],[36,-32],[52,7],[93,-56],[57,-19],[79,-18],[85,-26],[94,-44],[51,-9],[140,-11],[82,29],[48,9],[41,9],[50,13],[31,-10],[18,1],[25,3],[35,1],[22,-2],[25,2],[49,5],[113,60],[56,17],[55,52],[34,16],[34,42],[34,50],[30,20],[24,31],[11,7],[11,10],[22,7],[29,21],[15,12],[61,55],[14,-2],[50,19],[26,16],[128,41],[159,-54],[151,-38],[-5,-52],[9,-26],[64,-39],[62,59],[24,-51],[46,29],[93,-28],[41,5],[85,-70],[68,-21],[69,-19],[94,-52],[141,-57]],[[78576,11111],[-2,-4]],[[78505,11119],[-32,41],[-53,-17],[-41,-51]],[[77182,10356],[-1,2]],[[76015,10924],[10,24]],[[77703,9375],[-38,52]],[[78271,8893],[65,4],[-27,-50],[45,35],[-37,-59],[-40,34],[22,-46],[-22,-24],[-45,23],[36,80],[-21,2],[-30,-2],[-8,-80],[-24,70],[-59,-33]],[[78454,9198],[-25,-19],[-31,-50],[17,-61],[-26,-112],[-47,-2],[-57,-34],[-14,-27]],[[78208,9069],[0,-1],[0,1]],[[78369,9140],[1,0],[-1,1],[0,-1]],[[78137,9251],[0,1],[0,-1]],[[78234,9354],[1,-1],[0,1],[-1,0]],[[81774,8991],[-1,1],[0,-1],[1,0]],[[82206,8400],[-77,-123],[-135,60]],[[81994,8337],[83,113],[129,-50]],[[81884,8958],[-97,15],[-7,-132],[-7,-28],[41,-81],[-42,-34],[-52,-86],[-8,-13],[-33,-72]],[[81679,8527],[-2,1],[-124,-35],[-127,64],[-159,15],[-31,1],[-110,-34],[-77,115],[17,79],[116,84],[151,-82],[85,44],[5,-44],[84,-4],[9,-18],[-19,81],[99,96],[-5,35],[-21,43],[-65,-30],[30,152],[-2,103],[7,48],[12,56]],[[81552,9297],[56,-1],[28,-1]],[[81636,9295],[58,37],[12,-22],[12,10],[14,4],[3,0]],[[81735,9324],[38,0],[19,27],[26,-8],[26,7],[15,17],[4,1],[17,12]],[[81880,9380],[1,1]],[[81881,9381],[-1,0]],[[81880,9381],[1,0]],[[81881,9381],[12,18]],[[81893,9399],[1,1]],[[81894,9400],[27,23],[-32,15],[-3,5],[-17,25],[-23,23],[1,21],[-8,0],[-21,25],[-7,-1]],[[81811,9536],[0,1]],[[81811,9537],[-34,8]],[[81777,9545],[-2,0]],[[81775,9545],[9,34],[-1,2],[-42,10],[-3,2],[-10,-41]],[[81728,9552],[-53,27],[-43,-5],[-30,-15]],[[81602,9559],[-3,1],[-2,-1]],[[81597,9559],[-45,28],[-18,8]],[[81534,9595],[-3,45],[-8,49],[-52,92],[-75,79],[14,60]],[[81410,9920],[81,18],[46,14],[28,-34],[23,18],[4,0],[175,-18]],[[81767,9918],[-93,-253],[6,-58],[30,-5],[3,21],[59,208],[15,73]],[[81787,9904],[11,-6],[27,-52],[-24,-161],[-5,-35],[-6,-41],[34,57],[8,86],[112,191]],[[81944,9943],[60,-10],[35,-47],[14,-5],[8,-2],[37,2],[31,94],[214,52],[1,14],[129,44],[73,66]],[[82546,10151],[13,8]],[[82559,10159],[20,0]],[[82579,10159],[-138,-205],[13,-49],[54,-98],[-16,-54],[-82,-156],[-110,-54],[-15,-60],[-80,-68],[-11,2],[-17,-4],[-22,-4],[-22,-9],[-52,-26],[-36,-15],[-61,-34],[-27,-8],[11,-77],[1,0],[3,-2],[24,-9],[23,-100],[6,-25],[-58,-26],[-33,29],[-21,-17],[30,-79],[7,-61],[-9,-61],[-31,2],[-26,67]],[[82008,9400],[-2,4],[0,-3],[2,-1]],[[82264,9540],[76,99],[-17,22],[-63,-62],[4,-59]],[[82346,9647],[137,95],[-110,-15],[-44,-57],[17,-23]],[[83531,10105],[106,-87],[-46,-120],[8,-120],[-121,7],[-31,313],[30,21],[54,-14]],[[81747,9617],[2,-3],[-1,3],[-1,0]],[[81603,9486],[-3,-21],[-36,-25],[13,52],[26,-6]],[[82579,10159],[54,0]],[[82633,10159],[29,-10],[21,2]],[[82683,10151],[64,10]],[[82747,10161],[11,-46],[82,-52]],[[82840,10063],[-13,-40],[2,-95],[-45,-59],[-24,-27]],[[82760,9842],[-30,-82]],[[82730,9760],[-10,6],[-45,-252],[-18,-63],[-4,-39],[53,-11],[22,36]],[[82728,9437],[-2,-7],[2,-119],[0,-2],[24,-88]],[[82752,9221],[3,-1]],[[82755,9220],[-1,-1],[2,-11],[-7,-40],[-5,-17],[10,-45],[40,-44],[25,10]],[[82819,9072],[40,0],[11,-1]],[[82870,9071],[6,-1]],[[82876,9070],[2,0]],[[82878,9070],[55,-50],[6,-32],[6,-34],[42,-73],[-4,-79],[-31,-28],[42,-78],[-7,-39],[-69,19],[-8,5]],[[82910,8681],[-26,10],[-1,0]],[[82883,8691],[-10,-82],[0,-37]],[[82873,8572],[-55,-39]],[[82818,8533],[-10,3],[0,-68],[14,-98]],[[82822,8370],[-53,-18],[-7,-21],[0,-34],[-89,24],[-159,-60]],[[82514,8261],[-37,94],[10,164],[-24,20]],[[82463,8539],[-6,32],[96,-4],[-32,61],[-103,23],[-58,-70],[-7,-50],[-42,5],[-21,-117],[-31,-200],[-45,-40],[3,155],[47,89],[-26,20],[-28,-26],[-4,-17]],[[81994,8337],[-38,63],[-96,43],[-30,-25],[-126,-28],[-15,-85],[-31,12],[-38,102],[43,82],[16,26]],[[81787,9904],[1,53]],[[81788,9957],[28,26],[70,-7],[58,-33]],[[82281,8947],[3,2],[-2,-1],[-1,0],[0,-1]],[[82271,9233],[1,-1],[-1,1]],[[82553,9193],[-1,0],[0,-1],[1,1]],[[82875,9306],[-6,-60],[-15,-2],[-41,18],[-14,40],[47,24],[16,33],[13,-53]],[[82505,8745],[1,0],[1,0],[-2,0]],[[82545,8715],[0,-2],[0,1],[0,1]],[[82462,8499],[1,-101],[-39,-21]],[[82424,8377],[-67,20],[-30,-25],[-2,28],[38,100],[99,-1]],[[82064,8690],[-1,57],[70,45],[24,46],[-53,105],[-70,-54],[-31,-194],[-25,-82],[65,52],[21,25]],[[82355,8837],[-2,-2],[3,1],[-1,1]],[[82581,8784],[38,-26],[46,64],[-2,44],[-32,3],[-7,-54],[-31,-6]],[[82593,8809],[-3,1],[-1,-1]],[[82589,8809],[-8,-25]],[[82577,9082],[1,2],[-1,0],[0,-2]],[[82662,9013],[-1,0],[1,0]],[[82260,9345],[2,-5],[-2,5]],[[82269,9433],[1,0],[0,2],[-1,-2]],[[82397,9513],[0,-1],[0,1]],[[82685,9290],[0,-1]],[[82685,9289],[0,1]],[[82730,9760],[0,1]],[[82730,9761],[0,-1]],[[82428,9445],[0,2],[0,-2]],[[82559,10159],[-20,114]],[[82539,10273],[-59,102],[32,6],[17,-49],[37,2],[92,-97]],[[82658,10237],[-25,-78]],[[83322,8733],[-84,-59],[-17,-65],[-36,-54],[-54,15],[11,-37],[14,-76],[36,5],[-24,-181],[48,10],[25,-31],[-34,-7],[-1,-42],[28,43],[-6,-37],[-39,-69],[-76,-26],[-81,-12],[-27,36],[25,35],[-23,42],[92,16],[2,40],[5,83],[-67,7],[55,49],[-1,62],[-27,31],[-77,-35],[-28,-44],[-88,140]],[[82883,8691],[27,-10]],[[82878,9070],[-2,0]],[[82870,9071],[-4,15]],[[82866,9086],[82,23],[-26,48],[-30,18],[-14,-16]],[[82878,9159],[-51,-12],[-12,-66],[4,-9]],[[82755,9220],[-3,1]],[[82728,9437],[22,288],[10,117]],[[82840,10063],[9,17]],[[82849,10080],[71,28],[-29,17],[5,57],[39,5],[-19,32],[-26,16]],[[82890,10235],[2,2],[10,13],[71,90],[105,183],[9,186],[93,112]],[[83180,10821],[36,-35],[109,1],[258,-112],[174,-15],[70,-47],[93,-112],[-124,-12],[-98,-86],[-70,-1],[-54,-67],[331,19],[41,45],[73,36],[24,-55],[32,-53],[-16,-120],[-40,-66],[4,-112],[-53,-34]],[[83970,9995],[-125,-128],[5,-59],[35,-3],[-28,56],[28,4],[7,-82],[-55,-60],[-21,-94],[21,-89],[-26,-34],[-37,-31],[-59,-54],[-12,-13],[-22,-33],[-10,-84],[-34,-54],[-57,-75],[-5,-2],[-69,-120],[-72,-108],[-20,-13],[-9,-60],[-59,-106],[-24,-20]],[[82818,8533],[62,-78],[-48,-121],[-10,36]],[[82589,8809],[4,0]],[[83167,9078],[-1,-1],[1,1]],[[83236,9125],[1,0]],[[83237,9125],[-1,0]],[[82840,10936],[-53,-107],[-24,-152],[56,-223],[-49,-230],[-58,69],[-44,252],[50,111],[-24,304]],[[82694,10960],[146,-24]],[[83180,9318],[1,-1],[0,1],[-1,0]],[[83327,9216],[-5,-7],[58,-29],[33,24],[-18,30],[32,-4],[-39,44],[-12,5],[-34,-17]],[[83342,9262],[29,-14],[-44,-32]],[[83424,9154],[-4,-3],[22,-26],[16,-17],[4,2]],[[83462,9110],[5,-7],[-4,7],[-7,10]],[[83456,9120],[2,32],[-19,29],[-15,-27]],[[83342,9262],[-1,-1],[1,1]],[[83613,9410],[-27,20],[-21,-13],[-22,-25],[-11,-27],[9,-5],[111,-20],[18,28],[-57,42]],[[83562,9427],[0,1],[0,-1]],[[83374,9609],[2,2]],[[83376,9611],[-2,0],[0,-2]],[[83376,9611],[25,-46],[28,-31],[44,38],[-59,59],[-3,-1],[-13,-8],[-22,-11]],[[83240,9496],[-11,-35],[3,-14]],[[83232,9447],[41,43],[-20,39],[-13,-33]],[[83232,9447],[-13,-10],[35,-28],[20,20],[-42,18]],[[83196,9396],[1,0],[0,1],[-1,-1]],[[83180,9446],[-2,-2],[1,1],[1,1]],[[83530,9289],[4,-2],[3,0],[-7,2]],[[81877,10426],[35,-123],[-4,-3],[-71,104]],[[81837,10404],[40,22]],[[83186,8898],[1,0],[-1,0]],[[86409,8412],[108,-114],[-7,-103],[24,-194],[-48,-126],[-86,-296],[-69,46],[-74,-13],[-245,98],[-103,7],[-81,-20],[-52,-98],[-109,-83],[-37,71],[3,94],[77,200],[-56,31],[5,39],[10,44],[-149,-54],[-41,-49],[-65,5]],[[85414,7897],[-11,112],[79,55],[-19,89],[-4,59],[-76,95],[-2,42],[41,18],[47,127],[-73,63],[-90,45],[-3,42],[50,25],[113,70],[27,155],[-19,105],[-63,87],[-79,32],[-40,-1],[-206,209],[-2,0],[-169,94],[-84,81],[-39,30],[-131,111]],[[84661,9642],[160,-24],[79,79],[37,12],[4,4],[21,44],[10,13],[42,58],[50,-1],[30,56],[42,-111],[42,20],[19,81],[10,74],[35,20],[37,-42],[54,18],[-20,80],[80,36],[22,61],[128,4],[59,61],[-17,132],[85,-18],[34,-7],[39,52],[80,-48],[-20,-29],[49,-5],[72,-86],[132,28],[60,-71],[123,-36],[89,-24],[-4,-38],[15,26],[28,-19],[221,-92],[-21,-18],[157,-2],[-11,55],[118,173],[-32,58],[92,-64],[109,-4],[40,2],[164,13],[63,28],[73,-23],[13,-84],[-43,-96],[27,20],[8,-46],[-31,-22],[36,-32],[-1,-77],[-73,-60],[-2,-1],[87,-163],[66,61],[29,-226],[85,-47],[9,28],[77,-9],[96,-159],[69,38],[60,-45],[-1,-148],[79,-81],[122,63],[28,-142],[42,-111],[143,-8],[460,-1],[129,-15],[97,2],[62,0],[41,1],[60,132],[38,53],[240,-20],[154,-11],[70,-4],[619,65]],[[90235,9023],[75,-77]],[[90310,8946],[-37,-75],[-142,-36],[-12,-115],[-95,-21],[-57,-85],[-90,-45],[-45,-103],[-96,-86],[-225,-96],[-121,62],[-27,65],[-72,20],[-97,-55],[-143,4],[-75,-83],[-18,-49],[-57,-33],[-45,162],[-73,1],[-161,0],[-20,-147],[39,-115],[-55,-84],[-60,-4],[-78,62],[-52,-24],[-22,55],[-64,79],[-82,-28],[-78,-102],[-55,-8],[-83,52],[-146,2],[-92,-12],[-91,-72],[-48,-11],[-185,-152],[-279,-105],[-532,-181],[-3,452],[64,191],[86,168],[-18,42],[-47,84],[8,67],[161,116],[-9,26],[-33,-29],[-220,139],[-106,-11],[-49,-198],[49,-21],[-1,-78],[-112,-119]],[[86744,9753],[5,2],[-10,-2],[5,0]],[[86759,9837],[1,0]],[[86760,9837],[-1,0]],[[86889,9363],[0,-1],[0,2],[0,-1]],[[86703,9460],[2,-3],[-2,4],[0,-1]],[[87873,8204],[-2,1],[2,-2],[0,1]],[[88410,8329],[-49,54],[-56,-37],[59,-44],[46,27]],[[89458,8552],[0,1],[0,-1]],[[87111,10695],[-13,42],[-100,36],[36,118],[-30,149],[136,118],[89,27],[79,43],[185,-43],[194,25],[100,-65],[29,-65],[-307,-228],[-14,-107],[-79,-65],[-63,-219],[-163,-218],[-225,135],[146,317]],[[86693,11231],[-94,-27],[8,-42],[-131,32],[122,22],[23,39],[72,-24]],[[90925,9666],[4,-21],[36,-65],[27,-115],[41,-223],[64,-40],[-7,-87],[7,-45],[-70,-96],[-32,-102],[-29,-94],[26,-26],[-26,-15],[-14,-63],[-22,-116],[-3,-20],[-59,-101],[6,-181]],[[90874,8256],[-44,-18],[0,35],[-64,-17],[-127,53],[-138,151],[-9,188],[-32,30],[56,63],[84,25],[40,108],[43,62],[-34,119],[72,-14],[65,37],[-3,77],[-43,-4],[-7,95],[49,115],[6,42],[-52,80],[-44,19],[-91,-50],[-35,-6],[14,-62],[-83,-55],[38,-112],[-19,-43],[77,-65],[-112,-90],[-91,41],[-80,-114]],[[90235,9023],[24,145],[-170,50],[47,87],[-34,98],[-48,100],[-110,94],[-108,25],[-65,-107],[-37,123],[-36,43],[-126,63],[-42,125],[-28,-10],[-74,-41],[-92,180],[-372,-60],[-85,81],[-232,113],[-138,127],[-86,55],[-74,-2],[2,38],[-38,-23],[-4,69],[-120,124],[-195,218],[-84,98],[-90,28],[74,59],[-1,79],[41,138],[24,-14],[97,0],[5,-53],[90,-20],[-26,-69],[48,-26],[59,161]],[[88231,11119],[246,-185],[231,16],[74,-91],[85,-98],[247,-155],[69,-128],[90,-80],[145,-107],[138,-49],[26,-63],[104,-37],[110,-73]],[[89796,10069],[0,-1],[18,-14],[34,-7],[47,3],[35,-2],[108,4]],[[90038,10052],[-21,-80],[33,-7],[45,2],[116,101],[-20,36]],[[90191,10104],[78,74]],[[90269,10178],[120,-115],[62,5],[41,12],[107,110],[-76,52],[-74,-24],[-76,91],[-26,116],[51,-33],[19,49],[76,23],[34,26],[-4,93],[142,78],[75,67]],[[90740,10728],[112,-125],[82,-176],[17,-17],[136,-125],[30,-91],[-116,-136],[-38,-84],[30,-82],[7,-7],[8,-85],[1,-10],[-34,-67],[-1,-1],[-35,-29],[-14,-27]],[[90781,9679],[-2,30],[-23,124],[-31,0],[3,-215],[35,1],[18,60]],[[90807,9900],[9,-3],[-9,3]],[[90679,10646],[230,-241]],[[90909,10405],[-230,241]],[[92839,9425],[-26,-52],[-73,-1],[73,55],[26,-2]],[[90231,9719],[0,6],[0,-7],[0,1]],[[90179,9871],[0,2],[0,1],[0,-3]],[[91661,8558],[-158,-14],[-203,-113],[-118,-26],[-150,-123],[-158,-26]],[[90740,10728],[85,93],[58,-23],[56,32],[109,-76],[194,-37],[41,20],[176,-103],[76,2],[152,-254],[29,-92],[-41,-64],[32,1],[17,-15],[-56,-57],[33,-12],[-24,-15],[28,-7],[-12,-75],[-67,-2],[-186,39],[-19,-110],[45,12],[4,1],[142,-115],[-17,-82],[0,-49],[25,-19],[-41,-54],[-36,-50],[-13,-19],[23,2],[32,35],[41,3],[8,18],[25,46],[-22,27],[74,2],[74,83]],[[91785,9814],[32,-9],[13,-7],[5,-17],[18,-34],[87,-25],[18,10],[94,41],[12,-11],[62,-93],[65,38],[3,3],[24,52],[57,46]],[[92275,9808],[1,1]],[[92276,9809],[118,20],[98,12],[-55,85],[19,63],[-76,57],[-8,56],[-218,61],[-25,-73],[-120,80],[-52,33],[-72,-13],[27,104],[-67,111]],[[91845,10405],[197,180],[141,94],[165,-35],[180,2],[98,-33],[42,-27],[66,-32],[18,36],[139,-26],[21,-19],[-34,-53],[-13,-197],[24,-52],[-246,-67],[25,-60],[-28,-135],[265,91],[74,65],[24,-100],[73,11],[-231,-117],[113,-84],[94,19],[25,-26],[-28,-56],[52,-28],[-68,-59],[-46,11],[-10,-36],[-72,88],[-118,89],[11,-49],[151,-135],[38,-96],[-36,1],[14,-25],[-11,-47],[44,-11],[-55,-26],[2,-68],[83,-56],[6,-106],[100,-34],[-22,-50],[52,-62],[186,-12],[19,-51],[195,-120],[-149,-55],[21,-27],[-24,-34],[-109,107],[-24,-103],[-208,65],[-110,-28],[-177,-25],[-74,112],[-87,88],[-83,74],[-58,-13],[15,86],[38,-34],[97,28],[40,-56],[24,-32],[108,74],[-14,92],[-36,29],[-258,-61],[-69,-76],[-165,-30],[-24,-138],[-83,38],[-46,-20],[47,32],[6,137],[-94,41],[-86,-27],[-104,80],[18,44],[-55,-16],[2,-53],[12,-75],[-39,-96],[-31,-182],[-87,84],[-95,-18],[-58,24],[-56,-38],[0,-1],[61,-62],[30,32],[103,-56],[27,21],[-9,-28],[121,-41],[-19,-160],[-142,-47]],[[89796,10069],[78,15],[265,253],[76,-15],[34,-2],[10,-62],[10,-80]],[[90191,10104],[-153,-52]],[[88231,11119],[-61,31],[-60,80],[49,66],[90,8],[107,-17],[152,113],[124,27],[91,57],[76,-14],[63,-94],[183,53],[92,-36],[106,-19],[84,31],[75,-57],[179,-89],[1,-217],[36,-66],[31,-140],[83,-105],[132,-65],[60,-193],[91,-71],[23,56],[45,9],[-70,-192],[-185,-133],[-32,-73]],[[91834,9251],[2,2],[-2,-2]],[[91335,9893],[2,-9],[-2,9]],[[91550,9795],[0,2],[0,-2]],[[91735,9454],[0,-1],[3,-1],[-3,2]],[[91725,9569],[1,0],[-1,0]],[[92255,9251],[0,-1],[1,0],[-1,1]],[[91021,10013],[2,2]],[[91023,10015],[-2,-2]],[[92094,8968],[-33,15],[16,36],[17,-51]],[[92087,8640],[-5,103],[228,-24],[153,-177],[2,-105],[-94,-26],[-54,51],[-56,-49],[-119,108],[-87,-4],[32,123]],[[91299,8561],[-49,-1],[49,1]],[[91769,9595],[0,3],[-8,-4],[8,1]],[[84252,8463],[55,25],[7,53],[47,-34],[79,4],[56,70],[-84,42],[-72,108],[-45,-33],[0,71],[11,11],[52,164],[68,44],[-5,67],[-32,18],[-69,-16],[-21,44],[-92,-1],[-49,47],[69,37],[72,162],[24,95],[119,50],[21,19],[35,67],[-13,72],[70,-41],[153,84],[-47,-50]],[[85414,7897],[-34,-155],[20,-116],[-58,-84],[-292,128],[1,-34],[-34,12],[-74,-83],[-102,20],[-94,-51],[-214,99],[-39,-23],[-87,48],[-70,-8],[1,166],[-44,13],[-87,-64],[-11,162],[16,90],[-3,62],[-52,4],[22,23],[-34,29],[-68,15],[16,66],[81,-11],[1,38],[-64,30],[2,57],[129,44],[10,89]],[[84628,8815],[1,-1],[-1,1]],[[81877,10426],[71,7],[49,73],[10,62],[50,25],[4,-48],[139,-89],[63,-116],[283,-189]],[[81788,9957],[-2,-5],[-19,-34]],[[81410,9920],[-21,93],[56,59],[-18,43],[58,71],[102,9],[65,29],[23,35],[-23,94],[75,-33],[17,44],[25,-24],[28,28],[40,36]],[[82514,8261],[1,-58],[-32,-13],[-59,187]],[[82462,8499],[1,40]],[[82890,10235],[-84,-5],[-39,-52],[82,-98]],[[82683,10151],[4,252],[-132,461],[13,77],[126,19]],[[82840,10936],[88,-18],[151,-41],[101,-56]],[[82866,9086],[12,73]],[[82539,10273],[-263,269],[-159,82],[66,109],[126,90],[86,19],[100,67],[22,-72],[133,-350],[12,-193],[-7,-6],[3,-51]],[[83456,9120],[6,-10]],[[81545,9448],[-5,44],[1,11],[2,16],[-9,76]],[[81597,9559],[5,0]],[[81728,9552],[47,-7]],[[81775,9545],[2,0]],[[81811,9537],[0,-1]],[[81894,9400],[-1,-1]],[[81880,9381],[0,-1]],[[81735,9324],[0,2],[0,-2]],[[81636,9295],[1,6],[-1,-6]],[[81552,9297],[0,67],[-4,57],[-3,27]],[[81625,9527],[2,-1],[1,0],[-3,1]],[[81683,9420],[-1,25],[1,-25]],[[81770,9509],[2,3],[-1,0],[-1,-3]],[[81824,9429],[1,-2],[0,2],[-1,0]],[[91780,9986],[1,2],[32,19],[-9,25],[24,28],[-65,67],[-37,28],[55,21],[-43,64],[107,165]],[[92276,9809],[-6,7],[5,-8]],[[91785,9814],[-17,89],[55,43],[-43,40]],[[91827,9997],[-1,0],[1,0]],[[91952,9958],[0,2],[0,-2]],[[91909,9954],[-3,1],[3,-1]],[[91909,9954],[4,-2],[-4,2]],[[91895,9958],[-1,0],[1,-1],[0,1]],[[109935,2953],[-8,-75],[86,-82],[6,-76],[-36,-13],[49,-111],[-92,24],[-1,-32],[73,-64],[-54,-104],[-73,11],[-24,117],[-103,9],[2,97],[-56,-10],[5,74],[-97,38],[107,109],[82,58],[58,107],[49,88],[29,122],[33,13],[94,26],[48,-137],[-27,-38],[-51,-156],[-80,19],[-19,-14]],[[110217,3000],[-16,127],[62,-2],[35,42],[49,-19],[6,-96],[-80,-1],[-56,-51]],[[110616,2794],[1,-1]],[[110617,2793],[56,-169],[65,-17],[90,22],[14,8],[10,57],[29,109],[-8,2],[-66,47],[76,57],[50,-20],[48,-23],[-54,161],[30,-8],[72,41],[11,13],[13,47],[-63,-4],[-30,36],[90,24],[-29,76]],[[111021,3252],[9,43],[103,52],[70,16],[85,37],[21,59],[23,26],[56,116],[-62,66],[-122,8],[-97,67],[-109,-32],[-59,35],[-112,-39],[32,102],[-173,6],[-40,197],[25,23],[-9,72],[47,69],[88,6],[15,42],[76,-20],[100,158],[10,73],[-19,160],[-85,96],[141,82],[17,174],[-45,249],[10,78],[90,72],[95,75],[47,99],[143,62],[67,44],[25,199],[113,-22],[90,81],[90,4],[72,61],[31,102],[119,44],[61,114],[93,60],[83,134],[146,-244],[40,-17],[64,-185],[-35,-72],[12,-94],[98,102],[43,-51],[129,23]],[[112733,5864],[147,-230],[8,-76],[-31,-26],[-109,45],[-34,-53],[-132,-84],[42,-139],[-8,-21],[-128,-83],[4,-42],[97,-135],[44,-7],[-25,-66],[21,-14],[-2,-53],[-72,-88],[-13,-33]],[[112542,4759],[-20,12],[-67,-26],[-37,-93],[19,-247],[134,-106],[-16,-91],[52,-57]],[[112607,4151],[0,-88],[24,-156],[59,-17],[67,-8],[35,-43],[63,-55],[57,-66],[4,-23],[-77,17],[5,-49],[10,-20],[58,-33],[100,-111],[47,-42],[31,-30],[-39,-43],[64,-76],[-35,-57],[45,11],[-11,-55],[42,-4],[-23,-73]],[[113133,3130],[-199,29],[-260,-96],[-82,-100],[8,-54],[-192,-118],[-56,-105],[-166,-2],[-102,-39],[-27,-53],[-106,-3],[-169,-108],[-151,-63],[-133,-60],[-53,13],[-73,17],[-98,-40],[-31,128],[-72,82]],[[111171,2558],[-127,-194],[-56,12],[-104,-15],[-110,-63],[-47,68],[-134,85],[-100,17],[-278,-131],[-46,36],[26,94],[96,116],[22,51],[16,15]],[[110329,2649],[126,117],[-38,98],[-118,-41],[-1,61],[122,21],[31,36]],[[110451,2941],[111,-71],[58,37],[26,-24],[-29,-87]],[[110617,2796],[-1,-2]],[[110529,2722],[-8,52],[-27,19],[6,-58],[29,-13]],[[111373,3216],[-25,45],[-70,-1],[-36,14],[6,-47],[87,-113],[11,-74],[4,-25],[40,17],[-17,184]],[[111976,3362],[1,0],[-1,0]],[[111772,3637],[-1,-18],[74,5],[35,53],[-49,67],[57,56],[1,84],[-152,-47],[35,-200]],[[111820,3006],[3,-1]],[[111823,3005],[5,1],[-5,-1]],[[111823,3005],[-3,1]],[[111576,2749],[0,1],[-3,-1],[3,0]],[[112110,3637],[-107,-14],[-28,-31],[82,-22],[32,-48],[47,9],[-26,106]],[[112251,4436],[0,1],[0,-1]],[[111704,4384],[-1,2],[0,-1],[1,-1]],[[112190,5036],[1,-1],[1,0],[-2,1]],[[111512,5496],[-109,34],[-84,-13],[-22,-64],[83,6],[73,-24],[59,61]],[[111972,5600],[17,-113],[58,-21],[115,156],[-190,-22]],[[111171,2558],[-11,80],[-50,58],[-98,-47],[-43,-49],[27,-87],[16,-18],[40,67],[119,-4]],[[111237,2798],[-1,-1],[1,1]],[[112224,3118],[56,2],[15,-43],[-25,120],[-14,55],[-93,3],[-12,-60],[73,-77]],[[111238,2955],[0,1],[0,-1]],[[112652,6165],[-8,-37]],[[112644,6128],[1,-1]],[[112645,6127],[196,-149],[68,3],[107,-125]],[[113016,5856],[8,-114],[-179,142],[-91,16]],[[112754,5900],[-1,0]],[[112753,5900],[-59,84],[-107,29],[6,96],[-79,29],[-38,137],[-79,64],[0,71],[55,35],[200,-280]],[[112733,5864],[20,36]],[[113016,5856],[132,-92],[57,-80],[-69,-24],[-29,-54],[56,-61],[22,67],[62,-17],[69,-18],[56,-68],[64,7],[56,-55],[20,-43],[97,22],[59,-19],[15,-22],[44,26],[171,-32],[34,8],[89,-88],[46,20],[-18,-76],[75,-34],[59,-16],[60,-37],[42,-35],[99,72],[64,5],[52,75],[82,28]],[[114582,5315],[-15,-31],[62,-74],[48,16],[-2,119]],[[114675,5345],[4,27],[50,66],[53,10]],[[114782,5448],[21,-88],[-4,-23],[56,-55]],[[114855,5282],[-2,-2]],[[114853,5280],[-1,-1],[148,-11]],[[115000,5268],[1,-1],[65,-29],[25,19],[50,33],[20,14],[20,23],[24,33],[37,39],[1,0],[40,-5],[46,-1],[10,-11],[22,-44],[21,-21],[-13,-42],[-16,-25]],[[115353,5250],[0,-1],[1,-13],[10,-18],[34,-42],[56,-14],[8,-7],[1,-49],[-39,-114],[-1,0],[-14,-91],[-20,-63],[-15,-44],[1,-8],[21,-103],[1,-4]],[[115397,4679],[1,-1]],[[115398,4678],[15,-51]],[[115413,4627],[-51,-70],[-55,58],[-87,-10],[-24,-51],[-45,-91]],[[115151,4463],[85,-5],[42,-40],[-87,-160],[-116,-63],[-13,-12],[-35,-27],[-123,-53],[-48,-37],[-33,-74],[-155,-93],[-100,-108],[-140,-33],[-50,-46],[-54,-157],[-13,-30],[-133,-174],[-79,-67],[-121,-90],[-97,-63],[-156,-37],[-138,7],[-269,12],[-185,17]],[[112607,4151],[29,83],[-22,206],[29,116],[-101,203]],[[113343,4334],[32,-11],[-3,26],[-9,6],[-20,-21]],[[113294,4343],[0,1],[0,1],[0,-2]],[[113433,4311],[17,-12],[49,15],[1,10],[-31,10],[-36,-23]],[[94539,5308],[-14,-36]],[[94525,5272],[2,-15]],[[94527,5257],[-24,6],[-12,50],[5,0],[43,-5]],[[112909,4655],[1,-1],[-1,1]],[[113328,4836],[-12,49],[-46,20],[-42,-58],[16,-80],[67,6],[17,63]],[[113271,5019],[0,1]],[[113271,5020],[0,-1]],[[113189,5013],[0,11],[-7,76],[-11,36],[-103,22],[-23,-64],[63,-41],[6,-44],[44,-21],[31,25]],[[112883,5052],[120,204],[-1,44],[-169,-7],[-110,-63],[-62,-48],[49,-135],[-18,-63],[191,68]],[[114560,5025],[-2,0],[2,-1],[0,1]],[[114709,4879],[0,-2],[0,1],[0,1]],[[114439,4901],[1,2],[-1,-2]],[[114707,4999],[38,4],[-1,-52],[65,7],[39,66],[30,48],[-47,53],[-61,-40],[-66,-60],[3,-26]],[[114039,4275],[0,-1],[0,1]],[[114025,4648],[-2,2]],[[114023,4650],[2,-2]],[[114036,4683],[2,-1],[-2,1]],[[113429,4728],[-8,-3]],[[113421,4725],[8,3]],[[115265,4837],[-7,-1],[7,1]],[[114589,4110],[-50,-25],[-2,49],[-40,-10],[-40,-57],[-31,-16],[20,-24],[163,13],[-20,70]],[[113612,5216],[72,-119],[182,90],[18,112],[-56,43],[-174,-75],[-42,-51]],[[115151,4463],[-5,3],[5,-3]],[[115068,4539],[1,-1]],[[115069,4538],[-1,1]],[[114690,5207],[2,-4],[-1,4],[-1,0]],[[112645,6127],[-1,1]],[[112652,6165],[93,-2],[59,-81],[89,24],[52,81],[-13,25],[188,116],[97,-71],[75,-50],[101,-223],[-35,-205],[5,-2],[68,1],[18,37],[80,5],[41,26],[92,17],[0,1],[-6,47],[39,40],[-28,67],[-31,77],[88,35],[-27,52],[58,29],[1,33],[-5,29],[2,90],[36,-16],[50,42],[6,42],[64,17],[72,8],[5,76],[74,39],[1,59],[3,130],[33,199],[55,40],[-9,36],[2,69],[190,-58],[34,42],[53,-4],[79,44],[75,24],[102,33],[92,102],[64,5],[36,19],[62,84],[52,184],[68,12],[54,-33],[100,66]],[[115206,7624],[6,-50],[36,1],[-28,-55],[31,-75]],[[115251,7445],[-5,4],[-40,-125],[-1,-147],[53,-39]],[[115258,7138],[44,23],[67,-52],[49,9]],[[115418,7118],[45,-21],[-4,-100],[43,-46],[45,-128],[26,-37],[13,-78],[0,-33],[-28,-96],[-8,-8],[-9,-96]],[[115541,6475],[-1,0],[-1,-1]],[[115539,6474],[-9,-18]],[[115530,6456],[0,-1]],[[115530,6455],[-89,-29]],[[115441,6426],[-34,-24],[-20,-12],[19,-60],[-24,-74],[-75,-41],[-47,-15]],[[115260,6200],[-188,9],[81,-224],[22,-10],[69,98],[24,87]],[[115268,6160],[66,-46],[-4,-76],[-3,-20],[-28,-85],[2,-3]],[[115301,5930],[6,-6]],[[115307,5924],[1,-2],[2,-4],[-51,-1],[-20,-58],[-157,-75],[37,-42]],[[115119,5742],[2,3]],[[115121,5745],[78,-101],[-1,-60]],[[115198,5584],[-1,-2]],[[115197,5582],[6,-45],[-23,0],[-65,35],[-69,-19],[-5,0],[-33,-16],[-12,-84],[-66,-5],[-24,-3],[-64,17],[-60,-14]],[[114675,5345],[-93,-30]],[[114122,6274],[0,-2],[0,2]],[[114009,6351],[19,21],[-2,4],[-45,-24],[28,-1]],[[114212,6256],[0,-1],[7,3],[-7,-2]],[[114380,5686],[1,-4]],[[114381,5682],[-1,4]],[[115457,7472],[-119,5],[-23,230]],[[115315,7707],[37,14]],[[115352,7721],[105,-249]],[[115258,7138],[4,-3],[-4,3]],[[115089,5976],[-62,33],[-27,-60],[-37,39],[-48,2],[-88,-35],[21,-94],[143,14],[48,57],[61,2],[-11,42]],[[114756,6055],[5,1],[-1,1],[-4,-2]],[[113927,6242],[16,42],[-55,49],[-20,10],[-1,-40],[-7,-81],[67,20]],[[114517,5771],[1,0],[0,7],[-1,-7]],[[116868,7470],[-39,-98],[25,-49],[-32,-16],[19,-69],[65,-78],[-84,-57],[-107,2],[-41,-13],[-141,-107],[-87,101],[81,75],[-29,47],[-110,-104],[-124,8],[-51,4],[-83,-71],[-40,-18],[-4,-74],[2,-102],[56,-131],[-9,-89],[76,-50]],[[116211,6581],[-100,-128],[9,-14],[21,-74],[-30,-28],[-8,-30],[-96,-90],[-66,19],[-71,41],[-23,-12],[-85,82],[-34,-79],[-27,-57],[-54,49],[-25,-14],[-69,-1],[16,107],[-58,46],[-70,28]],[[115530,6455],[0,1]],[[115539,6474],[2,1]],[[115418,7118],[64,73],[-19,33],[-67,16],[-38,172],[-107,33]],[[115206,7624],[109,83]],[[115352,7721],[34,39],[35,-35],[24,60],[138,-9],[53,4],[-16,29],[57,57],[126,51],[170,37],[-73,-144],[2,-107],[24,-98],[106,-36],[62,-40],[69,8],[29,47],[114,76],[91,21],[33,8],[123,154],[24,77],[156,-163],[142,-89],[-1,-148],[-6,-50]],[[116751,7622],[30,-7],[-38,24],[8,-17]],[[116516,7297],[-12,-9],[-1,-57],[36,-5],[43,53],[-66,18]],[[116123,7354],[1,-1]],[[116124,7353],[-1,1]],[[115668,6394],[-1,1],[1,-1]],[[114232,10919],[-75,-50],[-52,-33],[-106,-65],[-25,-6],[-25,-21],[-30,-16],[-47,-5],[24,40],[-41,3],[-40,118],[57,99],[16,23],[75,88],[12,25],[34,62],[120,111],[64,-5],[143,30],[39,-22],[65,16],[178,-3],[-165,-98],[30,-216],[-46,1],[-35,-81],[-57,19],[-24,-3],[-29,-9],[-16,7],[-28,-22],[-16,13]],[[114328,10958],[-4,3]],[[114324,10961],[4,-3]],[[114384,10874],[85,58],[104,1],[-75,38],[62,27],[42,24],[35,-7],[63,50],[139,62],[59,18],[34,17],[251,52],[63,-2],[26,-73],[-30,-16],[57,-5],[-5,-36],[29,34],[-72,98],[136,-44],[288,-26],[171,7],[137,72],[19,22],[29,-36],[158,-33],[126,42],[194,6],[79,-107],[-15,-37],[40,-73],[93,-158],[-51,-175],[48,-149],[-125,-97],[-180,-54],[-255,5],[-409,-28],[-397,-153],[-247,5],[-29,-21],[-82,40],[-106,25],[-303,-177],[-85,-10],[-112,-26],[-56,77],[-92,14],[-106,-43],[-96,-62],[-129,-65],[4,91],[-241,0],[-69,75],[42,132],[183,232],[40,112],[34,43],[51,-1],[62,53],[76,63],[98,40],[68,-30],[41,52],[45,20],[56,37]],[[113703,10976],[25,24],[20,-75],[-14,-27],[-52,17],[21,61]],[[113751,11073],[-44,6],[8,48],[50,-23],[-14,-31]],[[115085,10302],[1,0],[8,34],[-9,-34]],[[114815,10526],[-18,-4],[18,4]],[[114815,10526],[35,-8],[-35,8]],[[113099,10756],[37,97],[32,63],[66,93],[84,54],[92,33],[109,-13],[37,-123],[-108,-256],[15,-70],[18,-79],[-68,-110],[-101,-46],[-81,-57],[-113,-170],[-31,-87],[2,-145],[-84,-95],[-53,10],[-13,-67],[-111,-142],[-134,-24],[-157,-25],[-41,26],[-7,88],[45,92],[-32,105],[-16,46],[-1,35],[-58,6],[1,95],[-90,51],[-124,-20],[-151,-164],[-46,54],[-50,-4],[-21,46],[85,55],[42,88],[15,99],[96,142],[127,52],[143,104],[28,-142],[130,14],[-13,-101],[57,-4],[-18,-12],[-4,-45],[54,-12],[5,-47],[20,8],[31,29],[-64,71],[115,73],[79,109],[49,20],[8,64],[66,89],[72,4],[30,45]],[[113292,10799],[3,-3],[-3,3]],[[114875,10959],[0,1]],[[114875,10960],[0,-1]],[[115326,11116],[22,-14],[-22,14]],[[112587,10254],[-1,-10],[2,10],[-1,0]],[[113591,10697],[75,-4],[46,-19],[17,-76],[-62,-101],[-131,36],[-34,77],[24,34],[65,53]],[[113633,10595],[5,8],[-1,0],[-4,-8]],[[113408,9919],[12,-49],[-66,-35],[-22,72],[76,12]],[[107185,9304],[-82,-9],[-40,-45]],[[107063,9250],[-23,38],[25,227],[5,8],[36,153],[7,61],[62,100],[7,43],[-33,52],[28,182],[-22,9],[16,145]],[[107171,10268],[120,68],[155,22],[55,-4],[61,134],[19,38],[57,51],[136,48],[80,13],[101,17],[37,44],[54,171],[44,101],[79,34],[-129,65],[-86,28],[-70,1],[-40,-47],[-34,26],[-34,-27],[-66,-12],[-84,-66],[-45,-112],[-98,42],[-119,-6],[-2,40],[109,90],[9,64],[77,87],[12,38],[-16,140],[79,25],[1,0],[51,43],[64,-5],[51,105],[26,-19],[61,46],[140,-121],[103,-53],[47,-45],[88,-42],[34,-25],[1,-104],[-19,-109],[-44,-33],[0,-1],[58,-49],[24,-47],[17,-90],[3,-35],[39,-49],[89,-64],[14,-93],[2,-36],[-8,-28],[-34,-24],[-30,0],[7,-23],[-24,-18],[-20,-7],[-8,-20],[-11,-6],[-8,-4],[-11,-13],[-14,-2],[-17,3],[-35,-18],[-33,12],[41,137],[-1,0]],[[108276,10544],[0,1],[-158,78],[-42,-132]],[[108076,10491],[-6,-18],[-57,-75],[-80,-136],[17,-54],[39,-89],[-12,-103],[-68,-35],[-57,14],[-62,34],[-43,36],[-23,19],[-58,-14],[5,30],[-100,15],[-6,-47],[-38,49],[-10,8],[-12,-60],[19,-40],[-43,5],[-99,-80],[30,-63],[62,-6],[75,86],[65,-114],[8,-18],[131,-109],[47,-180],[-159,-32],[47,-102],[-109,-34],[-29,-30],[-89,26],[-96,-18],[-32,-91],[-78,39],[-70,0]],[[107681,10243],[14,8],[-13,-7],[-1,-1]],[[108237,10532],[-56,-80],[-49,29],[-41,8]],[[108091,10489],[80,66],[105,-11]],[[108276,10544],[-39,-12]],[[110970,10796],[-67,-130],[-23,134],[-126,85]],[[110754,10885],[-8,51],[55,-23],[107,34],[54,-59],[-9,-74],[-51,0],[68,-18]],[[108101,9668],[6,-4],[-6,4]],[[107942,9578],[13,123],[129,84],[120,70],[12,56],[16,60],[63,62],[43,24],[73,-17],[52,-33],[38,11],[33,18],[74,28],[63,2],[53,2],[100,0],[62,6],[70,35],[60,-20],[25,-24],[-8,-54],[-57,-56],[-93,-16],[-82,-35],[-15,-5],[-84,-55],[-76,-11],[-84,36],[-26,18],[-23,8],[-14,-10],[-26,-19],[-59,-48],[-35,-33],[-70,-114],[-54,-71],[-21,-39],[-57,-145],[-128,-53],[-70,2],[-59,96],[14,71],[28,46]],[[108790,10721],[124,104],[65,50],[87,-30],[152,62],[43,-80],[85,74],[92,-79],[38,-21],[10,27],[56,-22],[71,-20],[-103,-112],[-52,-26],[-28,-5],[-3,-6],[15,-24],[132,24],[11,-36],[-2,-25],[-2,-33],[13,-136],[-17,-77],[-19,-47],[-68,-49],[-22,-14],[-30,6],[-34,-7]],[[109404,10219],[-21,209]],[[109383,10428],[-29,-138],[5,-35],[-15,-27]],[[109344,10228],[-36,-9],[-23,6],[-22,9],[-15,18],[-40,2],[-77,5],[-14,1],[-12,1],[-45,-21],[-51,4],[-48,-7],[-105,-23],[-61,-22],[-28,-4],[-46,0],[-25,63],[-17,-95],[-64,50],[-71,-5],[-41,-7],[-76,-44],[-35,58],[11,101],[24,70],[37,80],[38,58],[77,91],[22,-18],[24,38],[29,29],[39,25],[20,18],[40,2],[37,19]],[[108721,10411],[-42,32],[-93,13],[-62,-50],[13,-18],[11,-56],[163,44]],[[108711,10376],[2,-1],[-2,1]],[[108711,10376],[10,35]],[[108948,10498],[9,-8],[22,12],[-19,14],[-12,-18]],[[108954,10685],[-34,-19],[52,-96],[7,-26],[15,17],[-15,73],[-25,51]],[[109383,10428],[-11,-15],[11,15]],[[109270,10430],[84,16],[-28,18],[-41,14],[-15,-48]],[[109247,10495],[0,-1],[0,1]],[[109247,10495],[-2,1],[2,-1]],[[109209,10303],[3,29],[-3,-29]],[[109213,10509],[0,1],[0,-1]],[[109359,10618],[-1,-3],[3,1],[-2,2]],[[109274,10606],[2,0],[-1,2],[-1,-2]],[[109271,10535],[0,1],[0,-1]],[[110484,10727],[25,-13]],[[110509,10714],[8,-38],[-41,-34]],[[110476,10642],[-77,23],[46,62],[39,0]],[[109044,10664],[-2,3],[1,-2],[1,-1]],[[104596,8610],[-81,-37]],[[104515,8573],[-20,85],[-1,107],[-21,22],[-23,5],[-38,1],[-7,-35],[-33,16],[-39,28],[-16,19],[-21,57],[-26,27],[-28,54],[69,95]],[[104311,9054],[10,29],[45,33],[14,144],[37,37],[-36,37],[14,13],[71,12],[-18,129],[33,42],[-45,67],[52,44],[39,80],[-2,15],[27,8]],[[104552,9744],[45,-67],[75,9],[18,37],[27,-30],[86,17],[45,-81],[34,11],[-14,50],[26,-19],[37,13],[142,-86],[92,-40],[64,-71],[57,-86],[46,-14],[-60,-108],[79,32],[28,15],[8,-9],[12,-4],[26,-18],[66,-21],[3,-1],[28,-8],[27,-2],[52,-12],[32,-9],[10,-7],[22,-6],[36,19],[24,7],[96,67],[189,42],[126,-3],[103,19],[134,-5],[106,176],[53,56],[-12,45],[14,43],[-96,49],[-54,91],[47,73],[136,32],[19,-27],[99,80],[57,95],[76,14],[24,128],[42,-26],[48,63],[161,-27],[78,28]],[[107063,9250],[-87,-8],[-46,-48]],[[106930,9194],[-88,148],[-111,138],[-39,-139],[132,-172]],[[106824,9169],[-137,-36],[-49,-96],[-19,-44],[-110,-59],[-282,-80],[-108,-39],[-58,5],[-113,-24],[-82,39],[-50,4],[-121,-21],[-28,-5],[-15,-6],[-81,-19],[-149,36],[-146,-14],[-39,51],[-30,16],[-49,3],[-78,0],[-143,-21],[-57,-16],[-91,-99],[-98,-73],[-95,-61]],[[105299,8976],[1,-1]],[[105300,8975],[-1,1]],[[105309,9155],[-1,-1],[1,1]],[[105345,9259],[-2,0],[2,0]],[[105035,11374],[-4,-57],[-97,-10],[29,52],[72,15]],[[105700,10380],[-15,-40],[-91,-9],[36,53],[70,-4]],[[103390,10634],[74,-17],[78,-119],[-24,-79],[-103,-32],[-137,57],[14,101],[36,54],[16,19],[46,16]],[[103507,10490],[-3,7],[2,-7],[1,0]],[[103459,10481],[0,-1],[0,1]],[[106553,9502],[-2,-2],[1,0],[1,2]],[[105456,8932],[-1,0],[1,0]],[[105726,8969],[1,0],[2,0],[-3,0]],[[106135,10058],[2,-52],[-50,-36],[-267,16],[1,72],[44,29],[124,-3],[118,-75],[28,49]],[[104416,8875],[-1,0],[2,0],[-1,0]],[[105543,9102],[0,-1],[1,2],[-1,-1]],[[102498,8602],[-45,0],[-12,-1],[-102,15],[-79,4],[1,25]],[[102261,8645],[7,55],[-4,120],[-5,3],[-18,18],[-1,2],[-53,63],[32,65],[47,52],[38,31],[0,4],[21,58],[88,1],[99,62],[66,63],[84,15],[5,85]],[[102667,9342],[37,78],[31,-106],[55,17],[43,-30],[77,-21],[-41,131],[-58,48],[25,42],[55,-3],[14,42],[-63,51],[22,86],[155,-114],[-38,72],[21,247],[24,-19],[19,49],[24,-24],[21,27],[58,-30],[-29,-31],[22,-50],[89,21],[19,-49],[118,-5],[95,51],[123,-19],[50,-15],[60,-6],[18,-20],[28,-1],[30,7],[69,24],[80,80],[122,-84],[56,22],[22,11],[51,0],[65,29],[35,42],[43,94],[48,31],[-34,-46],[37,-20],[-10,-44],[107,107],[32,-25],[126,51],[-21,-107],[-33,10],[34,-32],[-34,-107],[-14,-60]],[[104311,9054],[-2,0],[2,0]],[[104515,8573],[-44,-14],[-85,-29],[-81,-36],[-40,-12],[-10,-4],[-21,-8],[-56,-1],[-137,-4],[-78,-46],[-47,-27],[-34,-12],[-64,-53],[-113,-35],[-74,-22],[-24,6],[-84,11],[-100,74],[-30,16],[-84,24],[-10,9],[-35,-3],[-22,-7],[-29,-26],[5,-137],[-25,-5],[-47,-60],[-68,31],[48,167],[9,18],[5,11],[2,14],[-6,22],[-59,39],[-10,2],[-36,10],[-21,10],[-48,46],[-15,29],[-22,14],[-43,16],[-56,-5],[-61,-38],[-91,12],[-91,15],[-52,17],[-33,0]],[[106930,9194],[-106,-25]],[[102506,8790],[10,-11],[47,-20],[36,76],[48,-42],[-5,118],[28,21],[-50,39],[-98,22],[-55,-31],[-1,-2],[21,-105],[-6,-32],[25,-33]],[[102698,8815],[33,-46],[31,15],[-12,-126],[48,-7],[35,52],[-18,42],[26,0],[-11,40],[-18,43],[-16,16],[-41,35],[-57,-64]],[[102845,8712],[0,-1],[9,9],[-9,-8]],[[102705,8277],[-2,-74],[-53,-36],[-25,104],[8,9],[25,-1],[13,18],[1,24],[-16,26],[23,47],[22,-21],[4,-48],[0,-48]],[[103105,8668],[-17,-29],[36,-29],[18,68],[-37,-10]],[[103050,8634],[-24,-1],[-32,-36],[56,37]],[[103282,8722],[-2,-1],[1,-1],[1,2]],[[103385,8573],[3,8]],[[103388,8581],[-3,-8]],[[103425,8703],[1,-1],[-1,1]],[[103750,9068],[-33,-66],[34,-32],[7,-106],[26,123],[77,44],[-13,8],[-56,55],[-36,-54],[-6,28]],[[103511,9374],[4,1],[-4,-1]],[[103428,9528],[1,0],[0,3],[-1,-3]],[[103137,9234],[-1,0]],[[103136,9234],[1,0]],[[103770,9664],[10,-19],[-10,19]],[[103752,9565],[-56,-97]],[[103696,9468],[0,-1],[29,-69],[41,-3],[43,56],[17,26],[-54,30],[32,75],[-52,-17]],[[103696,9468],[-1,2],[1,-2]],[[104378,9608],[0,1],[-2,0],[2,-1]],[[104024,9350],[2,1],[0,1],[-2,-2]],[[103583,8548],[1,-1],[1,0],[-2,1]],[[104070,9003],[6,13],[-6,-13]],[[104141,8987],[28,41],[-48,-23],[10,-12],[10,-6]],[[104131,9096],[77,-49],[-77,62],[0,-13]],[[100089,8417],[-21,36],[-54,28],[-66,-28]],[[99948,8453],[-35,25],[48,29],[5,3],[74,168],[47,171],[2,32],[-43,40],[9,60],[108,28],[17,47],[12,51],[34,87],[-17,73],[-6,40],[-23,97],[-16,4],[-54,105],[52,33],[-67,80],[-46,109],[103,108],[38,45],[62,-23]],[[100252,9865],[1,1]],[[100253,9866],[101,53],[-50,51],[7,56],[12,24],[50,122],[52,27],[29,119]],[[100454,10318],[26,7],[-50,93],[55,9],[110,-35],[-32,-70],[-51,22],[20,-33],[26,-40],[33,34],[22,-73],[76,2],[21,-44],[59,-43],[45,-4],[81,15],[226,-68],[28,5],[42,-7],[10,13],[81,-70],[39,7]],[[101321,10038],[26,-75],[-71,-74],[86,-104],[-55,-95],[-49,-54],[-37,-33],[-9,-2],[-6,-90],[-55,-80],[11,-20],[-34,-196],[-27,-59],[-15,-64],[-20,-9],[91,-20],[69,-34]],[[101226,9029],[3,-8]],[[101229,9021],[-51,-36],[-48,-2],[-37,-57],[-56,-74],[-3,-124],[72,-90],[15,-52],[32,-49],[12,-40],[3,-13]],[[101168,8484],[-106,30],[18,-217],[-107,18],[-39,-87],[13,-12],[123,35],[108,-63],[-149,-75],[-111,-60],[-63,-46],[-66,-21],[2,149],[-4,15],[-3,2],[-42,-12],[-6,-70],[-56,-29],[-20,-69],[-40,15],[-84,23],[-158,60],[-38,28],[-24,13],[-40,36],[-19,33],[-39,28],[-19,31],[-67,59],[-16,53],[-21,35],[-6,31]],[[100752,8341],[34,5],[-11,36],[-34,80],[-19,16],[-16,6],[-18,-29],[-14,-32],[78,-82]],[[100543,8561],[3,-3],[-3,3]],[[100473,8704],[-1,0],[0,-2],[1,2]],[[100716,8790],[2,8],[-2,-8]],[[101118,9691],[9,2],[-9,-2]],[[100591,8160],[-2,-1],[2,1]],[[100603,8324],[-2,-5],[2,4],[0,1]],[[100789,8214],[2,5],[-1,-1],[-1,-4]],[[100707,8149],[-10,-33],[10,33]],[[98492,9531],[1,-3],[-1,3]],[[98516,9472],[-9,-19],[51,-28],[40,33],[-27,5],[-55,9]],[[98499,9453],[-50,0],[11,-20],[53,-77],[20,14],[17,9],[-7,39],[-44,35]],[[98504,9677],[1,0],[0,1],[-1,-1]],[[98774,9593],[-20,-69],[0,-36],[25,-26],[-6,-13],[12,-26]],[[98785,9423],[-1,-1],[1,1]],[[98785,9423],[19,-84],[0,-93],[-29,0],[-7,-4],[-40,-16],[-48,-8],[-41,-29]],[[98639,9189],[-7,-22],[-43,-62],[103,-145],[12,-20],[7,-5]],[[98711,8935],[9,-37],[1,-86],[28,-201],[33,-88]],[[98782,8523],[-72,-9],[-84,2],[-127,21],[-66,-19],[-57,-2],[-63,-15],[-73,21],[-38,9],[-15,-32],[-35,-24],[-71,-15],[-88,-85],[-76,42],[-70,-36],[-52,28],[-138,21]],[[97657,8430],[46,46],[-28,71],[99,66],[96,32],[-11,42],[-27,40],[-6,12],[8,21],[85,24],[55,65],[14,14],[1,5],[3,34],[22,5],[11,3],[14,17],[4,39],[7,19],[11,53],[-51,48],[-30,41]],[[97980,9127],[0,1],[-1,-1]],[[97979,9127],[-56,-17],[-37,64]],[[97886,9174],[57,36],[11,86],[-8,5],[-36,-17],[-16,-23]],[[97894,9261],[-32,64],[5,26],[0,10]],[[97867,9361],[33,76]],[[97900,9437],[2,0],[25,16]],[[97927,9453],[66,13],[21,67]],[[98014,9533],[48,33],[74,-54],[37,13],[-11,34],[-3,77],[0,1],[-21,65],[56,28],[6,5],[6,4],[23,61],[49,56],[0,57]],[[98278,9913],[0,1]],[[98278,9914],[41,83],[-131,14],[-20,-73],[-13,9],[-41,52],[45,83],[-47,14],[-94,-74],[-58,-27],[-24,26],[-62,89],[7,150],[9,168],[13,252]],[[97903,10680],[191,-27],[103,-27],[157,54],[23,119],[53,39],[64,-36],[24,-131],[61,-49],[21,-1],[68,8],[15,3]],[[98683,10632],[9,-63],[-14,-31],[-12,4],[-22,5]],[[98644,10547],[-1,4],[1,-4]],[[98644,10547],[2,-133],[1,-5],[-21,-136],[15,-4],[70,-61],[65,-98],[16,-13]],[[98792,10097],[3,-32],[33,-55]],[[98828,10010],[12,-40],[5,-30],[9,-10],[21,-89],[3,-8],[12,-29],[-24,-79],[-14,-10],[-9,-21],[-8,-13],[-35,-62],[-1,-1],[-16,-5],[-9,-20]],[[98664,9498],[0,1],[0,-1]],[[98466,9600],[1,0]],[[98467,9600],[-1,0]],[[98211,9399],[-8,-1],[-84,-91],[8,-28],[56,-18],[23,48],[10,57],[-1,7],[-4,26]],[[98314,9350],[0,1],[-1,0],[1,-1]],[[98133,9480],[-1,0],[1,-1],[0,1]],[[98116,9408],[-78,14],[-18,-25],[-67,-92],[54,1],[97,18],[12,84]],[[98165,9175],[-2,0],[2,0]],[[98602,9766],[-1,1],[1,-1]],[[98311,10591],[-1,0],[0,-1],[1,1]],[[98500,10170],[1,-1],[-1,1]],[[98477,10156],[-4,0],[4,0]],[[98563,9340],[-1,2],[1,-2]],[[97920,8306],[35,-33],[3,-80],[-124,-61],[-56,37],[56,122],[86,15]],[[98321,9770],[85,-45],[7,12],[8,53],[-2,26],[-19,33],[-79,-31],[0,-48]],[[98374,9662],[-1,-1],[1,1]],[[98390,9884],[1,-1],[1,2],[-2,-1]],[[97965,9289],[-2,-81],[37,-12],[-35,93]],[[98292,10090],[-1,-1]],[[98291,10089],[1,1]],[[98419,9988],[-1,-2],[4,2],[-3,0]],[[98187,9059],[2,-3],[0,1],[-2,2]],[[97789,5138],[-65,42],[-32,-83],[51,-56],[45,95],[1,2]],[[97727,5220],[36,0],[52,2],[87,2],[55,-67],[58,-48],[-19,-23],[121,73],[74,54],[88,-20],[-3,43],[162,40],[150,44],[117,-244],[64,-46],[92,11],[74,-38],[75,-114],[79,-32],[42,-164],[68,-71],[30,-139],[113,-205],[58,-89],[-31,-40],[-55,-82],[250,45],[160,-67],[199,-160],[39,-80],[88,-131],[-4,-119],[-27,-121],[6,-37],[-86,-110],[-223,-118],[-31,-38],[-34,-96],[-94,-71],[-182,-102],[-91,5],[-157,-100],[-219,61],[-81,-7],[-17,67],[-41,54],[-52,78],[-47,43],[-86,-50],[-131,4],[-40,-36],[29,-32],[-26,-91],[116,-347],[-298,222],[-117,53],[-120,-19],[-78,-18],[-107,49],[-116,3],[-86,-24],[-78,318],[50,240],[-93,22],[-49,-50],[-52,-193],[-8,-89],[62,-65],[19,-97],[-46,-44],[-199,234],[61,81],[-75,141],[18,179],[-95,-9],[-10,75],[129,113],[-155,44],[-32,77],[-148,111],[-76,-31],[52,-100],[-16,-164],[-95,-8],[-97,144],[122,87],[-87,191],[-107,170],[108,40],[-30,84],[28,37],[-94,96],[-117,92],[-48,-32],[-182,-10],[-96,-38],[-36,38],[-83,-3],[-66,86],[3,71],[-18,4],[-37,1],[-77,-131],[-126,-66]],[[95734,4423],[43,395],[22,42],[-44,25],[-39,64],[-8,77],[101,76],[137,6],[191,6],[33,27],[2,156],[1,93],[-22,46],[71,128],[46,7],[20,104],[46,62],[37,-15],[37,17]],[[96408,5739],[0,-3],[0,2]],[[96408,5738],[77,111],[-36,77],[-51,69],[-27,69],[58,115],[-9,77],[-126,49],[-46,112]],[[96248,6417],[100,65],[175,206],[99,-199],[180,-230],[102,-57],[41,-99],[130,-170],[82,-52],[136,-30],[121,60],[99,-9],[78,-78],[59,-159],[9,-161],[20,-167],[48,-117]],[[97621,5079],[52,-1],[-12,29],[-40,-28]],[[96855,5441],[-68,-12],[-3,-57],[-55,-39],[52,-32],[41,25],[57,-67],[-144,-130],[87,-81],[158,36],[194,24],[-17,113],[33,41],[-32,103],[-133,38],[-69,-20],[-101,58]],[[96705,6185],[-14,-19]],[[96691,6166],[14,19]],[[94808,5680],[-30,-19],[-58,-68],[-55,-11],[-34,19],[47,55]],[[94678,5656],[1,1]],[[94679,5657],[60,20]],[[94739,5677],[69,3]],[[97541,4224],[0,-1],[1,1],[-1,0]],[[98006,5035],[-1,0],[0,-1],[1,1]],[[98660,3963],[0,3],[-1,-1],[1,-2]],[[99474,3528],[-1,2],[0,-2],[1,0]],[[99230,3026],[5,2],[-3,1],[-2,-3]],[[98846,3165],[-1,3],[1,-2],[0,-1]],[[99120,2958],[1,10],[-1,-1],[0,-9]],[[98882,2906],[1,1],[-1,0],[0,-1]],[[98464,3771],[-34,-93],[57,-69],[84,1],[93,84],[18,53],[-58,38],[-160,-14]],[[97798,3335],[19,-251],[214,-252],[27,47],[-36,127],[62,152],[-159,51],[-73,119],[-54,7]],[[94527,5257],[-1,14],[-1,1]],[[94574,6072],[-8,-18],[32,-53],[20,-74]],[[94618,5927],[-26,-115],[9,-17],[56,-24],[0,104]],[[94657,5875],[41,-59],[-27,-39],[29,-45],[39,-55]],[[94679,5657],[-3,2],[2,-3]],[[94808,5680],[17,-1],[81,-35],[-13,-77],[-34,-92],[-32,-22],[-46,-53],[-12,-97],[-2,-13],[19,-66],[-9,-42],[-16,-25],[-46,-76],[31,-26],[66,15],[44,-7],[26,1],[87,-50],[-91,-130]],[[94878,4884],[-1,-1],[0,-1]],[[94877,4882],[-16,-60],[129,-4],[11,-43]],[[95001,4775],[-28,-55],[-151,48],[-29,12],[-120,40],[-44,-43],[-116,-36],[-31,-85],[-76,-59],[-59,79],[-51,42],[-98,35],[-29,-40],[-68,31],[-47,62],[-65,0],[-154,10],[-100,18],[-121,-84],[-27,60],[-131,56]],[[93456,4866],[30,179],[46,96],[94,51]],[[93626,5192],[42,-7],[55,-94],[110,-56],[86,37],[18,-4],[43,-20],[93,47],[16,27],[36,67],[18,39],[8,16],[41,69],[32,-20],[45,21],[2,21],[42,-12],[26,39],[8,34],[70,53],[24,30],[12,16],[46,43],[-75,80],[5,46],[0,10],[-26,43],[-7,53],[-38,6]],[[94358,5776],[-5,77]],[[94353,5853],[-1,7]],[[94352,5860],[4,35],[0,9],[-1,69],[0,18],[0,62],[1,31],[73,138],[-18,36]],[[94411,6258],[97,37]],[[94508,6295],[19,-151],[47,-72]],[[94484,6035],[-37,-8],[10,-24],[5,-59],[0,-54],[47,5],[-14,74],[-11,66]],[[94565,5240],[3,0],[-3,0]],[[109528,9613],[-183,37],[-85,-48],[22,71],[-55,-3],[16,32],[-35,41],[103,29],[63,63],[22,18],[47,29],[16,25],[55,46],[55,43],[20,27],[69,115],[94,90],[54,20],[118,80],[69,0],[96,18],[34,41],[115,81],[-27,36],[-39,42],[-19,13],[-23,19],[-37,33],[-37,17],[-41,20],[-90,-30],[-179,-29],[-3,29],[83,27],[49,102],[71,25],[37,30],[47,-16],[39,-47],[65,0],[71,3],[43,58],[48,31],[17,8],[26,7],[39,7],[38,12],[20,0],[31,4],[47,-6],[50,-23],[25,-26],[-65,-28],[25,-40],[-40,-32]],[[110476,10642],[-15,-50],[-56,-27],[-19,-53],[-52,-54],[3,-70],[1,-12],[91,19],[86,-54],[80,8],[39,21],[87,109],[-26,82],[-58,-1],[-4,102],[110,0],[-22,-91],[24,-27],[79,67],[47,57],[-29,133],[-84,49],[-4,35]],[[110970,10796],[88,-8],[56,8],[14,48],[32,1],[8,10],[-61,55],[18,35],[41,-19],[26,39],[27,-15],[44,42],[36,40],[17,23],[26,24],[34,23],[37,23],[40,5],[42,-15],[56,-38],[54,-45],[47,-22],[37,-51],[38,-48],[42,54],[142,-5],[78,-133],[-26,-37],[-277,-86],[-36,-22],[-185,33],[-60,-42],[-55,-41],[-57,-79],[-35,-85],[-53,-87],[-41,-53],[-117,-197],[-114,-33],[13,69],[-45,33],[-75,-6],[-42,-57],[-124,-108],[-105,-105],[25,-21],[9,-30],[50,-53],[28,-42],[1,-133],[-58,-37],[-71,-62],[-81,-13],[-77,87],[-14,114],[-101,-7],[-20,-3],[-12,-12],[-96,-38],[-28,-82],[-49,-61],[-67,-44],[-66,-22],[-34,24],[-54,27],[-41,32],[-37,57],[-30,55],[-69,22],[-27,25],[-31,-20],[-77,-74]],[[108091,10489],[-15,2]],[[109404,10219],[-60,9]],[[108213,309],[-36,-30],[-135,33],[-22,-11],[-56,-184],[-94,-14],[-16,-75],[-44,-28],[-57,49],[-39,46],[-5,93],[23,62],[13,90],[-38,147],[-65,77],[20,76],[56,14],[52,-32],[-10,56],[66,27],[43,42],[104,-2],[124,48],[51,-72],[-11,-62],[19,-12],[81,63],[9,-38],[69,10],[83,83],[-17,16],[98,3],[18,63],[18,28],[40,-16],[34,12],[53,71],[74,76],[127,107],[61,77],[77,-38],[98,56],[20,18],[47,86],[90,-27],[82,-15],[86,74],[86,16],[102,28],[37,55],[-135,5],[-104,-97],[-117,27],[-43,68],[80,72],[0,-1],[65,108],[54,58],[240,81],[50,57],[59,-30],[17,-52],[-56,-173],[-77,-118],[14,-10],[173,-75],[96,-13],[55,-28],[54,-58],[4,-126],[-77,-39],[-16,-78],[-38,16],[-54,-37],[-181,52],[-20,-21],[6,-36],[-93,-50],[-19,-63],[-94,-34],[-83,-19],[-33,-49],[-36,-37],[27,-46],[-48,-125],[-32,-128],[-93,52],[16,-30],[-53,-52],[-120,82],[-89,1],[-65,-28],[-89,-77],[-110,88],[4,36],[-55,87],[-39,-34],[-24,-183],[56,-46],[-132,-42],[-99,30],[9,27],[-74,39],[-5,4],[-25,-35],[19,-36],[-86,-30]],[[108206,152],[-165,-70],[73,121],[92,-51]],[[109273,841],[2,-3],[-2,3]],[[109382,906],[0,-1],[0,1]],[[107867,168],[-1,0]],[[107866,168],[1,0]],[[107504,684],[74,-8],[-61,-47],[-84,4],[9,40],[62,11]],[[107387,431],[-22,36],[64,0],[-42,-36]],[[107125,530],[62,-92],[-109,55],[-64,70],[100,17],[11,-50]],[[97503,10428],[-22,22],[69,130],[60,-18],[93,33],[81,77],[119,8]],[[98278,9914],[0,-1]],[[98014,9533],[-41,20],[-10,-1],[-50,-90],[14,-9]],[[97900,9437],[-126,-46],[-100,19],[-64,-59],[-16,-22],[63,0],[12,-84],[44,-7],[27,92],[127,31]],[[97894,9261],[-37,-52],[25,-37],[4,2]],[[97979,9127],[1,0]],[[97657,8430],[-164,140],[-43,46],[-34,28],[-257,-20],[-321,-104],[-10,311],[-145,-48],[-52,-61],[-51,50],[-129,-21],[-77,-197],[-103,12],[-31,-25],[-11,48],[-47,-10],[-14,30],[-42,-39],[-14,77],[-48,4],[33,76],[208,144],[26,94],[-21,32],[48,46],[-211,87],[97,64],[-44,210],[212,-88],[-35,84],[-62,27],[17,45],[-2,98],[-88,99],[51,47],[39,109],[51,-5],[71,51],[-3,63],[42,17],[131,47],[-19,29],[49,62],[29,-21],[-13,-49],[32,10],[37,-69],[59,50],[46,-33],[-4,-57],[82,53],[-3,-47],[187,122],[92,-13],[86,99],[110,-48],[-39,-63],[156,-42],[40,5],[16,33],[-33,10],[-30,94],[-129,150],[36,43],[24,90],[68,22]],[[97789,9997],[-103,67],[-36,-20],[13,-63],[133,-16],[-7,32]],[[97736,9707],[-15,-12],[35,-67],[28,14],[26,16],[6,17],[-42,12],[-38,20]],[[97307,9885],[-8,-15]],[[97299,9870],[8,15]],[[97233,9963],[-1,0]],[[97232,9963],[1,0]],[[97903,9687],[1,0],[6,4],[-7,-4]],[[97720,9095],[-2,1],[0,-1],[2,0]],[[97686,9022],[1,1],[-1,0],[0,-1]],[[97618,9091],[0,1]],[[97618,9092],[0,-1]],[[96938,9224],[9,9],[-9,-9]],[[95715,9523],[-9,-39],[-75,16],[84,23]],[[96846,9485],[3,0],[2,-1],[-2,1],[-3,0]],[[101321,10038],[70,11],[94,-92],[93,-26],[111,14],[145,-83],[61,-108],[36,-74],[18,-31],[126,-100],[57,-6],[101,-41],[39,-71],[170,125],[55,-13],[37,-68],[57,8],[-3,-82],[52,-36],[-33,-17],[60,-6]],[[102261,8645],[-6,-23],[-75,20],[-69,-35],[-33,-103],[2,-199],[-29,-54],[-75,-77],[-129,-15],[-64,23],[-14,26],[-53,22],[-23,20],[-47,-45],[-49,33],[-60,-4],[-59,-6],[-30,2],[-54,-4],[-57,23],[-91,-31],[-28,-16],[-56,35],[-66,62],[25,74],[72,51],[-25,60]],[[101229,9021],[90,-102],[106,-40],[3,20],[-94,131],[-37,54],[-71,-55]],[[101649,9533],[-8,4],[8,-5],[0,1]],[[101886,9437],[-117,-67],[-162,-20],[-2,-84],[28,-67],[105,-70],[92,61],[98,117],[98,-47],[19,40],[13,24],[-85,21],[-87,92]],[[101371,9344],[9,0],[-9,0]],[[102037,8266],[18,18],[-84,-11],[66,-7]],[[101911,8351],[90,-24],[8,43],[26,-25],[-4,72],[-135,-12],[4,-20],[11,-34]],[[101820,8501],[0,-1],[3,-1],[-3,2]],[[102093,9114],[4,-164],[126,125],[2,78],[-83,0],[-49,-39]],[[101404,8722],[3,-53],[33,-7],[-1,4],[14,45],[-49,11]],[[101427,8877],[-1,1],[1,-1]],[[101495,8494],[-1,1],[1,-1]],[[101544,9005],[6,2]],[[101550,9007],[-6,-2]],[[101647,8344],[-2,-1],[2,1]],[[101767,8435],[-1,1],[1,-1]],[[94657,5875],[3,38],[-42,14]],[[94508,6295],[41,-16],[144,77],[1,-47],[0,47],[33,2],[131,-53],[134,-16],[265,117],[86,2],[96,-87],[230,-77],[180,3],[125,-55],[100,73],[77,83],[97,69]],[[96408,5738],[0,1]],[[95734,4423],[-221,47],[58,49],[-23,52],[-37,0],[16,53],[-30,38],[-68,18],[-29,-68],[-96,-30],[-28,42],[31,2],[18,92],[-41,13],[-82,-62],[-45,69],[-48,-24],[-49,17],[-59,44]],[[94877,4882],[1,2]],[[95047,5317],[-1,1],[4,-19],[-3,18]],[[95440,5693],[1,0],[24,-2],[-25,2]],[[95426,5083],[-3,-1],[1,0],[2,1]],[[95246,5551],[-4,4],[3,-4],[1,0]],[[95599,5769],[-12,0]],[[95587,5769],[12,0]],[[94352,5860],[1,-4],[0,-3]],[[93456,4866],[-119,42],[-87,17],[-119,71],[-159,132],[-65,137],[-39,26],[-27,67],[-24,18],[-74,60],[-74,69],[-54,56],[22,98],[36,77],[100,136],[110,112],[63,34],[119,64],[112,13],[75,10],[36,-1],[141,104],[190,86],[119,-67],[97,56],[113,34],[92,44],[83,-40],[124,-40],[164,-23]],[[94132,5879],[-1,-11],[2,-1],[-1,12]],[[94358,5776],[-4,-3],[-2,-1],[6,4]],[[94322,5597],[-9,-3],[9,3]],[[94224,5619],[0,2],[0,-1],[0,-1]],[[94197,5409],[-4,-5],[1,0],[3,5]],[[93843,5276],[-6,3]],[[93837,5279],[6,-3]],[[93485,5676],[5,5],[-5,-4],[0,-1]],[[93664,5889],[0,6],[0,-2],[0,-4]],[[93571,5871],[-10,15],[14,-21],[-4,6]],[[93618,5467],[-1,-45],[22,-28],[-24,-55],[39,-20],[40,-48],[30,73],[49,6],[-24,98],[-126,24],[-5,-5]],[[93652,6099],[35,-18],[-4,94],[-42,44],[-110,-27],[109,-47],[12,-46]],[[94058,5733],[4,-20],[-3,15],[-1,5]],[[94085,5599],[0,-1],[0,2],[0,-1]],[[99270,8466],[-48,-90],[-106,142],[-157,8],[-106,25],[-71,-28]],[[98711,8935],[100,73],[-18,69],[-62,6],[-92,106]],[[98828,10010],[98,-8],[-12,22],[-25,90],[-97,-17]],[[98683,10632],[145,81],[92,-90],[128,-10],[72,82],[-48,42],[2,48],[134,-55],[110,-87],[26,-68],[43,-4],[13,-61],[47,-26],[99,13],[41,-64],[44,-29],[97,53],[54,-27],[118,18],[84,-31],[101,-46],[120,20],[-8,-78],[38,76],[110,-13],[72,32],[37,-90]],[[100253,9866],[-1,-1]],[[99948,8453],[-122,-30],[-9,-120],[-43,-57],[-150,-8],[-164,65],[-151,13],[-84,52],[45,98]],[[99080,9151],[-32,-23],[32,23]],[[99044,9705],[12,-3],[0,1],[-12,2]],[[98941,9563],[-29,0]],[[98912,9563],[29,0]],[[99123,9939],[1,3],[-2,-5],[1,2]],[[99724,9637],[-24,2],[-4,0],[28,-2]],[[99506,8708],[-83,-36],[-4,-50],[43,-62],[67,-7],[78,121],[-50,42],[-51,-8]],[[99822,9143],[3,-1],[-2,3],[-1,-2]],[[99902,9128],[-2,1],[2,-1]],[[103868,1779],[40,68],[14,125],[121,93],[141,37],[83,-22],[97,-56],[55,-16],[83,6],[34,-23],[22,-74],[-57,-99],[13,-133],[-41,-112],[-58,8],[-130,-58],[-53,-51],[-25,-22],[-81,-56],[-55,-54],[-29,-37],[-136,-28],[-77,35],[-63,23],[-155,-3],[-55,-13],[-43,47],[-99,41],[-109,64],[201,121],[94,42],[16,10],[167,101],[85,36]],[[103830,1544],[26,0],[-26,0]],[[103100,1320],[-126,-69],[-99,-45],[-83,9],[22,83],[-5,76],[97,3],[186,8],[8,-65]],[[103582,1396],[-14,-25],[14,25]],[[116121,5546],[-15,-275],[-108,-137],[-70,-66],[-170,-61],[-94,-77],[-33,-24],[-27,-33],[-47,-49],[-26,-38],[-118,-159]],[[115398,4678],[-1,1]],[[115000,5268],[1,1],[-1,-1]],[[114853,5280],[2,2]],[[115197,5582],[1,2]],[[115121,5745],[-1,-1],[-1,-2]],[[115307,5924],[-6,6]],[[115268,6160],[-8,40]],[[116211,6581],[1,0],[59,-71],[76,-20],[5,-136],[33,-35],[78,-87],[-7,-49],[6,-164],[41,-58],[-63,-93],[-127,-72],[-192,-250]],[[115173,5390],[2,7],[-2,-6],[0,-1]],[[115686,5971],[-1,0],[12,-4],[-11,4]],[[110510,3094],[75,-3],[17,8],[10,12],[13,16],[8,7],[15,9],[15,11],[14,1],[33,4],[11,-17],[36,16],[13,5],[-6,26],[60,28],[66,-13],[62,33],[69,15]],[[110617,2793],[0,3]],[[110451,2941],[5,115],[54,38]],[[110644,3094],[1,-2],[0,1],[-1,1]],[[110749,3009],[-1,1]],[[110748,3010],[1,-1]],[[110843,3056],[0,-1],[0,1]],[[110784,3111],[1,-3],[-1,3]],[[110705,3155],[3,2],[-3,-2]],[[55349,49318],[-5,44],[-29,6],[-7,3],[-3,-37],[25,-25],[19,9]],[[55359,49399],[1,0],[-1,0]],[[55204,49545],[1,1]],[[55205,49546],[-1,-1]],[[55141,49230],[0,-15],[0,15]],[[54273,49738],[7,64],[22,87],[57,122],[161,163],[42,35],[157,105],[35,17],[127,58],[93,52],[97,80],[87,153],[16,104],[39,16],[82,195],[-25,57],[161,192],[32,173],[-81,213],[87,70],[316,22],[103,115],[516,52],[147,295],[71,65],[-57,-139],[26,-77],[-73,-186],[-90,-41],[-125,12],[-51,-55],[60,-55],[-29,-112],[-64,-49],[56,-199],[35,-48],[53,4],[-17,-100],[27,-7],[-14,-74],[34,-36],[197,56],[183,-79],[-64,-262],[-30,-210],[9,-194],[96,-35],[38,-85],[56,-25],[153,-199]],[[57031,50048],[-29,-127],[-92,-106],[-59,-6],[-174,-146],[-72,24],[-119,-51],[-28,-105],[31,-64],[-132,-46],[151,-53]],[[56508,49368],[45,-155],[-73,-158],[-9,-143],[-25,-152],[-52,-43],[-184,-32],[-69,-152],[-14,-144],[-60,-117],[-12,-25],[-110,-258],[-132,89],[-41,12],[-65,28],[-78,-34],[-310,5],[-238,-62],[-57,-108],[-6,-56],[-65,-5],[-69,-85],[-74,-7]],[[54810,47766],[-10,59],[-44,-29],[-49,32],[-11,121],[-64,32],[-132,-54],[-3,-55],[-42,39],[-85,-45],[-326,-2]],[[54044,47864],[-2,69],[-8,55],[-28,77],[-27,106],[-45,11],[-37,90],[-37,29],[11,89],[-33,-15],[-35,85],[-36,146],[173,-34],[71,36],[-3,61],[-38,63],[109,225],[7,57],[85,85],[67,87],[37,62],[20,62],[3,44],[2,47],[-3,36],[-3,59],[-19,85],[-4,46],[2,111]],[[54709,48959],[1,1],[9,23],[-10,-24]],[[54638,48735],[-3,0],[1,-1],[2,1]],[[54576,48853],[1,1],[-1,1],[0,-2]],[[54259,48452],[3,-5],[-3,5]],[[55545,49811],[79,82],[90,48],[-24,74],[-65,3],[-94,-93],[-42,15],[-8,-80],[64,-49]],[[55676,50855],[-126,-83],[-90,-164],[-43,-77],[-76,-27],[-154,-97],[-2,-1],[90,-72],[163,0],[106,118],[-20,58],[46,67],[8,105],[122,123],[-24,50]],[[53886,45169],[-72,23],[-27,52],[60,56],[46,67],[21,135],[4,55],[-4,64],[-9,38],[-21,44],[-23,31],[-21,20],[-38,28],[-30,99],[51,3],[5,83],[-46,4],[21,60],[15,48],[23,68]],[[53841,46147],[32,-67],[60,-19],[16,-47],[65,4],[44,76],[33,24],[27,-51],[37,82],[90,51]],[[54245,46200],[-1,2]],[[54244,46202],[6,6]],[[54250,46208],[1,4]],[[54251,46212],[6,14]],[[54257,46226],[0,4]],[[54257,46230],[-2,11]],[[54255,46241],[2,12],[147,44],[70,76],[57,72]],[[54531,46445],[112,98],[40,99]],[[54683,46642],[146,-54],[67,-78],[110,-34],[69,-32],[54,42],[14,-24],[107,-133],[-157,-202],[-42,-113],[-4,-45],[-54,-108],[0,-84],[68,13],[25,-72],[60,8],[45,-37],[86,-108],[87,-130],[9,-55],[3,-47],[-36,-1],[-89,-54],[-103,-46],[-57,6],[-52,12],[1,-53],[3,-33],[-64,14],[-43,-35],[-32,-99],[179,-53],[50,-51],[118,11],[44,0],[51,1],[77,-3],[191,-45]],[[55614,44920],[-113,-149],[-13,-209],[-1,-97],[1,-41],[28,-82],[21,-121],[29,-50],[-23,-107],[20,-82]],[[55563,43982],[1,-1]],[[55564,43981],[-77,25],[-115,33],[-92,-23],[-29,-86]],[[55251,43930],[-187,85],[-75,51],[-77,56],[-106,81],[-64,114],[-95,124],[-6,106],[-32,137],[-59,112],[-79,92],[-76,60],[-31,21],[-36,30],[-55,36],[-48,29],[-73,34],[-85,31],[-74,26],[-107,14]],[[54693,44532],[0,-1],[8,19],[-8,-18]],[[60813,43759],[-35,-111],[2,-133],[116,-250],[15,-28],[-188,-17],[-221,97],[-28,-82],[-25,-135],[-74,-97],[-25,-60],[-175,-84],[37,-110],[-51,-228],[20,-92]],[[60181,42429],[-67,59],[-63,51],[-197,48],[-73,-18],[-217,-185],[20,-38],[26,-191],[-37,-43],[-53,-117],[-87,37],[4,76],[-74,32],[80,102],[-10,63],[-43,2],[-48,14],[-90,-56],[-84,-169],[-133,42],[-58,-23],[-148,99],[-112,3],[-133,-68],[-115,53],[-45,-20],[-34,106],[-188,58],[-44,-53],[-10,-141],[-67,-44],[-58,-106],[-44,-2],[9,-51],[-122,-44]],[[57866,41905],[-23,41],[53,35],[-3,66],[-99,73],[87,-7],[13,46],[-172,79],[-26,47],[2,165],[101,47],[-26,55],[-34,78],[131,137],[-62,89],[-32,142],[0,86],[-10,237],[-93,-26],[21,18],[-75,74],[11,80],[-217,245],[-19,147],[-32,124],[84,14],[28,63],[-17,113],[39,68]],[[57496,44241],[170,86],[28,109],[94,108],[170,15],[16,0],[152,55]],[[58126,44614],[46,102],[14,24]],[[58186,44740],[82,29],[33,-2],[42,-26],[62,31],[48,-39],[37,24],[36,38],[-21,106],[51,58],[1,14],[-30,126],[-1,5],[-7,89],[42,45],[19,20],[-15,71],[68,99],[87,-8],[39,79],[66,92],[-194,75],[-9,38],[39,36],[67,99],[80,5],[-28,166],[184,65],[33,27],[-7,63],[-5,29],[30,69],[-99,-28],[-48,76],[-10,114],[54,77],[-16,63],[58,126],[-18,62],[-10,62],[-180,155],[-46,201],[8,80],[90,47],[153,-1],[83,80],[-125,78],[-24,57],[-24,58],[-52,8],[-21,43],[81,146],[-26,27],[31,35],[-103,82],[-150,12],[-145,63]],[[58476,47986],[62,48],[-99,141],[67,82],[-186,82],[-39,95],[63,60],[56,22],[115,180]],[[58515,48696],[111,9],[131,-64],[76,-129],[-13,-120],[58,-26],[66,14],[32,-41],[-8,-85],[77,-81],[-27,-35],[101,-52],[-32,-48],[-4,-146],[119,30],[67,-47],[55,83],[16,-83],[59,-34],[139,61],[39,-36],[5,-148],[129,-37],[-24,-73],[48,-65],[68,-18],[107,-112],[157,-25],[173,-67],[111,57],[96,4],[30,44],[-16,59],[74,35],[8,-111],[33,-21],[49,31],[69,-69],[19,93],[73,87],[152,-27],[62,132],[95,-105],[-81,-59],[119,-87],[4,-40]],[[61137,47344],[-68,-59],[-24,-99],[0,-2],[40,-167],[111,-114],[171,37],[65,-57],[4,-4],[75,-51],[234,49],[117,45],[144,-45],[82,-12]],[[62088,46865],[-52,-112],[-124,-108],[10,-269],[-35,-213],[-221,-387],[-16,-173],[21,-99],[50,-53],[50,-90],[-14,-125],[-89,-128],[-7,-46],[-75,-230],[-139,-74],[-2,-128],[-44,-156],[-12,-81],[-93,-119],[-36,-16],[-231,-38],[-119,-79],[23,-157],[-56,-138],[-64,-87]],[[59188,45118],[-91,-63],[96,-70],[39,38],[-44,95]],[[59127,45230],[80,-29],[44,1],[-86,359],[-196,-47],[28,-136],[15,-74],[115,-74]],[[58564,44541],[9,6],[-9,-6]],[[58149,37384],[6,297],[-11,107],[68,170],[140,-20],[3,-35],[46,22],[-32,-63],[27,-74],[30,34],[22,-31],[40,12],[-11,27],[43,31],[16,-35],[15,23],[135,-47],[-83,225],[-69,102],[-72,37],[107,62],[36,71],[44,277]],[[58649,38576],[207,72],[163,6],[374,291],[234,35],[87,-34],[53,176],[53,80],[-26,15],[27,74],[7,56],[-52,34],[-10,62],[-156,34],[29,61],[-88,25],[-16,68],[36,16],[-73,267],[-28,105],[-34,153],[-64,219],[-266,-1],[-197,32],[-155,86],[-258,219],[-127,63],[-144,59],[-259,20],[-225,10]],[[57741,40879],[34,73],[-26,56],[-122,-49],[-55,22],[-38,53],[21,88],[-98,136],[-50,-5],[-30,-66],[-97,-20],[18,168],[163,112],[85,134],[11,95],[240,216],[69,13]],[[60181,42429],[145,-195],[69,-181],[-14,-39],[11,-183],[60,-128],[20,-286],[142,-9],[97,-50],[115,41],[15,-27],[29,16],[100,64],[150,33],[64,70],[90,64],[27,164],[83,84],[-20,62],[127,125],[68,-5],[14,-6],[102,-78],[274,-89],[276,33]],[[62225,41909],[3,-14],[247,-69],[5,0],[100,9],[84,-46]],[[62664,41789],[144,-254],[102,3],[4,-79],[-34,-31],[-140,-174],[77,-143],[-13,-141],[-36,-46],[18,-174],[-85,-191],[23,-127],[-38,-46],[-55,-20],[-61,72],[-55,-4],[-31,-46],[55,-142],[-176,-83],[-36,-54],[13,-56],[123,-25],[-25,-172],[225,-36],[87,-94],[96,-141],[66,-107],[-7,-102],[-113,-225],[98,-105],[0,-140],[42,-58],[163,4],[8,-143],[169,-104]],[[63272,38605],[-92,-45],[-41,-140],[-179,-163],[-198,-61],[-104,-65],[-69,6],[-99,6],[-110,-157],[-1,-72],[-40,-105],[15,-128],[-164,-42],[-78,98],[-96,-21],[-73,-88],[-143,94],[-105,-160],[-106,-18],[-3,-1],[-95,-32],[-38,-83],[-103,-63],[-37,-33],[7,-125],[32,-60],[73,13],[39,-41],[31,-95],[62,-28],[102,39],[51,128],[87,27],[33,-23],[70,-94],[1,-64],[8,-50],[33,-63],[-10,-87],[-24,-121],[-95,-111],[-13,-39],[-19,-175],[75,-79],[-8,-117],[-44,-98],[164,-38],[41,-42],[86,-88],[-4,-68],[95,-18],[47,-22],[-31,-100],[-96,-86],[3,-74],[28,-133]],[[62137,35400],[50,-159],[-56,-101],[-6,-80],[-116,-133],[21,-84],[69,-79],[4,-3],[62,-140],[43,-157],[31,-104],[5,-17],[44,-219],[3,-72],[-2,-41],[0,-10],[41,-300],[75,-237],[-6,-95],[-60,-91],[34,-71],[146,-30],[28,-70],[-19,-65],[-75,-137],[-76,-51],[-106,-62],[-265,-70],[-96,-53],[-44,-125],[-115,-112],[-291,-51],[-59,-51],[-186,-90],[-151,-26],[-133,-121],[-89,-180]],[[60842,31913],[-20,-60],[-300,-153],[-70,48],[-79,151],[3,24],[140,-15],[-40,22],[-15,214],[-74,228],[-87,86],[86,44],[59,97],[-11,91],[1,30],[52,-14],[30,34],[3,57],[-134,48],[18,89],[-50,151],[-11,9],[-345,-37],[-285,-74],[-81,-101],[-759,-562],[107,145],[51,218],[-30,149],[-150,76],[48,62],[10,107],[-85,209],[44,103],[7,303],[127,-35],[47,32],[45,120],[52,107],[-6,171],[-70,231],[53,48],[218,69],[77,80],[-46,144],[-91,88],[36,156],[10,222],[66,130],[-324,155],[-310,-27],[-74,28],[-57,120],[-163,9],[-10,114],[-14,65],[33,31],[-49,22],[-5,62],[-53,172],[-67,107],[-167,105],[-92,30],[-80,52],[-67,54],[15,27],[-15,-27],[-52,33],[-36,19],[-110,50],[-77,111],[152,-49],[67,-4],[8,67],[27,-7],[-1,87],[-223,-2],[7,56],[159,21],[-42,89],[68,3],[102,97],[151,196],[55,263]],[[63460,42459],[-120,10],[-121,-133],[-59,-9],[-71,-101],[-44,-33],[24,-49],[-66,-44],[-15,1],[-234,-282],[-90,-30]],[[62225,41909],[-138,205],[-72,112],[-26,138],[23,288],[165,167],[3,2],[52,90],[-3,106],[-10,145],[29,6],[6,170],[125,73],[26,86],[41,118],[3,69],[2,35],[6,151],[-21,108],[-30,81],[-47,181],[44,32],[96,36],[73,-94],[65,-19],[25,-10],[63,-36],[24,41],[31,143],[33,57],[133,37],[0,18],[-35,126],[-22,158],[0,2],[51,143],[-48,12],[-12,90],[5,103],[-106,46],[15,74],[-40,48],[-32,85],[34,28]],[[62756,45360],[119,-2],[36,32]],[[62911,45390],[-30,221],[69,190],[21,34],[55,166],[-3,7]],[[63023,46008],[-9,63]],[[63014,46071],[-47,90]],[[62967,46161],[-36,90],[-51,34],[-108,-26],[-76,37]],[[62696,46296],[-11,7],[-159,197],[-72,79],[-29,25],[-68,55],[-13,70],[-75,87],[-170,49],[-11,0]],[[61137,47344],[14,26],[-49,79],[47,70],[-39,164],[192,24],[63,72],[79,82],[72,156],[118,-7],[223,12],[303,83],[325,23],[146,32],[139,89],[90,-61],[414,-146],[217,-99],[123,34],[97,82],[89,-32],[75,-94],[46,-164],[5,-2]],[[63926,47767],[29,-101],[123,-93],[172,56],[32,-14],[32,-79],[40,-186],[51,-24],[62,-53],[25,-65],[16,-55],[195,-130],[81,-133],[-76,-65],[-15,-59],[-42,-211],[-103,-140],[38,-66],[125,-44],[41,-79],[1,-10],[-110,-73],[69,-264],[-24,-128],[-46,-88],[-79,-188],[-4,-13],[0,-1],[-150,-199],[15,-81],[73,-180],[149,-89],[93,-33],[32,-9],[217,-43],[116,-7],[83,-92],[33,-86],[56,-25],[84,-4],[84,16],[193,27],[56,59],[46,36],[159,-65],[4,-3],[202,-104],[22,-88],[-13,-77],[11,-16],[108,-176],[94,-5],[72,28],[198,92],[74,-10],[145,83],[173,-44],[66,2],[163,18],[147,73],[229,-37],[154,-48],[-32,135],[65,124],[75,-16],[33,54],[98,32],[110,-179],[52,-36],[104,66],[20,39],[-80,101],[10,41],[236,128],[175,-96],[117,43],[104,53],[228,-117],[122,-9],[286,-40],[46,114],[-30,115],[107,158],[88,49],[208,26],[53,-83],[89,-44],[8,-113],[87,-51],[136,75],[430,-82]],[[70692,44861],[263,-293],[155,-54],[152,-124],[-36,-283],[122,-164],[-52,-80],[1,-85],[-48,-72],[70,-22],[21,-72],[-73,-109],[-4,-69],[-92,-47],[96,-48],[-43,-88],[-91,-19],[-5,-82],[-128,-141],[-175,-62],[-76,-15],[-64,-120],[-124,-85],[-52,-150],[-71,-63],[56,-10],[31,-69],[115,-86],[-10,-89],[39,-40]],[[70669,42220],[-13,-80],[-134,-146],[-35,-114]],[[70487,41880],[-72,13],[-11,87],[-52,49],[-106,-18],[-41,101],[-65,-20],[-81,-147],[-57,9],[-129,-59],[-102,52],[-124,-32],[-34,30],[-70,-94],[-365,-110],[-124,-128],[-116,-27],[-104,46],[-165,-15],[-38,-63],[9,-147],[-152,-3],[-69,-119],[-118,-19],[-51,-7],[-40,19],[-102,-49],[-33,-79],[-59,-18],[-99,12],[-73,-50],[-194,26],[-48,-155],[-80,41],[-16,139]],[[67506,41145],[36,71],[-38,86],[33,131],[-31,101],[14,118],[-100,89],[7,125],[3,69],[-77,166],[27,93],[-10,93],[-157,119],[-11,89],[-24,20],[22,89],[1,77],[-7,85],[0,52],[40,349],[-102,-47],[-249,-149],[-66,-3],[-180,-81],[-90,-100],[-290,-118],[-12,113],[-121,63],[-30,10],[-84,43],[-163,138],[-136,-52],[-14,-87],[-180,-27],[-75,-12],[2,-21],[-224,4],[80,105],[-69,6],[-38,107],[-64,52],[-60,19],[-89,53],[-87,-10],[-213,143],[-4,-142],[50,-106],[-71,-26],[-81,-43],[-56,-27],[-17,-8],[-11,-2],[-133,-36],[-66,149],[-54,74],[-111,-102],[-75,-49],[-88,14],[-37,0],[-76,-1],[-128,-67],[-13,-15],[-32,-182],[-35,-165],[-30,-92],[-152,-31]],[[63851,44072],[-81,-11],[61,8],[20,3]],[[63388,44296],[-1,1],[14,-12],[-13,11]],[[64819,43517],[-31,-17],[-10,-7],[41,24]],[[64768,42858],[147,122],[40,-87],[-2,-9],[-106,-75],[-79,49]],[[65233,42566],[-36,-1],[-115,137]],[[65082,42702],[-69,-49],[-39,103],[89,102],[83,-77],[39,45],[38,-91],[8,-129],[2,-40]],[[65082,42702],[44,52],[-44,-52]],[[65738,42803],[-49,-103],[-187,-48],[-36,127],[138,-17],[134,41]],[[67975,42892],[30,-9],[-45,30],[15,-21]],[[68813,41999],[-31,27],[-35,30],[66,-57]],[[68548,41936],[18,29],[-33,-54],[15,25]],[[68324,41920],[-8,60],[1,-9],[7,-51]],[[68049,43958],[6,-22],[0,2],[-6,20]],[[71295,49056],[248,105],[191,29],[152,-71],[66,-171],[90,-46],[4,-100],[156,-6],[158,158],[367,140],[75,62],[34,84],[-21,152],[440,189],[52,85],[122,58],[179,-24],[177,69],[157,-36],[111,38],[238,-208]],[[74291,49563],[-200,-116],[17,-295],[-45,-60],[75,-126],[-65,-25],[-67,-131],[55,-98],[-85,-168],[-77,-42],[-58,67],[-147,-130],[-62,66],[-75,-37],[-103,18],[-19,-58],[-80,-59],[-73,-205],[-129,-6],[-63,-70],[15,-99],[91,-53],[11,-61],[-55,-153],[-45,-17],[-59,-110],[-4,-132],[56,-60],[128,-114],[-10,-98],[-128,-141],[14,-198],[-71,-93],[-127,-43],[-28,-82],[24,-82]],[[72902,46552],[-111,-81],[-43,-144],[-65,-42],[-46,-124],[-101,-35],[-44,-99],[-83,-14],[-166,-102],[-55,-247],[-296,-170],[-21,-59],[-64,-28],[-184,-223],[-259,-212],[-90,-18],[-241,52],[-143,-15],[-198,-130]],[[63926,47767],[59,-6],[38,96],[186,49],[140,129],[126,60],[126,-68],[53,-12],[35,-60],[160,42],[41,-54],[55,-23],[11,32],[25,37],[150,-63],[115,5],[49,180],[180,161],[102,141],[320,32],[437,56],[-20,132],[68,121],[-5,140],[32,46],[25,179],[155,221],[32,128],[-94,113],[39,129],[227,68],[216,149],[99,-7],[322,101],[66,110],[146,87],[549,-46],[92,24],[116,-73],[169,53],[94,-31],[108,16],[121,-94],[133,8],[174,189],[141,-73],[310,11],[194,-62],[31,-103],[-122,-151],[8,-78],[-218,-102],[-26,-129],[165,-36],[342,129],[124,-181],[155,-60],[212,52],[85,-37],[58,35],[142,-62],[81,3],[123,-78],[56,-128],[81,-25],[155,-133]],[[68321,45933],[-92,-49],[-93,7],[-134,-76],[67,0],[0,-85],[79,47],[129,1],[6,74],[159,7],[-58,38],[-2,43],[-61,-7]],[[68538,45867],[2,-46],[64,11],[2,45],[-68,-10]],[[68538,45805],[2,-58],[114,0],[39,54],[-86,29],[-4,-4],[-65,-21]],[[68664,45873],[24,-23],[32,8],[-18,31],[-38,-16]],[[66976,46580],[-6,-92],[60,-310],[-67,-1],[-61,-65],[38,-49],[84,66],[113,-39],[153,-5],[133,85],[-198,182],[-132,210],[-117,18]],[[66919,46054],[-148,35],[-14,-65],[173,3],[-11,27]],[[66675,45038],[93,207],[-82,11],[-115,-115],[8,-49],[50,-60],[46,6]],[[66700,45276],[76,22],[16,163],[100,-2],[43,6],[102,73],[-14,57],[-262,-82],[-61,-237]],[[66837,45749],[-3,-18],[3,18]],[[66825,45641],[6,-59],[133,13],[-139,46]],[[64700,45277],[-2,41],[-50,-62],[15,-90],[38,0],[-1,111]],[[64854,45091],[-50,-1],[-6,-56],[57,-7],[-1,64]],[[67598,45993],[8,34],[-8,-34]],[[67368,45653],[0,13],[0,-11],[0,-2]],[[69122,46033],[-26,-26],[71,-49],[-45,75]],[[67166,45849],[-76,-41],[114,-192],[22,78],[-37,69],[-11,42],[-12,44]],[[67066,45806],[-18,-4],[-2,-51],[76,-71],[28,-96],[26,14],[-110,208]],[[53841,46147],[16,126],[-5,53],[-3,36],[-8,52],[-31,124],[-53,80],[-35,73],[172,71],[208,32],[72,167]],[[54174,46961],[47,12],[45,64],[12,128],[27,98],[80,55],[1,1],[206,102],[16,13],[120,83],[29,186],[50,53],[3,10]],[[57031,50048],[178,-140],[-1,-85],[41,-46],[120,66],[-35,-114],[11,-115],[404,-30],[110,-114],[-13,-89],[20,-96],[63,-190],[89,-5],[103,-72],[121,-71],[-9,-192],[87,18],[46,-69],[149,-8]],[[58476,47986],[-113,1],[-11,36],[-139,33],[-62,-71],[-228,65],[-82,-16],[-131,81],[-46,-57],[68,-110],[-42,-63],[27,-114],[-6,-26],[-69,-103],[-182,-105],[-34,-135],[-161,-110],[-30,13],[-83,-37],[-324,32],[-37,-32],[-45,-149],[3,-164],[-34,-41],[-56,-20],[-57,-9],[-104,-54],[-166,-49],[-14,-2],[-120,-29],[-46,77],[-71,13],[-15,17],[-34,41],[-29,53],[-28,61],[-84,-56],[-125,-102],[-54,-26],[-51,11],[-74,99],[-39,-9],[-33,42],[-50,-11],[-72,-67],[-95,-123],[-69,-10],[-36,115],[-47,26],[-44,-73],[-81,-37],[-79,-2],[-68,-83],[-113,-16],[-57,-13],[-21,-36]],[[54531,46445],[-56,95],[-86,-80],[-90,-82],[-73,-66],[29,-71]],[[54257,46230],[0,-4]],[[54251,46212],[-1,-4]],[[54244,46202],[1,-2]],[[52965,47123],[41,-18],[-17,-88],[80,-103],[0,-81],[-54,3],[-71,171],[-14,93],[35,23]],[[57496,44241],[-286,17],[-105,-52],[-65,61],[-147,-93],[-49,32],[-35,-27],[15,-24],[-73,15],[-15,-46],[-7,62],[-17,-43],[-30,16],[33,-35],[-45,-1],[31,-59],[-55,39],[12,-61],[-39,20],[12,40],[-36,-1],[-30,-18],[25,-53],[-29,15],[-27,-54],[-25,49],[-7,-66],[-32,65],[-43,-45],[-5,61],[-76,-4],[-20,-24],[45,-43],[30,19],[6,-65],[-62,-1],[34,-56],[-52,4],[-21,-43],[0,62],[-74,-6],[24,-38],[-169,-86],[-10,34],[25,140],[48,105],[-77,117],[-4,35],[-22,59],[30,4],[28,140],[-35,45],[22,27],[-74,91],[3,164],[28,52],[-121,107],[-144,30],[-151,-8],[-19,4]],[[58186,44740],[-54,30],[-50,-83],[44,-73]],[[58238,45680],[-139,-157],[19,-57],[45,6],[38,-51],[152,175],[12,74],[-94,79],[-33,-69]],[[57653,45096],[-69,117],[-158,-45],[19,-141],[208,69]],[[58217,45399],[-112,-34],[105,-60],[40,64],[-12,25],[-21,5]],[[58024,45305],[-95,35],[-97,-110],[-86,-296],[-88,40],[-80,-91],[-26,-87],[79,-60],[257,-60],[177,172],[-60,39],[66,42],[-3,108],[-44,268]],[[57477,44749],[-158,37],[-74,-66],[-16,-86],[183,23],[65,92]],[[56191,45143],[-6,-18],[0,-1],[6,19]],[[56855,45833],[-3,-27],[3,27]],[[62696,46296],[-137,-27],[104,-75],[93,-17],[159,-65],[52,49]],[[63014,46071],[-120,-6],[-10,-42],[34,-39],[105,24]],[[62911,45390],[-258,222],[-66,-57],[-41,-75],[210,-120]],[[61650,43976],[6,8]],[[61656,43984],[52,-5],[-52,5]],[[61656,43984],[-6,-8]],[[62531,44636],[58,-83],[75,-23],[26,-100],[33,79],[-18,106],[-174,21]],[[62461,44944],[-24,-224],[61,-46],[113,91],[5,55],[106,10],[5,56],[-12,124],[-149,-9],[-105,-57]],[[62340,46147],[-100,-58],[92,-163],[-16,-28],[16,28],[50,-33],[57,42],[183,-10],[81,29],[26,98],[-219,102],[-170,-7]],[[67506,41145],[-79,58],[-83,-85],[-12,-10],[-221,-87],[-73,50],[-95,-119],[-115,186]],[[66828,41138],[34,27],[-34,-27]],[[66828,41138],[-131,217],[-128,80],[-134,-92],[-63,-87],[1,-94],[-50,-3],[61,-165],[-27,-22]],[[66357,40972],[-108,10],[-163,71],[-220,30],[-45,-36],[-4,-62],[78,-246],[-76,-59],[-144,-25],[-39,-18],[-66,-14],[-64,38],[-99,137],[-31,-234],[74,-155],[-166,25],[-32,-14],[-19,-92],[-28,-45],[-89,-44],[-172,11],[-125,-47],[-116,-18],[-43,-78],[-307,-145],[-76,-45],[-14,-78],[35,-118],[-11,-33],[-44,9],[-49,-99],[-104,-16],[-41,-56],[-27,-128],[65,-77],[4,-21],[-62,-86],[72,-74],[-49,-93],[-70,-6],[-144,-29],[-103,-63],[-132,0],[-147,-33],[-36,-140],[-75,-11],[-35,-63]],[[63310,38702],[-38,-97]],[[64405,42751],[10,4]],[[64415,42755],[-10,-4]],[[65685,42453],[3,-9],[33,-38],[30,55],[9,-68],[158,117],[23,54],[-103,138],[-11,-20],[-142,-229]],[[65685,42427],[-17,-96],[34,36],[-17,60]],[[57999,39054],[-162,-138],[-53,39],[-38,-6],[7,54],[-41,20],[48,83],[105,10],[77,119],[-11,4],[-179,43],[36,110],[-6,6],[-111,32],[-202,85],[158,93],[147,-44],[48,-7],[110,3],[-24,158],[-61,120],[-554,-259],[-50,109],[-31,20],[17,89],[-18,-89],[-78,-1],[-25,122],[-16,70],[-125,42],[6,111],[-27,148],[88,36],[17,69]],[[57051,40305],[146,90],[45,28],[-34,41],[13,46],[15,9],[114,35],[64,1],[32,39],[41,-28],[105,33],[0,78],[146,82],[32,93],[-29,27]],[[58649,38576],[-173,-69],[-7,167],[281,107],[-93,81],[-53,128],[-327,-43],[-279,-169],[-140,-4],[19,74],[198,84],[-76,122]],[[56911,39172],[-107,-59],[-249,218],[-59,107],[-2,153],[361,-286],[66,-82],[15,-41],[-25,-10]],[[55517,43598],[13,22],[5,9]],[[55535,43629],[11,24],[18,-5],[34,-32],[-25,33]],[[55573,43649],[43,38],[-15,24],[-36,40],[20,19],[29,20]],[[55614,43790],[0,9],[0,1],[-28,10]],[[55586,43810],[-22,171]],[[55564,43981],[-1,1]],[[57051,40305],[-59,47],[45,35],[-14,49],[-118,-16],[17,70],[-32,87],[-131,-7],[-67,94],[-101,39],[-15,179],[151,-12],[26,71],[74,77],[-30,47],[-83,22],[31,22],[-72,96],[-99,-73],[-66,25],[-98,-31],[-7,120],[-11,40],[-105,-14],[-119,68],[-39,-20],[-159,105],[-56,-38],[-177,-23],[-160,187],[-184,-9],[31,56],[-46,14],[66,101],[-5,52],[142,140],[-10,61],[-40,-16],[14,80],[-37,-15],[-86,93],[-101,2],[-71,65],[-45,10],[-35,-89],[-162,-158],[21,-37],[221,-63],[-24,-67],[-218,-171],[-179,123],[32,-106],[-101,-23],[-81,45],[-101,195],[-17,183],[16,132],[-46,195],[-8,170],[64,-58],[170,-52],[10,9],[-52,42],[-142,63],[-26,91],[-50,104],[-23,82],[119,62],[48,84],[91,21],[99,32],[99,2],[98,-115],[146,-79],[3,-162],[-3,162],[44,-33],[29,-6],[1,15],[-82,50],[-145,81],[-184,185],[2,150],[24,96],[-24,170],[-26,85],[-8,53],[-60,116],[26,131],[7,49],[203,-33],[16,53],[242,-61]],[[55239,43903],[-6,-75],[-52,-42],[50,-54],[54,-60],[20,-30],[15,-49],[11,-17],[50,-4],[59,-55],[4,-3],[73,84]],[[55591,43390],[129,45],[-129,-45]],[[55795,40969],[61,-56],[-46,-81],[-41,-273],[-82,-16],[-138,-23],[-336,-155],[-82,110],[-71,141],[-4,147],[11,110],[22,371],[67,-15],[101,-114],[110,-47],[2,-84],[-2,83],[142,-34],[137,30],[149,-94]],[[55409,42017],[-76,-94],[-159,88],[72,94],[163,-88]],[[55012,42637],[-1,0],[18,-36],[-17,36]],[[55586,43810],[-44,13],[-61,-12],[-41,20],[-62,59],[-127,40]],[[55463,43792],[37,-65],[20,-20],[33,-46],[-8,-6],[-10,-26]],[[55239,43903],[96,-15],[84,-58],[14,-11],[18,-13],[12,-14]],[[55573,43649],[-18,26],[-59,70],[-22,39],[3,18],[57,10],[80,-22]],[[55458,43784],[-2,4],[0,-1],[2,-3]],[[53980,47604],[17,33],[21,58],[6,24],[9,39],[4,18],[3,18],[2,28],[2,42]],[[54174,46961],[-136,46],[-62,132],[-56,17],[-45,-19],[-78,41],[-32,66],[-127,26],[75,120],[73,-32],[156,166],[38,80]],[[64856,33436],[2,8],[-1,0],[-1,-8]],[[65694,31186],[-43,-149],[-263,-661],[-334,-656]],[[65054,29720],[-194,117],[23,-7],[119,226],[53,261],[-19,439],[-64,301],[31,169],[65,511],[-39,139],[-169,251],[-71,181],[-91,85],[17,47],[-37,4],[-15,30],[-53,-34],[-134,-153],[67,-103],[43,0],[35,59],[-61,-147],[-174,-49],[-284,-184],[-96,-95],[-27,91],[-110,123],[23,40],[-24,-40],[-80,91],[-101,58],[-244,87],[-59,-36],[-101,47]],[[63283,32229],[71,127],[4,416],[5,56],[58,444],[-371,124],[-39,125],[-48,295],[12,165],[2,17],[5,253],[-2,128],[-73,0],[37,146],[164,15],[1,82],[1,28],[88,-8],[61,1],[-54,125],[33,16],[71,33],[52,-70]],[[63361,34747],[37,-32],[32,-24],[146,-73],[356,7],[11,-4],[109,-30],[86,22],[78,34],[2,59],[-3,113],[12,84],[93,196]],[[64320,35099],[101,43]],[[64421,35142],[58,29],[115,119],[82,138],[22,41],[43,82],[69,142],[12,27],[30,63],[39,85],[76,175],[2,5],[69,254],[28,617],[-50,627],[-46,81]],[[64970,37627],[41,-31],[111,-97],[66,-4],[34,-83],[63,-25],[38,-141],[-28,-69],[69,-76],[27,-94],[191,-64],[31,-174],[-36,-129],[56,-200]],[[65633,36440],[-120,-113],[121,113]],[[65634,36440],[88,-158],[1,-1],[67,-65],[197,-149],[59,-61],[44,-98],[-15,-137],[-3,-11],[-74,-11],[-87,-128],[-74,-129],[-42,-139],[-1,-2],[-28,-103],[-53,-145],[-3,-22],[-12,-93],[-2,-168],[25,-107],[132,-45],[61,-161],[3,-10],[70,-264],[-24,-140],[-39,-137],[-76,-144],[-15,-27],[-49,-289],[-11,-119],[-35,-154],[-92,-328],[48,-223],[107,-136],[31,-33],[138,-195],[-26,-424],[-149,-406],[-101,-292]],[[64601,33519],[3,-7]],[[64604,33512],[-3,7]],[[64777,33832],[-29,-9],[0,-1],[29,10]],[[65082,33653],[-44,4],[44,-4],[4,-86],[-4,86]],[[70589,35169],[2,-19],[-7,-43],[-19,-42],[-88,-99],[-82,-89],[-15,-30],[-45,-93],[-31,-144],[9,-66],[11,-42],[15,-54],[20,-57],[47,-136],[53,-185],[-86,-280],[-34,-58],[-120,-202],[-2,-4],[-16,-26],[-121,-190],[-2,-3],[-91,-134],[-36,-150],[14,-113],[10,-54],[1,-6],[12,-55],[19,-92],[30,-112],[29,-97],[66,-213],[19,-64],[21,-67],[55,-182],[15,-46],[10,-35],[30,-99],[-39,-182]],[[70243,31606],[-124,41],[-219,157],[-80,143],[-45,28],[-72,-201],[-69,-82],[-57,-19],[-151,-218],[6,-124],[140,-89],[88,-1],[142,107],[-394,-381],[-264,-167]],[[69144,30800],[-79,248],[-78,264],[-12,49],[-17,75],[-60,253],[0,1],[75,218],[39,116],[30,89],[6,24],[6,28],[6,32],[11,52],[13,58],[7,36],[20,94],[12,60],[9,45],[-53,32],[-107,63],[-159,93],[-104,69],[-110,73],[-78,48],[-78,48],[-145,73],[-170,85],[-64,50],[-203,147],[-123,80],[-117,140],[-28,144],[-3,39],[-10,146]],[[67580,33872],[-10,96]],[[67570,33968],[-33,282],[-94,56],[-22,250],[0,2],[-81,-1],[0,244],[-135,1],[0,56],[-1,160],[0,9],[-1,56],[-74,33],[-97,64],[-29,38],[-36,70],[-16,30],[-26,49],[-48,89],[-1,2],[-18,51],[1,80],[2,109],[0,69],[3,133],[-1,43]],[[66863,35943],[-14,119],[-15,101],[-1,4],[-23,129],[-56,86],[14,47],[-28,25],[0,54],[-77,85],[-8,58],[-115,80],[-68,153],[-174,218],[-194,201],[-65,180],[2,146],[151,270],[55,208],[0,3],[24,123],[-20,396]],[[66251,38629],[629,109],[104,51],[69,78],[287,167],[95,15],[38,6],[49,7],[95,16],[197,24],[40,-5],[77,-10],[39,-9],[18,-4],[277,-110],[1,-1],[81,-102],[285,-183],[149,-153]],[[68781,38525],[2,-3],[11,-11]],[[68794,38511],[132,-167],[32,-60],[55,-122],[10,-50],[26,-153],[57,-454],[213,-224],[39,-41],[10,-94],[-1,-87],[195,-3],[34,-50],[140,-202],[31,-13],[95,-37],[264,-140],[61,-46],[179,-108],[46,-33],[1,-13]],[[70413,36414],[-153,-38],[153,37]],[[70413,36413],[-4,-91],[-31,-54],[17,-98],[256,-79],[11,-7],[22,-14],[7,-8],[10,-19],[24,-76],[7,-165],[-4,-86],[-67,-116],[-131,-152],[-2,-26],[1,-60],[3,-12],[49,-126],[4,-8],[4,-47]],[[69045,35413],[-32,-70],[55,120],[-23,-50]],[[69220,33749],[-125,7],[-271,-126],[-549,-35]],[[68275,33595],[372,-109],[313,-111],[170,121],[149,35],[-52,116],[-7,85],[0,17]],[[69049,33189],[-12,-21],[0,-2],[0,1],[12,22]],[[75472,31867],[0,-6],[-1,-4],[-34,-51],[16,-24],[36,-40],[41,-46],[66,-71],[31,-35],[-57,-49],[-38,-35],[-167,-143],[-188,-198],[7,-21],[5,-11],[11,-24],[0,-1],[1,0],[16,-27],[27,-40],[13,-20],[-49,-31],[-120,-159],[-15,21],[-75,-63],[-8,-69],[-7,-62],[-33,-86],[-67,-83],[-26,-30],[40,-127],[5,-18],[-5,-70],[-40,-57]],[[74857,30187],[-3,-5],[2,-70],[26,-25],[-18,-77],[-144,50],[-165,154],[-73,59],[49,90],[-39,21],[-29,14],[-142,-62],[-109,-49],[-61,23],[-125,27]],[[74026,30337],[165,429],[58,211],[6,20],[46,113],[89,-26],[20,53],[35,105],[21,56],[35,93],[16,43],[33,93],[61,162],[-21,32],[-95,146],[-96,149],[-23,34],[97,99],[30,32],[37,40],[27,110]],[[74567,32331],[10,36],[1,5]],[[74578,32372],[24,94],[45,95],[-36,44],[13,84],[65,79],[13,31],[12,28],[22,55],[5,12],[20,49],[5,10],[26,93],[14,69],[-4,61],[-4,71],[-1,26],[0,18],[-1,16],[-6,59],[-20,174],[-2,19],[-18,151],[-3,31],[-10,64]],[[74737,33805],[0,1],[-1,4]],[[74736,33810],[-6,25],[-1,5],[-12,50],[-31,135],[-19,81],[-37,184],[-54,261],[-76,123],[-153,124],[-211,82],[-59,67],[-48,54],[-30,226],[42,385],[-23,125],[-39,97],[-56,87],[-7,9],[-125,84],[-57,63],[-44,47],[-35,35],[-30,41],[-22,41],[-14,39],[-14,99],[-43,110],[-33,81],[-26,101],[-12,78],[-8,65],[-7,76],[-2,68],[-2,59],[-2,56],[-12,48],[-28,66],[53,111],[21,98],[4,123],[-7,65],[-8,21],[-17,48],[-54,59]],[[73392,37712],[110,170],[40,110],[-1,14],[-11,117],[-5,47],[-8,93],[-3,30],[-6,63],[-7,66],[-4,164],[-6,162],[5,98],[1,31],[3,53],[-13,94],[-21,89],[-15,69],[-15,62],[-13,52],[-23,94],[-7,44],[30,193],[-19,80],[-167,172],[-136,42],[-74,22],[-86,29],[-66,28],[-66,30],[-46,21],[-99,48],[-3,1],[-92,64],[-62,77],[-2,2],[-34,45],[-35,47],[0,1],[-13,34],[-14,38],[-39,106],[-42,114],[-42,113],[-12,32],[-24,37],[-93,124],[10,39],[20,76],[21,46],[22,64],[211,267],[67,114],[50,147],[18,159],[8,110]],[[72584,41956],[57,44],[0,169],[231,-91],[26,-3],[166,-18],[67,-41],[98,36],[1,218],[60,77],[118,45],[70,-24],[31,-56],[50,-90],[56,-231],[66,-135],[68,-141],[32,-177],[5,-18],[59,-165],[29,-74],[62,-173],[42,-173],[7,-49],[18,-62],[58,-90],[115,-70],[49,-24],[166,-184],[75,-36],[222,44],[31,7],[458,85],[141,-13],[172,-50],[200,-32],[29,-5]],[[75719,40456],[-263,-236],[-165,-291],[-8,-184],[90,-207],[8,-10],[121,-127],[105,-68],[127,-20],[408,15],[84,-70],[40,-36],[3,-69],[-40,-172],[-33,-155],[-29,-131],[-67,-81]],[[76100,38614],[10,-300],[-19,-202],[6,-64],[12,-107],[17,-150],[-3,-7],[-141,-354],[-102,-160],[-46,-106],[7,-110],[54,-101],[45,-109],[35,-102],[-14,-174],[-1,-2]],[[75960,36566],[-30,12],[30,-13]],[[75960,36565],[-53,-259],[0,-1],[-2,-32],[-4,-59],[9,-66],[17,-86],[126,-135],[92,-68],[105,-154],[45,-279],[-46,-230],[-50,-135],[-45,-123],[-101,-258],[-198,-505],[-39,-98],[-47,-121]],[[75769,33956],[-19,-48],[-21,-53]],[[75729,33855],[-15,-37]],[[75714,33818],[-89,-1],[1,-60],[65,0]],[[75691,33757],[-32,-75],[92,-32],[82,-34],[72,75],[128,-59],[15,-5],[187,322],[77,62],[59,-26],[2,-63],[39,19],[35,-36],[-135,-142],[-95,-183],[58,-2],[3,0],[79,-46],[97,-58],[88,-72],[40,-33],[6,82],[4,23],[8,24],[13,22],[9,15]],[[76622,33535],[-13,-22],[-25,-118],[-3,-49],[3,-29],[-4,-117],[-2,-13],[-5,-15],[-13,-40],[-8,-9],[-92,-142]],[[76460,32981],[-126,-62],[-119,-1],[-85,-22],[4,-91],[-11,-102],[-91,-54],[-60,-6],[-4,-1],[-37,-9],[-34,-12],[-14,-4],[-51,-15],[3,-8],[50,-187],[20,-77],[-40,-16],[-153,84],[-23,-53],[-22,-49],[-41,-94],[-82,-46],[85,-82],[-31,-41],[-18,-23],[-14,-19],[-12,-16],[-32,-41],[-14,-20],[-13,-17],[-23,-30]],[[75425,32216],[-7,7],[-2,-3],[9,-4]],[[75550,33758],[-74,0],[3,-66],[114,7],[-2,58],[-41,1]],[[73409,41258],[3,-125],[-3,125]],[[74478,31046],[-9,12],[9,-12]],[[77229,34649],[170,-380]],[[77399,34269],[-48,-47],[-135,-93],[-220,-172],[-7,-8],[-9,-8],[-33,-87],[-86,-57],[-2,-3],[-12,-12]],[[76847,33782],[0,-1]],[[76847,33781],[-10,-7],[-12,-10],[-2,-3],[-66,-128],[-74,-55],[-61,-43]],[[75691,33757],[23,61]],[[75729,33855],[21,53],[19,48]],[[75960,36565],[0,1]],[[76100,38614],[397,-112],[155,-4],[93,15],[34,-35],[36,-37],[136,20],[235,69],[89,37],[34,17],[42,19],[44,9],[110,22],[109,19],[104,5],[4,0],[128,-21],[31,-81],[37,26],[98,73]],[[78016,38655],[-19,-122],[20,122]],[[78017,38655],[294,-32],[-4,-74],[679,15],[183,-123],[63,-225]],[[79232,38216],[-58,-20],[-59,-31],[-119,19],[-22,-69],[-63,-207],[-106,-371],[-59,-206]],[[78746,37331],[-362,27],[-236,-68],[-253,-8],[-84,-60],[-41,-28],[-63,-33],[-178,-46],[-73,-83],[-67,-133],[-129,-276],[-29,-157],[-7,-70]],[[77224,36396],[8,-195],[2,-6],[-6,-232],[-60,-283],[-12,-87],[-7,-27],[-29,-111],[0,-9],[-7,-349],[-44,-97],[22,-25],[11,-40],[24,-55],[46,-103],[17,-37],[40,-91]],[[76910,36400],[91,-26]],[[77001,36374],[-91,26]],[[77513,37560],[0,-15],[0,15]],[[75719,40456],[74,66],[217,172],[68,59],[34,30],[131,65],[306,64],[325,29],[78,51],[260,310],[176,259],[49,73],[113,201],[-43,436],[41,78],[47,123],[8,82],[-7,349],[52,328]],[[77648,43231],[173,92],[142,23],[26,133],[150,108],[131,17],[60,66],[218,94],[12,-67]],[[78560,43697],[39,-89],[16,-136],[-190,-176],[5,-161],[-116,-192],[57,-190],[-23,-55],[-77,6],[16,-134],[23,-193],[83,-36],[-1,-166],[-55,-76],[57,-40],[7,-8],[220,-278],[23,-113],[116,-100],[56,-435],[-5,-235],[85,-274],[323,-94],[18,-3],[170,-120],[220,-285],[173,-116],[54,-33],[28,-19],[4,-5],[58,-58],[-7,-88],[60,-143],[90,8],[143,-126],[40,-15],[59,-180],[125,88],[48,-9]],[[80502,39418],[160,-148],[10,-24],[-288,-273],[-67,-236],[3,-45],[-27,-71]],[[80293,38621],[-137,-86],[-169,15],[-111,-59],[-136,-83],[-165,-93],[-28,-17],[-158,-20],[-89,-11],[-68,-51]],[[78017,38655],[-1,0]],[[77897,39333],[2,2],[-29,114],[27,-116]],[[78159,39339],[149,-245],[-149,245]],[[78466,39734],[-2,2]],[[78464,39736],[2,-2]],[[76982,40735],[14,-26],[-9,28],[-5,-2]],[[70413,36413],[0,1]],[[68794,38511],[-13,14]],[[66251,38629],[-20,217],[-29,313],[-6,58],[-7,98],[-8,97],[-11,131],[-11,146],[-6,77],[-4,184],[60,185],[59,141],[89,191],[102,235],[-6,81],[-96,189]],[[70487,41880],[-54,-239],[-307,-540],[-261,-349],[-162,-243],[3,-65],[6,-98],[105,-153],[172,-48],[75,-85],[88,-99],[120,-99],[250,-268],[18,-71],[-10,-173],[-18,-38],[-112,-172],[-29,-80],[-4,-12],[-8,-34],[-2,-49],[21,-147],[11,-27],[46,-87],[52,-76],[25,-38],[20,-30],[30,-44],[7,-10],[30,-44],[27,-40],[41,-61],[40,-59],[27,-40],[26,-40],[30,-44],[42,-59],[38,-58],[39,-59],[44,-67],[29,-58],[72,-112],[123,-64],[77,-41],[54,-42],[14,-52],[91,-46],[93,-52],[13,-80],[9,-53],[14,-87],[0,-1]],[[71542,37247],[-31,-58],[5,-100],[20,-39],[26,-48],[5,-52],[-16,-74],[-16,-152],[73,-153],[21,-20],[82,-82],[43,-59],[14,-20],[135,-161],[44,-47],[4,-8],[14,-21],[50,-80],[14,-115],[11,-27],[27,-47],[43,-62],[172,-215],[52,-178],[12,-189],[0,-4]],[[72346,35236],[-3,-36],[-12,-225],[25,-197],[66,-113]],[[72422,34665],[107,-103],[80,-171],[-16,-117]],[[72593,34274],[-613,-1193],[-92,-226],[-3,-12],[0,-292],[75,-129],[79,-126],[48,-101],[43,-148],[12,-193],[-28,-171]],[[72114,31683],[-258,-100],[66,-41],[12,-168],[-309,-100],[-85,72],[-673,-298],[-117,-18],[-138,153],[-166,157],[-72,89],[-16,88],[-79,66],[-36,23]],[[69728,38502],[1,1]],[[69729,38503],[-1,-1]],[[68926,39155],[16,42],[-16,-41],[0,-1]],[[69144,30800],[-824,-460],[-96,-113],[-260,-93],[-30,-65],[-77,11],[-271,155],[-237,235],[-284,125],[-303,13],[-282,-110],[-377,-238],[-379,-267],[-336,-292],[-334,19]],[[65634,36440],[-1,0]],[[64970,37627],[-141,155],[-168,135],[-172,117],[-95,85],[-123,90],[-206,1],[-176,-9],[-190,49],[-86,59],[-303,393]],[[66863,35943],[-20,-20],[20,20]],[[67570,33968],[0,-2],[10,-94]],[[62137,35400],[158,110],[212,146],[66,-8],[93,-74],[2,0]],[[62668,35574],[0,-2]],[[62668,35572],[-7,-100],[69,-71],[125,-31],[53,-61],[209,-40],[141,-7],[31,-142],[88,-41],[16,-206],[-32,-126]],[[63283,32229],[-116,-15],[-385,-206],[-301,-173],[-370,-165],[-347,-74],[-250,115],[-176,135],[-223,108],[-273,-41]],[[64421,35142],[-186,162],[-128,-77]],[[64107,35227],[79,-154],[134,26]],[[62668,35572],[0,2]],[[64107,35227],[-14,-8],[14,8]],[[63758,36513],[-2,12]],[[63756,36525],[2,-12]],[[63756,36525],[-1,171],[-243,-58],[-43,-93],[287,-20]],[[73392,37712],[-2,-1],[-230,-162],[-19,-31],[-27,-44],[-39,-64],[-234,-57]],[[72841,37353],[-109,4],[-240,24],[-236,-65],[-295,-60],[-145,74],[-154,-119],[-82,-2]],[[71580,37209],[-38,38]],[[70669,42220],[379,395],[165,60],[173,-13],[325,-137],[235,-168],[454,-111],[184,-290]],[[72530,38645],[1,1],[-1,0],[0,-1]],[[72215,39923],[3,-2],[1,-1],[-4,3]],[[71738,38181],[0,1],[-38,-2],[38,1]],[[71248,38698],[1,0],[-1,0]],[[71286,41422],[-17,-45],[4,10],[13,35]],[[71640,39338],[-16,32],[34,-69],[-18,37]],[[74026,30337],[-213,138],[-37,86],[24,50],[-84,5],[-49,-150],[-255,-51],[-167,-90],[-262,-192],[-166,-75],[-433,-74],[-311,14],[-183,84],[114,190],[82,394],[-40,285],[-80,247],[-29,-2],[74,124],[54,0],[49,363]],[[72593,34274],[596,2]],[[73189,34276],[224,30],[203,-24],[2,245],[0,5],[22,178],[200,156],[62,158],[23,55],[-196,61],[-242,57],[-156,16],[-41,3],[-69,96],[-18,26],[-63,92],[-50,72],[-32,47],[-83,126]],[[72975,35675],[1,1],[-2,-1]],[[72974,35675],[-55,89],[-26,33],[-9,11],[-18,33],[-16,30],[-10,22],[-14,28],[-13,33],[-4,17],[-4,14],[-10,88],[10,79],[4,29],[12,113],[7,107],[-3,66],[-1,47],[-6,92],[-11,113],[-23,77],[-2,8],[-17,52],[-4,20],[-7,37],[3,54],[-1,10],[7,74],[38,152],[2,8],[19,73],[19,69]],[[74736,33810],[1,-5]],[[74578,32372],[-11,-41]],[[73375,31548],[-8,6]],[[73367,31554],[8,-6]],[[74293,31411],[-2,-1],[1,0],[1,1]],[[73264,31147],[-113,67]],[[73151,31214],[113,-67]],[[73910,30698],[1,1],[-6,29],[5,-30]],[[72902,46552],[144,-7],[36,-77],[105,60],[191,5],[46,40],[104,-61],[44,67],[117,22],[135,90],[120,1],[128,-81],[105,-211],[-88,-105],[-1,-54],[126,-36],[44,-129],[68,-43],[455,21],[26,-9],[257,-156],[103,19],[22,54],[-25,113],[131,111],[226,-25],[89,129],[-23,104],[54,27],[162,-2],[34,51],[34,22],[29,-27],[19,63],[112,104],[29,89],[83,18],[80,74],[32,3],[-45,-76],[71,-15],[186,147],[66,-43],[170,83],[87,-146],[120,-64],[19,25],[-66,67],[2,67],[64,71],[93,59],[23,87],[264,-195],[115,-513],[322,-580],[166,-170],[1,-98],[-32,-132],[-288,-227],[-19,-61],[-114,104],[-91,-28],[-61,24],[-101,-51],[-1,57],[-37,15],[-162,-78],[-54,-56],[-6,-82],[-52,-29],[-46,-147],[-112,-36],[-22,-111],[-101,-91],[42,-60],[-74,-143],[3,-138],[55,-71],[96,29],[96,-86],[65,2],[65,-54],[29,-318],[110,-291],[-23,-103],[51,-120],[-14,-90],[70,-18],[153,71],[18,-53],[184,-22],[108,103]],[[78746,37331],[19,-71],[-42,-36],[23,-71],[-47,-117],[-9,-68],[-96,-356],[7,-42],[-50,7],[33,-87],[28,-22],[9,-29],[6,-133],[231,16],[69,-44],[27,52],[22,-55],[40,30],[-4,-90],[46,-36],[-35,-38],[43,0],[-1,-52],[34,15],[-17,-60],[-10,-45]],[[79072,35999],[-6,-3]],[[79066,35996],[-92,-36],[-16,50],[-41,-16],[-45,-63],[-11,-12],[-24,-129],[117,-96],[8,-61],[-74,-17],[-71,-21],[-45,-9],[-45,-43],[-52,22],[-41,19],[-17,-69],[3,-106],[-55,-85],[-20,-53],[18,-37],[-31,-58],[-2,-35]],[[78530,35141],[-79,-36],[-50,-105]],[[78401,35000],[-41,56],[-37,30],[8,-25]],[[78331,35061],[-71,-102]],[[78260,34959],[-5,-4],[-208,-147],[-147,-105]],[[77900,34703],[-141,-97],[-128,-87],[-117,-87],[-109,-157],[-6,-6]],[[78516,34975],[-27,2],[-43,11]],[[78446,34988],[74,56]],[[78520,35044],[-4,-69]],[[73189,34276],[-4,105],[15,393],[-139,25],[-85,135],[-1,0],[-227,-133],[-84,37],[-59,-17],[-183,-156]],[[72346,35236],[33,8],[-33,-8]],[[71542,37247],[38,-38]],[[72974,35675],[1,0]],[[73504,34909],[-49,-55],[206,-85],[65,189],[-165,-35],[-19,31],[-38,-45]],[[72535,35516],[0,98],[0,-98]],[[75866,28684],[12,193],[41,80],[-12,246],[-35,112],[-27,63],[-43,73],[-31,43],[-34,43],[-73,88],[-150,54]],[[75514,29679],[254,44],[113,-4],[21,10],[45,10],[8,3],[53,10],[50,12],[38,6],[30,8],[116,24]],[[76242,29802],[29,6],[114,9],[29,1],[30,1],[20,0],[15,-4],[79,-16],[9,-18],[168,-17],[19,-65],[83,-30],[81,-29],[43,12],[16,-93],[62,-61],[39,-26]],[[77078,29472],[-5,-56],[115,-12],[48,-21],[30,-62],[-1,-18],[-128,-200],[20,-159],[98,1],[69,109],[71,-6],[316,130],[25,20],[97,103],[63,16],[16,-1],[71,4],[135,95],[162,20],[67,36]],[[78347,29471],[113,-307],[44,-83],[95,-107],[166,-375],[53,-30],[-6,-108],[27,-64]],[[78839,28397],[-164,-59],[-91,-39],[-45,-7],[-226,-108],[-280,-122],[-336,-137],[-867,-450],[-118,-64],[-130,-67],[-423,-212],[-198,26],[-50,47],[40,33],[-15,345],[42,15],[10,119],[-25,171],[-47,229],[-28,144],[-24,224],[2,199]],[[81476,27909],[16,25],[24,51],[8,45],[10,74],[29,-13],[33,28],[76,-40],[-76,44],[-41,-28],[18,85],[-84,48],[27,43],[-8,182],[34,8],[20,-17],[18,106],[-75,195],[-146,190],[-72,190],[13,142],[-25,34],[29,102],[93,102],[27,95],[25,124],[-32,205],[28,53],[80,104],[37,98],[31,1],[1,7],[-9,4],[1,28],[10,3],[11,-8],[3,-1],[8,0],[4,-8],[-2,-5],[-12,-3],[-16,-42],[50,-13],[-47,14],[15,40],[12,3],[1,9],[-3,5],[-4,2],[-6,-2],[-5,6],[-6,4],[-10,-2],[-8,-5],[-2,-3],[5,-22],[8,-9],[-17,-1],[-9,7],[41,91],[48,124],[74,-25],[-37,-47],[37,-54],[-33,52],[57,49],[46,-9],[96,-118],[97,-20],[2,6],[15,54],[29,81],[-226,148],[-29,57],[-77,30],[36,53],[180,-71],[60,97],[-33,72],[111,88],[39,31],[23,12],[5,16],[17,6],[16,19],[60,55],[46,34],[36,-46],[22,0],[32,26],[-33,-213],[-18,-130],[-49,-189],[-20,-131],[5,-14],[141,-168],[87,-136],[11,-179],[-165,-8],[77,-20],[-90,-76],[-57,1],[-11,-22],[6,-11],[-14,-27],[-13,12],[-21,-9],[14,-6],[6,13],[11,-11],[7,2],[11,23],[-4,14],[9,19],[45,-7],[32,15],[-8,-75],[38,-62],[-203,-218],[-92,-78],[-143,-26],[-104,-95],[-7,-65],[93,-333],[3,-245],[-3,-97],[123,-96],[188,-71],[168,-50],[-88,-46],[-78,-108],[-58,36],[8,-45],[-91,-31],[-25,-71],[38,-62],[-66,-1],[-113,-102],[-54,-68],[-35,-32],[-72,36],[-88,-106],[4,-36],[-40,-95],[15,61],[-44,2],[38,38],[17,22],[-27,6],[-21,-15],[-14,38],[-35,-2],[-5,58],[-60,-36],[-26,-77],[5,73],[-43,87],[18,46],[15,-27],[33,56],[-8,75]],[[82422,29234],[25,-266],[-181,-80],[-110,53],[6,90],[100,135],[159,99],[1,-31]],[[82842,29676],[-13,-195],[-215,5],[-17,89],[35,10],[-155,45],[38,118],[65,95],[-23,1],[49,210],[105,109],[94,96],[135,-12],[11,-79],[-56,-182],[-9,-143],[-13,-41],[-31,-126]],[[82904,30397],[35,-10],[13,-94],[-131,26],[31,97],[52,-19]],[[82172,31483],[135,-60],[26,-83],[-95,30],[-136,-15],[13,142],[57,-14]],[[81297,31514],[59,58],[262,-14],[74,-63],[-16,-29],[29,4],[7,-102],[-37,-10],[3,28],[-8,-28],[-14,-3],[-40,42],[13,-34],[32,-13],[21,4],[8,-6],[-53,-72],[-60,45],[-40,-11],[4,54],[-90,-1],[-59,40],[-86,11],[-23,-48],[-6,-58],[168,-23],[19,-59],[67,4],[-9,-50],[39,10],[-33,-70],[19,-71],[-20,-15],[-30,27],[-23,-16],[-108,50],[99,-57],[32,20],[24,-29],[13,2],[18,21],[-20,57],[19,36],[58,-112],[-115,-91],[97,36],[60,-107],[107,-60],[85,6],[-233,-90]],[[81610,30727],[-24,102],[-46,-29],[-37,33],[-79,-20],[-105,82],[-78,78],[-53,1],[-12,-7],[-50,-94],[-67,-29],[-63,72],[-9,60],[44,42]],[[81031,31018],[0,-1],[0,1]],[[81031,31018],[46,76],[-31,94],[-35,61],[-160,-34],[-148,-36],[-72,-7],[-40,-58],[-131,19],[-93,-46],[-74,134],[-29,-1],[-38,169],[-29,-5],[-48,18],[23,65],[-42,6],[21,27],[-31,43],[-49,-10],[-31,38],[-22,-47],[-47,74],[-55,-24],[-53,59],[-50,-45],[-71,14],[-150,-16],[-26,34],[-9,51],[-183,73]],[[79374,31744],[2,17],[15,102],[80,113],[37,125],[82,0],[36,40],[72,160],[-73,29],[-21,128],[-59,51],[1,42]],[[79546,32551],[111,187],[44,188]],[[79701,32926],[117,49],[116,-3],[130,53],[114,108],[22,97],[152,1],[183,104],[68,108],[109,-40],[120,5],[-1,127],[-40,224],[-145,73],[-143,20]],[[80503,33852],[35,82],[-16,134],[-7,40],[14,118],[77,33],[78,57],[0,2]],[[80684,34318],[111,66],[32,-12],[9,146],[33,21],[206,29],[128,52],[136,-10],[222,-8],[264,-10],[14,0],[210,-1],[89,5]],[[82138,34596],[94,7],[217,-79]],[[82449,34524],[37,-13],[88,-24],[13,-4],[177,-43],[84,-17],[324,-77],[145,-61],[37,-16],[60,-34]],[[83414,34235],[-1,-18],[-109,-392],[25,-111],[-70,-96],[-125,-41],[-19,244],[-144,46],[-92,6],[-32,39],[-129,57],[-19,6],[-25,-23],[-48,18],[-43,153],[-64,-2],[-25,-71],[-66,17],[-12,67],[-51,12],[-22,6],[-20,24],[-13,2],[-12,-8],[-30,-38],[-33,-9],[-14,15],[-22,64],[19,-68],[14,-13],[29,5],[15,8],[25,35],[22,5],[11,-17],[13,-9],[66,-15],[16,-70],[66,-17],[25,70],[59,6],[41,-154],[54,-21],[33,24],[131,-63],[34,-43],[-20,-67],[-44,-38],[-143,9],[-89,113],[-164,29],[-59,-84],[2,-80],[-81,-29],[-21,42],[30,37],[-32,-36],[13,-42],[-57,44],[7,3],[-9,13],[12,21],[-3,7],[-13,-3],[14,-1],[-12,-25],[9,-11],[-45,-13],[-31,14],[-77,-13],[-14,33],[-38,-25],[8,12],[-36,31],[-71,-13],[-39,2],[73,-18],[36,27],[11,-24],[22,-7],[-9,-9],[9,-6],[35,25],[-6,-58],[27,28],[68,10],[167,-59],[-345,-217],[-39,-240],[115,-23],[46,-121],[-45,-73],[119,114],[6,-75],[1,114],[40,14],[-16,-38],[31,-25],[-11,61],[37,-10],[90,120],[24,-81],[60,-55],[129,8],[30,79],[11,33],[-81,41],[77,9],[34,45],[-36,-44],[-67,-1],[-21,98],[154,231],[2,-160],[167,-52],[-77,-121],[-48,-130],[-28,-221],[-8,-53]],[[82653,32931],[6,-66],[-4,-58],[45,-209],[-42,-189],[20,-55],[-56,-27],[-36,-66],[-171,-275],[-43,-36],[-11,-18],[-17,-27],[-36,-54],[-46,-1],[-93,-10],[-10,226],[6,115],[0,188],[62,18],[4,53],[-11,138],[-205,-167],[17,-67],[-31,-74],[-83,84],[-1,101],[-40,87],[-49,-55],[28,86],[-34,-59],[-36,51],[59,133],[-32,11],[-24,-35],[24,93],[-33,-57],[5,-88],[-62,70],[-175,39],[-34,128],[-89,126],[-169,-51],[45,-162],[170,-255],[84,-128],[-286,-102],[-53,-92],[-110,-7],[-218,-281],[2,-3],[136,12],[207,-43],[35,-8],[-14,-82],[45,-32],[-14,-206],[11,-32],[1,1]],[[82075,31459],[-72,-88],[-54,33],[-5,42],[48,28],[83,-15]],[[82653,32931],[-8,-1],[8,1]],[[82078,27506],[18,-48],[-46,40],[28,8]],[[82044,27741],[58,-16],[-33,-31],[-25,47]],[[75502,29790],[8,86],[-12,89],[11,87],[17,49],[-21,80],[-3,5],[-10,22],[-13,53],[-4,37],[2,15],[32,55],[25,37]],[[75534,30405],[143,-32],[43,18],[11,-35],[26,-15]],[[75757,30341],[19,-9],[50,57],[5,-2],[36,-18],[33,16],[27,24],[14,49],[12,4],[30,12],[11,1],[16,5],[52,-11],[6,47],[-41,24],[-80,70],[1,2],[3,6],[14,35],[22,104]],[[75987,30757],[79,31],[51,21],[11,4],[63,20],[89,28],[55,22],[97,38],[32,9],[8,1],[30,18],[33,-7],[31,79],[12,35],[39,-32],[39,32],[41,308],[14,71],[6,39],[10,92],[-7,237]],[[76720,31803],[189,-108],[149,-97]],[[77058,31598],[69,-47],[119,-79],[28,-18],[1,-2],[77,-49],[46,-30],[85,-68],[23,-19],[54,-43],[50,-36],[15,-10],[152,-90],[51,-21],[41,-12],[5,-1],[70,-18],[50,-11],[53,-12],[50,-2],[23,-3],[58,-16],[52,106],[50,55],[35,49],[2,46],[8,27],[2,26],[-50,6],[-13,4],[-150,47],[-54,18],[-16,4],[70,81],[60,77],[6,18],[6,22],[55,112],[13,-9],[73,-26],[109,150],[50,58],[150,105],[93,12],[41,-75],[77,30],[23,-1],[65,-71],[100,61],[99,102],[103,55],[115,224]],[[79352,32324],[176,224],[18,3]],[[79374,31744],[-41,-221],[-94,-84],[-40,-32],[-134,-126],[-41,-56],[-26,-199],[-7,-81],[-40,-82],[-117,-33],[297,-74],[30,-42],[-12,-94],[26,-50],[-21,-41],[-58,-29],[-41,-113],[-10,-231],[-78,-77],[50,-135],[-113,-94],[-222,-49],[-69,-91],[-58,-90],[-208,-149]],[[77078,29472],[-8,96],[50,78],[4,49],[-33,-4],[26,155],[-50,122],[37,12],[5,52],[8,39],[-49,7],[-13,0],[-26,2],[-16,2],[-15,4],[-24,13],[-85,16],[-15,2]],[[76874,30117],[-23,50],[-28,-16],[-20,2]],[[76803,30153],[-10,3],[-127,30],[-50,14],[-21,30],[-73,53],[-23,16],[-47,28],[-66,45],[-133,-286],[-21,-43],[-18,-42],[2,-55],[26,-144]],[[75514,29679],[-29,0]],[[75485,29679],[17,111]],[[76851,30397],[0,-1],[2,0],[-2,1]],[[75281,29846],[-100,5],[-317,160],[19,77],[-29,92],[3,7]],[[76460,32981],[1,-15],[-1,15]],[[76847,33781],[3,-5]],[[76850,33776],[-68,-262],[-21,-80],[-15,-63],[-15,-61],[-4,-15],[-23,-95],[-11,-45],[-20,-83],[-14,-54],[-29,-118],[0,-6],[0,-1],[21,-211],[50,-144],[8,-18],[49,-115],[-66,-215],[-26,-55],[-41,-31],[3,-52],[11,-75],[12,-41],[20,-101],[49,-31]],[[76720,31804],[0,-1]],[[75987,30757],[-53,-38],[-14,3],[-34,20],[-44,-38],[-18,11],[-4,23],[-91,48],[-2,0],[-10,4],[-9,-30],[0,-23],[-1,-42],[0,-9],[-16,-80],[-16,-25],[-12,-27],[-7,-13],[-21,-29],[-11,-12],[-63,-63],[-27,-32]],[[75485,29679],[-108,167],[-96,0]],[[75531,31015],[0,3],[-1,-3],[1,0]],[[75728,31198],[-2,-7],[1,3],[1,4]],[[75945,31037],[-12,-24],[11,22],[1,2]],[[76008,31545],[1,-2]],[[76009,31543],[-1,2]],[[75991,31707],[-2,2],[-12,5],[14,-7]],[[77058,31598],[214,213],[269,147],[-53,92],[-449,-204],[-160,27],[-17,-8],[-142,-61]],[[76850,33776],[20,-36]],[[76870,33740],[62,-108],[53,-94],[92,-165],[60,-108],[77,-138],[104,-194],[123,-149],[6,-6],[22,-22],[57,-23],[144,-10],[-36,-198],[20,-42],[68,18],[14,43],[79,-20],[117,-32],[53,-20],[31,-11],[20,-8],[14,-5],[12,-4],[51,-39],[43,-17],[52,-15],[24,-5],[50,13],[38,-45],[72,-41],[32,-17],[60,-133],[13,0],[20,-6],[22,-7],[18,36],[53,-1],[41,-46],[116,6],[57,41],[24,14],[32,55],[-36,50],[28,50],[138,-34],[106,5],[57,65],[54,-8],[125,-41]],[[77754,31306],[-115,-47],[79,-48],[36,1],[0,19],[0,75]],[[77826,31258],[-38,-46],[76,2],[4,12],[-18,13],[-24,19]],[[78065,31857],[8,-6]],[[78073,31851],[-8,6]],[[77753,32022],[25,64],[-54,18],[17,44],[-20,48],[-40,-58],[-114,-50],[62,-96],[87,23],[37,7]],[[77085,31962],[3,1],[179,81],[-182,-82]],[[77844,32124],[1,0],[0,9],[-1,-9]],[[77396,32460],[2,-2],[-2,2]],[[77195,32705],[-17,-14],[17,14]],[[76870,33740],[41,24],[78,39],[22,-8],[234,43],[50,13],[83,21],[73,-26],[124,-44],[15,-5],[36,-13]],[[77626,33784],[204,-260],[3,14],[34,54],[17,18],[54,61]],[[77938,33671],[128,-35]],[[78066,33636],[-73,-55],[16,-57],[8,-34],[-17,-68],[45,-79],[15,-25],[22,-2],[39,22],[43,-37],[32,-30],[36,-112],[11,-15],[46,-36],[16,25],[54,19],[147,-56],[15,-6],[31,-14],[20,-7],[45,-5],[29,-1],[4,-1],[25,-13],[32,-22],[42,-24],[64,-51],[32,-49],[91,-29],[39,-74],[37,-3],[37,-43],[65,-10],[36,64],[126,150],[35,35],[200,-44],[101,68],[99,-40],[-10,-51]],[[78087,32488],[3,4],[-3,-4]],[[78498,32693],[-4,0]],[[78494,32693],[4,0]],[[78527,32592],[0,-2],[0,2]],[[78751,32708],[5,23]],[[78756,32731],[-5,-23]],[[78408,32752],[10,-14],[-10,14]],[[77713,33074],[33,-36],[-33,37],[-12,13],[12,-14]],[[79159,32659],[-6,1],[7,-2],[-1,1]],[[78066,33636],[14,13]],[[78080,33649],[8,2],[54,18],[77,29],[23,9],[31,12],[9,3],[135,40],[77,8],[11,48],[155,64],[6,3],[75,52],[85,-52],[4,1],[24,10],[19,28],[18,41],[8,21],[46,119]],[[78945,34105],[159,-55],[29,-8],[68,-18],[42,-2],[12,0],[45,-1],[45,-4],[28,-8],[60,-20],[69,-43],[20,-10],[21,-8],[162,1],[0,-7],[6,-16],[22,-36],[23,-15],[131,-25],[163,-32],[-1,-12],[-21,-73],[47,-30],[24,-103],[69,-75],[68,36],[93,51],[50,161],[124,99]],[[78813,33124],[5,1],[-5,-1]],[[78886,33526],[0,1],[-1,0],[1,-1]],[[79007,33722],[7,12],[-7,-12]],[[79332,33313],[29,15],[-29,-15]],[[76850,33776],[-3,6]],[[77900,34703],[159,-97],[110,-67],[183,-82],[21,-5],[14,-3],[54,-9],[20,-2],[37,2],[7,3],[8,5],[26,19],[53,28],[32,-5],[6,-2],[138,15]],[[78768,34503],[-56,-54],[-7,-3],[-42,-12],[-39,1],[3,-99],[-15,-50],[-1,-5],[3,-16],[62,23],[57,-38],[99,-87],[6,-4],[26,-18],[30,-17],[51,-19]],[[78080,33649],[-42,13],[-40,11],[-35,8],[-11,-3],[-12,-6],[-2,-1]],[[77938,33671],[-119,54],[-111,31],[-82,28]],[[78201,33854],[18,-27]],[[78219,33827],[-18,27]],[[78130,33901],[0,1],[-27,37],[27,-38]],[[78347,34273],[3,0],[-3,0]],[[78260,34959],[69,51],[25,21],[-23,30]],[[78401,35000],[10,-15],[35,3]],[[78520,35044],[5,53],[5,44]],[[79066,35996],[4,0],[2,3]],[[80293,38621],[-28,-162],[-73,-70],[-57,-159],[-57,-17],[-20,-129],[-114,-86],[-16,-168],[-92,-72],[55,-98],[-61,-84],[37,-39],[-13,-72],[71,-42],[1,-50],[49,-11],[7,-30],[13,-75]],[[79995,37257],[2,-59]],[[79997,37198],[-29,-146],[23,-14],[121,-74]],[[80112,36964],[16,-28],[-65,-68],[-8,-67],[8,-35]],[[80063,36766],[-27,-82],[31,-25],[66,64],[65,-48],[5,-8],[-19,-108],[45,-125],[-46,-189],[25,-69],[-34,-13],[-31,-72],[-16,-38],[2,-8],[-42,-74],[56,-17],[27,-62]],[[80170,35892],[-49,-266],[-73,-113],[-189,-250],[-60,-4],[-21,10],[-66,21],[-37,-46],[-5,-37],[-4,-20],[-31,-38],[-43,-17],[-16,-7],[-35,-16],[-84,-36],[-76,-48],[-15,-23],[-51,-111],[-122,-59],[-3,-2],[-37,-35],[-95,-63],[-2,0],[-32,-18],[-16,-9],[-28,-18],[-29,-16],[-10,-7],[-23,-19]],[[78918,34645],[-1,0]],[[78917,34645],[-35,-39],[-44,-48],[-10,-9],[-60,-46]],[[81145,30025],[63,-34],[115,-47],[-64,-118],[-23,-58],[3,-151],[3,-52],[-82,-133],[-56,-28],[-77,1],[-27,-1],[-13,-1],[-9,-1],[-33,-5],[-53,-10],[-34,-6],[-49,-7],[-89,-17],[-99,-33],[-161,-137],[-17,-51],[-207,-125],[-66,-87],[-214,-43],[-270,-121],[-117,-44],[-327,-124],[-178,-86],[-225,-109]],[[81610,30727],[-51,-62],[-45,-88],[-49,-121],[-76,-59],[-33,-125],[0,-62],[-43,-44],[-33,-77],[-58,49],[-50,11],[1,-15],[12,-59],[-40,-50]],[[80930,29432],[4,-17],[2,2],[-6,15]],[[80156,29321],[1,1],[-1,-1]],[[80156,29321],[-7,-10],[7,10]],[[79932,28917],[-1,0],[-76,-3],[77,3]],[[80038,30036],[-4,35],[4,-35]],[[79779,28943],[1,0],[-2,7],[1,-7]],[[80170,35892],[7,57],[62,-15],[47,-41],[-16,-56],[-69,-58],[10,-43],[99,-65],[198,24],[123,-59],[-41,-119],[-61,-34],[0,-77],[-6,-209],[-31,-53],[48,-158],[55,-67],[-20,-80],[44,-95],[75,-41],[-71,-103],[48,-71],[13,-211]],[[78917,34645],[1,0]],[[79436,34146],[2,0],[-2,0]],[[79294,34282],[6,52],[-99,1],[-3,-69],[96,16]],[[78917,34267],[163,-3],[77,1],[3,0],[2,46],[-216,-15],[-27,-27],[-2,-2]],[[78971,34570],[-4,17],[4,-17]],[[78869,34540],[-2,-1],[2,1]],[[75757,30341],[4,11],[-4,-11]],[[75843,30512],[0,2],[0,-2]],[[75857,30577],[0,1],[-2,0],[2,-1]],[[75745,30647],[-1,1]],[[75744,30648],[-2,1],[2,-1]],[[75744,30648],[1,-1]],[[75796,30612],[0,-1]],[[75796,30611],[0,1]],[[75776,30605],[-48,13],[-2,-7],[9,-43],[7,-21],[6,4],[25,19],[17,5],[-14,30]],[[75730,30620],[2,6],[-2,-6]],[[75746,30724],[-3,1],[2,-4],[1,3]],[[75819,30622],[-1,0]],[[75818,30622],[1,0]],[[75822,30575],[0,-1],[0,1]],[[76803,30153],[-4,-44],[75,8]],[[76723,30076],[-2,-2],[3,2],[-1,0]],[[76846,30093],[-24,0],[24,0]],[[80063,36766],[107,62],[51,189],[-1,68],[-108,-121]],[[79997,37198],[116,-44],[41,64],[-159,39]],[[80502,39418],[95,76],[76,29],[62,-49],[193,-50],[208,68],[215,-55],[172,7],[106,97],[58,-129],[0,-92],[48,-57],[69,7],[171,142],[139,0],[109,204],[67,84],[184,-9],[62,35],[129,186],[300,90]],[[82965,40002],[60,-292],[-302,-355],[-1,-163],[8,-106],[-47,-54],[-86,-142],[-31,-251],[0,-87],[79,-305],[17,-146],[44,-197],[33,-136],[12,-33],[6,-16],[154,-67],[16,-7],[54,-24],[1,-1],[59,-21],[118,-39],[18,-6],[169,-52],[6,-1],[46,-35]],[[83398,37466],[-31,-76],[-241,-88],[-130,-40],[-191,-61],[-304,-130],[-89,-118],[-59,-12],[9,-53],[-118,-132],[-156,-1],[54,-68],[140,-52],[300,142],[102,-26],[12,85],[323,-29],[-1,-170],[-98,-192],[17,-39],[80,-71],[21,-108],[-19,-153],[25,-190],[4,-149],[-40,-121],[-81,-62],[-139,-3],[-123,-119],[33,-8],[76,-4],[9,-45],[246,-35],[165,109],[60,-32],[19,-75],[-247,-111],[-269,-62],[67,-135],[61,-56],[43,18],[138,-50],[95,48],[54,-38],[-23,-155],[72,-10],[-75,-99],[-38,3],[19,-174],[140,113],[94,3],[85,55],[35,-16],[-19,-125],[-91,-314]],[[82449,34524],[15,127],[34,1],[-50,36],[45,56],[-71,-14],[-51,51],[-199,60],[-34,-245]],[[81077,36661],[6,-6]],[[81083,36655],[-6,6]],[[81841,36346],[10,11]],[[81851,36357],[-10,-11]],[[82186,36107],[-7,9],[-1,0],[8,-9]],[[82141,36559],[-6,-19],[6,19]],[[82117,37582],[26,0],[0,1],[-26,-1]],[[81977,37505],[-4,13],[-3,-17],[7,4]],[[81972,37525],[-20,30],[-40,-20],[23,-61],[25,21],[12,30]],[[82312,37667],[-71,-1],[73,-5],[-2,6]],[[82357,38083],[30,3],[-30,-3]],[[82674,34704],[-28,52],[60,60],[-178,-12],[-19,-41],[13,-56],[63,6],[-1,-32],[90,23]],[[83323,40535],[-58,-17]],[[83265,40518],[-41,15],[-26,67],[90,187],[-300,194],[-155,257],[-5,9],[-219,416],[-25,116],[-29,158],[-112,11],[45,143],[-118,20],[-36,80],[27,54],[40,84],[42,66],[46,214],[16,85],[-255,41],[-116,64],[-591,434],[-157,216],[-189,185],[-37,149],[63,101],[124,127],[34,86],[-188,186],[-226,168],[-26,271],[-78,27],[-294,-69]],[[80569,44680],[-124,423],[-69,20],[-43,79],[87,326],[-1,77],[-118,142],[-96,91],[-293,254]],[[79912,46092],[88,112],[491,-14],[71,-33],[432,11],[148,43],[-24,78],[51,26],[3,46],[-56,10],[-24,-30],[-109,70],[-126,150],[17,347],[-60,180],[-64,72],[550,22]],[[81300,47182],[201,-63],[173,-165],[129,-24],[31,-141],[160,-26],[143,-23],[38,-81],[88,-178],[164,-230],[-102,-143],[-4,-32],[-6,-73],[57,-139],[-5,-165],[240,-148],[162,-159],[163,-33],[90,-42],[154,-343],[-8,-399],[-2,-108],[-60,-462],[80,-28],[852,-16],[67,29],[35,84],[-11,162],[4,42],[219,260],[130,158],[98,128],[201,318],[145,299],[2,164],[-13,96],[-23,65],[-8,117],[48,94],[-44,167],[63,145],[142,70],[207,-452],[219,-276],[233,-302],[93,-188],[7,-116],[-25,-102],[-23,-94],[-69,-216],[-13,-86],[1,-89]],[[85723,44438],[0,-148],[-23,-97],[-205,-284],[-65,-158],[-3,-32],[353,-2],[-179,-219],[173,-215],[104,-100],[155,353],[551,150],[209,55],[84,-18],[3,-14],[13,-2],[7,-5],[-3,-9],[17,-4],[-9,-9],[11,-5],[9,12],[2,-8],[9,5],[-3,6],[7,-10],[7,-1],[4,13],[1,-8],[11,-3],[36,48],[7,-18],[25,9],[-2,18],[48,-10],[69,43],[-141,-159],[-28,-108],[-12,-47],[-91,87],[88,-117],[-100,-342],[-76,-75],[58,86],[-18,1],[-7,32],[-26,17],[4,47],[23,26],[44,14],[14,27],[-2,22],[10,5],[-4,10],[13,6],[0,27],[7,2],[-30,69],[-4,-52],[26,-22],[-1,-22],[-13,-4],[-18,-67],[-50,-15],[-18,-24],[-8,-30],[3,-21],[27,-17],[9,-35],[-71,-87],[37,-205],[102,-122],[-18,-51],[4,-44],[15,-48],[-74,-55],[-100,44],[-88,-35],[-45,49],[16,-144],[-155,-37],[-140,-84]],[[86308,42273],[7,86],[-93,97],[-133,-31],[-18,107],[-76,80],[-27,20],[-65,7],[-71,-66],[-34,-36],[-96,-47],[-19,-90],[-64,-146],[-17,-14],[-71,-44]],[[85531,42196],[-24,-9],[-87,-26],[-4,-2]],[[85416,42159],[-1,1],[1,-1]],[[85416,42159],[-8,-4],[-81,-236],[33,-179],[10,-50],[30,-86],[34,-74],[35,53],[3,2],[34,-4],[19,-63],[79,-24],[89,-83],[-7,-33],[-41,-144],[34,-95],[52,9],[5,-14],[30,-64],[80,-8],[46,123],[131,44],[31,46],[-13,60],[136,89],[19,67],[53,8]],[[86249,41499],[48,-123],[25,-161],[-73,-104],[-99,-52],[-137,-124],[145,-91],[78,-104],[-67,-83],[28,87],[-86,-47],[52,6],[-4,-33],[-208,50],[-106,51],[111,-83],[-137,-234],[271,-38],[19,-87],[-8,-82],[-119,-54],[-128,-69],[-149,-190],[-73,-93],[-72,-107],[-120,-200],[-171,-172],[-42,-40]],[[85227,39322],[-71,40],[-102,12],[-80,60],[-63,21],[-45,6],[14,30],[-158,152],[-115,6],[-97,51]],[[84510,39700],[23,95],[123,91]],[[84656,39886],[0,17]],[[84656,39903],[267,236],[44,44]],[[84967,40183],[3,1],[-3,-1]],[[84967,40183],[-30,42],[-11,13],[-6,8],[-225,235],[0,1]],[[84695,40482],[31,79],[-49,20]],[[84677,40581],[-201,50]],[[84476,40631],[-367,35]],[[84109,40666],[-74,30],[-116,-14]],[[83919,40682],[-20,-12]],[[83899,40670],[-151,-214],[-41,-99],[-104,13],[-147,119],[-133,46]],[[86069,41623],[-1,5],[50,40]],[[86118,41668],[1,5]],[[86119,41673],[8,10]],[[86127,41683],[-4,-11]],[[86123,41672],[21,-2]],[[86144,41670],[-4,9]],[[86140,41679],[45,15]],[[86185,41694],[42,-114],[-158,43]],[[83343,42685],[17,12],[-17,-12]],[[82802,43073],[-64,-103],[64,103]],[[81374,46257],[7,-9],[-7,9]],[[85434,39816],[-60,29],[-48,-47],[19,-15]],[[85345,39783],[97,-22],[13,16],[-21,39]],[[86416,40888],[1,-66],[121,-191],[-57,66],[6,-22],[91,-90],[87,-206],[-67,-50],[-69,33],[3,-59],[-59,-73],[-60,42],[-67,182],[143,102],[-23,88],[-84,49],[29,56],[-31,20],[29,15],[-31,104],[-18,-108],[34,-39],[-32,-44],[106,-149],[-140,1],[-55,147],[23,113],[-26,166],[65,209],[81,-296]],[[85328,42299],[-1,3]],[[85327,42302],[1,-3]],[[87045,43741],[-19,-1],[-14,-25],[-13,16],[-39,-48],[-10,11],[-5,-14],[-14,11],[1,-8],[-8,6],[-16,-10],[9,13],[-19,2],[3,10],[-13,7],[-7,-1],[-1,15],[-8,0],[-99,249],[191,-3],[141,-4],[44,-191],[-104,-35]],[[86470,49800],[-33,-172],[-74,-179],[-125,-92],[-96,6],[-252,-185],[-116,-45],[-119,141],[-79,128],[-47,-86],[-254,12],[-110,-29],[-61,25],[30,148],[-34,77],[-101,34],[107,234],[-6,231],[-317,200],[-9,2],[-1,0],[-175,41],[-243,-57],[-156,166],[-596,-40],[-65,-51],[-118,-50],[-84,53],[31,117],[-74,154],[-73,35],[-108,197],[-127,-2],[-68,-67],[-107,53],[-24,139],[-146,26],[-21,165],[-130,104],[-220,-1],[-162,66],[-127,-18]],[[81980,51280],[-37,227],[83,219],[-4,136],[134,111],[4,125],[-51,75],[15,127],[143,54]],[[82267,52354],[132,-12],[0,75],[70,-9],[154,178],[-194,186],[-41,90],[114,170],[60,47],[320,59],[42,-59],[114,-40],[72,38],[0,112],[116,125],[-29,38],[14,87],[-53,74],[31,38],[-11,66],[11,130],[110,-34],[101,31],[68,-22],[31,-53],[162,-77],[58,126],[218,197],[157,126],[39,-7],[145,-393]],[[84278,53641],[32,-170],[39,-31],[105,78],[90,248],[372,188],[240,46],[117,36],[140,252],[164,35],[216,-47],[338,-27],[186,95],[196,-14]],[[86513,54330],[126,-12],[57,34],[96,-80],[69,-90],[67,-69],[132,-59],[19,-39],[155,-5],[97,-62],[28,-17],[42,40],[100,45],[129,-186],[108,-114],[71,-167],[61,-30],[63,-198],[95,-64],[9,-27],[47,28],[184,-31]],[[88268,53227],[95,-213],[-32,-76],[11,-81],[57,-71],[-29,-68],[-572,-80],[-11,-16],[86,-42],[73,-107],[11,-222],[-63,-16],[37,-72],[-84,-17],[28,-102],[64,-15],[71,70],[75,-102],[-114,-200],[-29,-384],[114,100],[37,-168],[215,16],[171,83],[99,-31],[45,-147],[114,-121],[138,-57],[170,-37],[160,-1],[69,-99],[-31,-82],[-22,-18],[25,-52],[7,-8],[107,-126],[119,-160],[193,-104],[111,-102],[43,-26],[104,-81],[156,-92],[104,-41],[-11,-27],[74,-8],[-127,-161],[-24,-109],[-76,28],[76,-28],[260,-182],[-446,-656],[-113,32],[-26,-59],[44,-173],[-42,-30]],[[89779,48686],[-196,-108],[-182,15],[-12,3],[-145,34],[-96,32],[-139,221],[-103,102],[-35,36],[-152,62],[-232,180],[-32,28],[9,56],[145,98],[72,309],[2,133],[-78,106],[-81,74],[-121,122],[-44,224],[-56,8],[-40,-48],[-59,-158],[-92,54],[-203,78],[18,290],[-46,20],[-137,-260],[-69,-66],[-68,-23],[-238,109],[-84,-53],[-48,-69],[-20,-273],[-124,-64],[-168,129],[-75,153],[-133,72],[-84,21],[-90,-167],[-101,-57],[-28,-138],[56,-171]],[[86759,52397],[54,-116],[10,76],[134,83],[-20,10],[-61,-14],[-117,-39]],[[86820,52283],[2,1],[-2,-1]],[[88144,52610],[-31,-28],[-228,15],[159,61],[109,-15],[-9,-33]],[[91474,48271],[-5,1],[-98,21],[-82,65],[-21,97],[38,301]],[[91306,48756],[311,267],[71,-57],[-23,-35],[56,29],[239,-223],[37,-54],[3,-108],[-186,-44],[145,-36],[17,24],[47,-21],[-2,35],[63,-75],[15,-40],[-59,52],[-73,-135]],[[91967,48335],[-270,-18],[-223,-46]],[[92836,48028],[-73,-79],[-95,-7],[-191,79],[-146,-71],[-189,-27],[-65,124]],[[92077,48047],[170,110],[28,-52],[51,-6],[79,81],[279,-36],[152,-116]],[[91232,53163],[43,-42],[-5,-24],[-46,38],[-16,-58],[55,-212],[-33,-24],[-45,196],[47,126]],[[90831,49005],[-90,-4],[-45,-72],[-44,-7],[-74,112]],[[90578,49034],[167,211],[57,128],[23,-19],[7,69],[49,29],[37,-33],[-52,-48],[38,-10],[-2,-66],[-71,-290]],[[79090,44060],[56,192],[-10,74],[82,124],[172,-15],[341,56],[186,-16],[110,29],[373,-10],[85,61],[25,48],[-33,35],[92,42]],[[83265,40518],[-41,-81],[-68,-88],[-44,-142],[-147,-205]],[[78560,43697],[74,34],[206,293],[119,-45],[126,80],[5,1]],[[80227,42985],[-19,-4],[0,-1],[19,5]],[[80138,41905],[-5,-61],[99,73],[125,-4],[5,64],[-186,-13],[-38,-59]],[[80192,42074],[-6,-49],[111,20],[-60,54],[28,75],[-31,13],[-36,-51],[-6,-62]],[[81300,47182],[-10,38],[81,93],[45,140],[105,50],[-91,192],[11,191],[80,80],[14,74],[-26,56],[31,80],[-19,105],[256,72],[55,92],[-66,220],[72,168],[-78,189],[64,81],[55,355],[-76,148],[38,178],[-29,39],[-208,54],[-301,149]],[[81303,50026],[64,101],[50,15],[-13,208],[68,71],[47,11],[21,96],[134,47],[88,-10],[218,715]],[[89779,48686],[40,-98],[15,-624],[362,48],[94,359],[-2,312],[106,-14],[99,339],[85,26]],[[90831,49005],[254,-240],[82,52],[25,93],[70,-20],[44,-134]],[[91967,48335],[78,-97],[32,-191]],[[92836,48028],[-13,-101],[32,-62],[-96,-181],[-188,-143],[-92,-137],[-167,-1],[-98,-183],[-36,-1],[5,-37],[-79,-67],[-31,0],[27,38],[-123,-24],[-146,72],[-69,-37],[-11,88],[-123,90],[-79,-51],[-82,11],[-46,-45],[-184,403],[-465,29],[-123,83],[-21,-588],[-128,-61],[-107,10],[-56,39],[-6,98],[-166,48],[-508,99],[-212,50],[-228,92],[13,96],[-107,59],[96,330],[-188,-69],[-62,75],[-14,97],[-145,107],[-76,68],[27,44],[-32,14],[180,110]],[[88909,48490],[-110,123],[-207,124],[-38,62],[5,99],[-173,-71],[12,-67],[98,-122],[92,-16],[35,-271],[-24,-58],[-28,-40],[66,-24],[78,-106],[40,0],[-30,-23],[79,-67],[0,-39],[25,-48],[30,-17],[16,-65],[-268,-21],[19,-192],[71,-98],[172,-181],[4,-4],[115,51],[85,-4],[50,-181],[-29,-65],[2,-50],[38,-15],[-6,-79],[-174,-14],[-44,-10],[-56,84],[-68,17],[-60,33],[-26,102],[-62,-1],[-87,-20],[-31,-73],[-79,4],[-286,-148],[-101,-69],[-108,-157],[-49,-177],[3,-181],[-140,-36],[-39,-123],[-15,-95],[-37,-13],[-75,-147],[-4,-60],[-52,-30],[-66,-107],[46,-146],[-39,-87],[-70,-48],[-49,2],[25,6],[-50,72],[-54,-5],[-1,-2],[52,-15],[-32,-53],[30,4],[10,-59],[-57,-160],[-32,-134],[-85,13],[29,-59],[17,-86],[-76,-36],[27,-39],[-16,-26],[51,-15],[-53,-52],[39,-28],[4,-67],[-24,-33],[-72,10],[12,-31],[-52,-39],[-95,5],[-2,-95]],[[86955,44601],[-69,-32],[-30,-100],[-8,-28],[-34,-93],[-4,-10]],[[86810,44338],[-17,-23],[-94,-49],[-25,-59],[-22,-115],[-1,-106],[-159,18],[-48,44],[8,44],[-200,-67],[-94,91],[-358,203],[-77,119]],[[82917,46039],[51,-33],[-155,100],[104,-67]],[[88843,48092],[87,-113],[-94,-24],[-63,181],[70,-44]],[[85178,47114],[-196,-112],[-100,-2],[-112,60],[-88,-15],[-276,-209],[-80,-12],[163,-97],[127,24],[70,80],[203,91],[98,37],[143,-23],[66,60],[-18,118]],[[87420,46899],[-2,-2],[2,1],[0,1]],[[87412,46893],[-112,-38],[46,-82],[-97,-25],[-53,-111],[428,-120],[85,64],[-86,94],[-76,-17],[-117,97],[22,67],[-40,71]],[[85642,47384],[-159,51],[73,-23],[86,-28]],[[85857,46764],[13,38],[-6,-16],[-7,-22]],[[85137,46936],[-4,0],[4,0]],[[83990,38348],[-209,-86],[-94,-18],[-205,-109],[-111,-95],[-43,-166],[109,-363],[-7,-42],[-32,-3]],[[83899,40670],[20,12]],[[84109,40666],[-61,-179],[28,-53],[185,-117],[13,91],[95,1],[31,-50],[55,105],[-28,72],[49,95]],[[84677,40581],[48,-20],[-30,-79]],[[84967,40183],[-82,5],[82,-5]],[[84656,39903],[0,0],[0,-17]],[[84510,39700],[-120,-48],[-113,70],[-69,-142],[-74,10]],[[84134,39590],[-2,-1]],[[84132,39589],[-31,23],[-7,6]],[[84094,39618],[-1,-1]],[[84093,39617],[-7,-22],[2,-78],[-45,-74],[78,-70],[79,-44],[43,-120],[22,-61],[-30,-113],[1,0],[53,-53],[46,-43]],[[84335,38939],[-49,-246],[-37,-40],[-14,-15],[-31,-74],[-1,-4],[32,-91],[-57,-60],[-94,-27],[-94,-34]],[[84051,38510],[1,0],[-1,0]],[[83839,38690],[-4,16],[-2,-2],[6,-14]],[[84167,39986],[5,2],[-5,-2]],[[79209,46974],[151,-130],[135,-182],[172,-220],[236,-102],[5,-130],[-52,-81],[56,-37]],[[74291,49563],[85,16],[62,127],[140,14],[96,28],[28,51],[112,58],[169,29],[64,78],[38,0],[404,-200],[62,-81],[100,-27],[17,-105],[-48,-421],[66,-93],[24,-148],[-174,-248],[-107,-260],[-228,-62],[-78,-124],[-140,-16],[159,-277],[92,32],[226,-132],[115,-142],[23,-107],[48,4],[116,-170],[112,-47],[104,11],[-76,102],[42,500],[61,148],[191,182],[-82,54],[-143,-57],[-45,113],[131,176],[-37,154],[24,92],[91,60],[163,120]],[[76298,48995],[11,-12]],[[76309,48983],[140,-53],[150,-203],[201,-146],[41,105],[101,73],[199,-135],[155,61],[41,-24],[9,-122],[49,-31],[19,-90],[99,-35],[218,-7],[133,51],[74,-54],[123,0],[63,-113],[-17,-81],[249,-83],[158,2],[37,69],[164,-16],[102,31],[38,125],[77,37],[77,141],[-44,164],[50,42],[26,93],[302,155]],[[79343,48939],[-19,-84],[-91,-90],[161,-370],[29,-384],[-32,-361],[-209,-452],[27,-224]],[[85016,38970],[-137,-108],[-95,-36],[-105,-45],[-96,-1],[-27,-3],[-47,-12],[-60,-7],[-63,25],[30,72],[-2,70]],[[84414,38925],[-79,14]],[[84093,39617],[1,1]],[[84132,39589],[2,1]],[[85227,39322],[-55,-215],[-82,-84],[-74,-53]],[[84787,39062],[14,15],[-117,40],[-3,34],[-49,-24],[-76,32],[-45,-10],[17,-97],[-46,-11]],[[84482,39041],[57,-66],[111,-11],[137,98]],[[84485,38952],[0,-1],[0,1]],[[84449,38962],[0,-1],[0,3],[0,-2]],[[84414,38925],[2,0],[-8,18],[6,-18]],[[84482,39041],[-7,-6],[7,6]],[[84657,38956],[-6,-27],[-3,-12],[60,-29],[4,70],[-55,-2]],[[84550,38911],[-1,0]],[[84549,38911],[1,0]],[[84631,38848],[9,2],[-9,-2]],[[85531,42196],[0,-1],[0,1]],[[86308,42273],[-49,-5],[-36,-55],[21,-121],[-83,-111],[-10,-92],[15,-126],[19,-69]],[[86140,41679],[4,-9]],[[86123,41672],[4,11]],[[86119,41673],[-1,-5]],[[86069,41623],[10,-31],[69,-7],[101,-86]],[[85837,41675],[1,-1],[-1,1]],[[85837,41675],[-1,1],[1,-1]],[[85612,41862],[8,7],[-6,-5],[-2,-2]],[[85622,42020],[1,0],[-1,1],[0,-1]],[[87081,44431],[-7,80],[28,16],[67,-127],[-64,-74],[-8,24],[-69,6],[-4,5]],[[87024,44361],[-1,1],[-2,-10],[10,-31],[-25,21],[-7,-2],[-1,-11],[18,-12],[-2,-12],[36,14],[35,-19],[-11,-11],[-15,18],[-5,-15],[-23,14],[-18,-2],[-19,8],[-6,-42],[34,-30],[20,20],[-27,-38],[-77,89],[-24,-13],[37,-34],[-27,-7],[-115,37],[1,44]],[[86955,44601],[2,3],[76,-48],[-66,0],[33,-11],[-18,-33],[54,20],[-1,-90],[46,-11]],[[86943,44449],[-2,1],[2,-1]],[[84040,54994],[128,-249],[77,-35],[-39,-10],[44,-17],[-33,-79],[-24,-58],[53,-148],[60,-427],[5,-261],[-33,-69]],[[82267,52354],[-210,133],[-73,20],[-110,-55],[-105,139],[-77,15],[-225,-83],[-135,168],[-109,272],[26,26],[128,-54],[117,192],[2,49],[115,151],[81,28],[-23,66],[32,68],[271,68],[198,322],[128,-38],[186,436],[35,37],[7,131],[-42,139],[71,140],[87,42],[30,28],[161,193],[101,60],[51,152],[194,44],[188,167],[151,79],[20,109],[85,36],[1,88],[119,105],[63,-5],[12,36],[5,52]],[[83823,55910],[125,-142],[27,-172],[120,-139],[-37,-264],[-41,-41],[23,-158]],[[88204,54523],[75,-154],[302,-295],[118,-166],[164,-188],[109,-60],[-113,-29],[-12,-45],[-82,-48],[-7,-78],[-101,55],[-166,-20],[-93,-75],[-130,-193]],[[86513,54330],[17,618],[-79,189],[35,50],[25,-72],[26,15],[14,62],[80,-38],[-8,36],[39,7],[-38,-2],[13,33],[75,28],[31,-1],[15,-68],[-22,33],[-68,-22],[66,19],[14,-35],[101,-11],[137,-3],[216,-146],[41,84],[68,-23],[-121,-73],[-130,-188],[-73,-34],[-258,-60],[69,-159],[-25,-52],[2,-24],[386,229],[89,138],[208,178],[27,-41],[18,0],[-3,-22],[12,-6],[-27,-12],[27,5],[2,9],[-12,5],[3,24],[-48,47],[46,35],[78,-46],[-48,6],[17,-72],[-13,71],[31,-29],[15,27],[-68,64],[91,-10],[-19,-25],[7,-24],[-17,-37],[5,-11],[22,-10],[-29,-23],[31,22],[-25,17],[15,39],[-8,25],[20,27],[52,-2],[107,-30],[-24,-25],[6,-30],[-37,-25],[-42,11],[12,-71],[-9,70],[43,-14],[35,27],[-3,32],[38,25],[5,-49],[44,-34],[1,-63],[19,-4],[12,8],[6,-6],[4,-17],[-30,-12],[33,12],[-6,20],[-4,4],[-31,-4],[-3,66],[-42,33],[22,47],[165,-56],[42,-43],[4,-82],[13,32],[23,-15],[-34,24],[22,15],[100,-23],[26,5],[31,-121],[-4,-275]],[[86534,55239],[-14,-116],[-30,92],[-18,22],[-58,12],[-20,59],[-56,29],[72,46],[63,-94],[38,-10],[23,-40]],[[86432,55378],[-31,62],[47,-14],[-16,-48]],[[86565,55523],[-1,-72],[-53,-65],[-51,0],[-7,89],[-50,46],[162,2]],[[85798,55633],[35,-318],[134,-275],[-12,-40],[-22,40],[-109,-44],[13,-53],[-52,-14],[-12,436],[-46,60],[30,181],[-202,-36],[-64,201],[-64,68],[-165,171],[-28,53],[24,47],[-16,97],[208,515],[232,-6],[94,187],[98,-23],[54,-64],[-86,-195],[-73,20],[-95,-44],[-1,-214],[149,68],[127,2],[60,24],[61,124],[192,14],[20,-37],[-88,-3],[-45,-42],[-3,-25],[-34,22],[20,-31],[16,3],[21,35],[13,-65],[-85,-71],[20,-98],[41,-21],[4,-65],[126,-63],[-4,-41],[12,-94],[66,-52],[-45,-121],[-71,4],[-8,-76],[-126,-67],[-314,-74]],[[85371,57292],[45,8],[2,-51],[-50,-22],[8,-92],[-335,-256],[-96,1],[69,44],[56,115],[-10,89],[182,179],[129,-15]],[[88530,57819],[-32,-97],[-91,34],[51,61],[72,2]],[[84126,58083],[-39,-126]],[[84087,57957],[-16,-63],[-119,-64],[54,-88],[-15,-87],[125,-85],[2,-52],[67,-77]],[[84185,57441],[82,-72],[118,-283],[12,-259],[-10,-96],[-75,-80],[-67,-43],[-103,5],[-18,-142],[-50,-121],[90,-145],[-22,-132],[-244,-71],[-75,-92]],[[81303,50026],[-155,9],[-57,-152],[-170,-59],[-216,-161],[9,-122],[-86,-126],[-105,-4],[-141,-63],[-231,-375],[-258,74],[-284,-46],[-266,-62]],[[76309,48983],[-11,12]],[[76298,48995],[26,158],[-100,175],[-44,20],[-44,-28],[-150,27],[-122,40],[-28,103],[-105,-19],[11,98],[-34,54],[74,72],[34,145],[49,25],[36,112],[-64,67],[40,166],[150,66],[232,191],[19,206],[20,124],[-48,154],[33,102],[-81,98],[131,101],[-37,89],[106,52],[99,-76],[95,0],[92,169],[140,11],[101,78],[-109,111],[-11,91],[76,91],[10,106],[54,43],[-118,77],[-188,-78],[-67,137],[75,23],[-49,95],[68,72],[15,88],[-103,74],[-216,-49],[9,226],[177,42],[60,199],[113,-20],[172,71],[170,-31],[81,99],[105,27],[-66,150],[57,166],[45,5],[95,-69],[26,57],[74,3],[58,110],[52,-26],[-11,75],[188,-3],[18,124],[159,167],[174,28],[60,-45],[161,135],[44,141],[-85,-18],[-47,26],[-44,125],[-64,32],[-72,116],[-97,-10],[-66,-93],[-76,-6],[-106,130],[128,146],[-43,102],[18,50],[-73,32],[21,80],[152,118],[1,114],[56,52],[-52,68],[-85,-3],[-115,67],[242,197],[6,186],[137,66],[82,100],[152,30],[-12,62],[128,220],[143,-76],[58,-169],[176,45],[64,-28],[181,178],[177,-23],[65,86],[55,91],[-6,200],[44,20],[34,104],[56,-9],[55,83],[-18,41],[-148,71],[-23,134],[71,13],[-40,98],[13,103],[39,31],[-20,133],[62,44],[-7,161],[128,205],[24,121],[96,-10],[54,-153],[129,124]],[[79935,57694],[166,-149],[56,141],[187,39],[26,62],[123,3],[20,62],[23,53],[118,-7],[53,-76],[107,-8],[236,166],[23,9],[68,37],[32,105],[-93,192],[13,97],[-78,68],[-91,210],[55,197],[87,153],[-97,104],[0,129],[-57,22],[17,141],[52,25],[-24,134],[52,147],[56,24],[64,358],[-21,90],[24,194],[70,-73],[157,-42],[28,-39],[200,138],[102,-10],[64,36]],[[81753,60426],[8,-4],[78,-36],[75,3],[-23,-81],[142,-67],[56,8],[40,10],[48,-80],[7,-50],[123,-27],[59,72],[64,-37],[72,57],[41,-21],[93,-114],[38,-115],[61,-22],[50,-13],[-32,-37],[4,-138],[23,-70],[31,-45],[77,-142],[6,-3],[2,-64],[177,-239],[86,-252],[91,12],[117,-109],[69,4],[52,-7],[25,-109],[190,16],[31,4],[18,4],[153,6],[64,-7],[129,-33],[31,-127],[87,-68]],[[84216,58505],[32,-140]],[[84248,58365],[-22,-44],[4,-47],[-108,-116],[24,-24],[-20,-51]],[[80818,53266],[-80,-20],[80,20]],[[79640,50068],[-118,132],[-22,84],[-58,22],[-44,92],[20,70],[-57,30],[-19,115],[-187,59],[-72,141],[-233,54],[-4,39],[-38,98],[-133,95],[-7,107],[-183,9],[-51,-29],[59,-268],[-58,-116],[15,-67],[-321,-289],[92,-14],[93,56],[133,-100],[306,-105],[48,-94],[47,-20],[-17,-56],[71,-51],[28,-79],[-65,-83],[23,-44],[-69,-120],[46,-18],[-35,-68],[63,-5],[-6,-39],[44,-35],[-10,-64],[-55,-43],[6,-104],[81,131],[9,119],[24,-8],[22,51],[30,-19],[47,68],[44,-31],[50,54],[91,12],[30,60],[115,-19],[44,49],[185,12],[127,59],[-29,71],[-81,8],[-21,91]],[[78427,51180],[-12,-4]],[[78415,51176],[12,4]],[[78415,51176],[-10,-2],[10,2]],[[83065,56149],[0,-5],[1,0],[-1,5]],[[83803,58668],[-5,-11],[28,9],[-23,2]],[[81600,59076],[-4,5],[3,-6],[1,1]],[[85816,58625],[-69,8],[-228,26],[-51,13],[-50,14],[-27,8],[-81,24],[-41,11],[-95,25],[-76,17],[-93,19],[-55,7],[-59,-2],[-126,-26],[-119,-34],[-133,-42],[-44,-14]],[[84469,58679],[-15,9],[-52,8],[-36,8],[-156,-7],[-65,-34],[71,-87],[0,-71]],[[79935,57694],[-60,46],[-27,94],[-88,136],[3,154],[-33,101],[-59,27],[-41,77],[12,142],[-38,90],[1,8],[-1,94],[42,68],[-35,84],[52,177],[106,268],[11,180],[-52,-1],[-36,61],[-46,-15],[-99,132],[38,5],[51,80],[155,1],[80,93],[50,280],[59,137],[28,227],[29,29],[-3,113],[79,141],[97,-23],[18,79],[77,17],[48,111],[120,-12],[36,-61],[92,44],[-20,108],[59,26],[137,94],[-43,213],[37,43],[20,154],[114,0],[84,-153],[182,13],[93,-39],[29,-52],[92,-25],[2,-87],[10,-48],[133,-65],[43,-3],[23,53],[3,49],[104,119],[76,-13],[91,41],[45,205],[129,-72],[74,33],[132,-24],[31,-57],[184,36],[159,76],[158,-115],[47,-6],[59,-130],[71,-14],[26,-140],[66,24],[72,37],[28,102],[16,23],[176,-54],[-1,206],[108,72],[6,63],[93,-129],[38,1],[57,5],[42,-144],[112,-11],[53,60],[149,-75],[104,75],[36,124],[43,29],[115,-126],[11,-68],[47,-12],[70,46],[74,-97],[51,19],[5,15],[88,16],[156,115],[161,-40],[54,-78],[157,32],[-6,-98],[61,-4],[54,91],[61,5],[214,-44],[199,79],[24,-326],[258,-172],[8,67],[75,87],[-24,92],[74,264],[119,-186],[291,-94],[49,-102],[111,-43],[-3,-47],[71,-34],[-4,-70],[119,-139],[289,-78],[134,83],[95,-34],[-167,-105],[-109,-172],[-305,108],[-61,-22],[-39,-39],[11,-54],[-172,-28],[-72,32],[-206,-75],[-29,-71],[40,-95],[48,8],[62,-76],[191,31],[125,-35],[147,-145],[34,-97],[-29,-104],[25,-49],[-74,27],[-84,-157],[-85,-38],[-36,-91],[-115,18],[-102,-385],[-8,-186],[-137,-342],[-478,142]],[[88720,60189],[-58,-73],[-125,-32],[-79,-11],[-110,96],[-179,117],[-55,35],[-188,168],[-123,111],[278,6],[215,-3],[31,0],[107,0],[145,-1],[56,-1],[65,-97],[13,-21],[11,-44],[-20,-106],[-2,-28],[5,-39],[13,-77]],[[87664,60442],[-33,65],[113,5],[103,-119],[108,-119],[104,-97],[-23,-41],[-115,-3],[-13,-69],[-150,30],[12,77],[-55,10],[2,87],[-37,49],[14,55],[-30,70]],[[81753,60426],[-56,124],[7,-17],[49,-107]],[[80363,59711],[-9,-7],[-11,-9],[20,16]],[[84737,58359],[36,-98],[-46,-111],[36,-20],[20,55],[31,143],[-18,53],[40,11],[-20,192],[118,120],[42,-82],[-29,-215],[36,-84],[33,-22],[-2,-90],[31,-28],[97,49],[222,-216],[20,92],[247,202],[384,-19],[-85,-109],[-213,9],[-52,-82],[30,-48],[175,10],[65,-58],[50,-107],[-17,-99],[31,-99],[-127,-51],[-15,68],[-137,54],[-37,-70],[-73,54],[0,32],[29,-24],[-16,30],[-19,-8],[4,-35],[71,-54],[37,24],[1,46],[144,-81],[3,-40],[-64,0],[6,-65],[-41,15],[-11,-115],[-61,-109],[-122,-58],[-2,63],[-59,8],[-53,147],[-47,-22],[-27,35],[-322,-53],[-71,-24],[-141,55],[-68,-30],[-99,14],[-231,-37],[-159,-71],[-27,61],[-48,-20],[-20,28],[-12,-34]],[[84087,57957],[84,-68],[50,-105],[14,171],[24,282],[58,-38],[77,14],[37,148],[59,57],[126,-111],[121,52]],[[84469,58679],[166,-224],[-1,-21],[-42,-28],[-12,-29],[24,-26],[-24,11],[-59,90],[-60,13],[-41,-38],[-68,-216],[-62,32],[-42,122]],[[86468,57875],[144,99],[-36,54],[20,25],[59,-59],[32,12],[-3,-44],[9,45],[-42,5],[40,77],[146,-38],[9,-98],[119,-2],[-64,-87],[-23,22],[-20,-7],[30,-21],[19,3],[65,79],[40,-37],[85,23],[16,-28],[-47,5],[-4,-48],[-46,39],[-56,-6],[-17,-45],[65,47],[54,-43],[10,49],[78,-33],[-115,-112],[-13,-88],[-117,85],[-437,127]],[[87602,58754],[237,-90],[60,-68],[19,-113],[-197,-85],[-115,26],[-208,41],[-173,125],[-92,71],[-45,88],[131,166],[260,64],[75,-65],[17,-62],[76,-35],[-45,-63]],[[87359,57298],[7,9],[-18,100],[-65,3],[-81,-65],[-45,52],[-21,79],[26,93],[114,109],[198,6],[245,-107],[9,-78],[1,-91],[-41,-448],[1,-9],[-39,-66],[-60,9],[-84,158],[-82,23],[-11,16],[-10,10],[-22,24],[-20,20],[-118,91],[116,62]],[[111817,47262],[67,19],[60,34],[51,-50],[99,-13],[39,24],[-33,11],[71,27],[32,19],[-43,66],[78,31],[14,-51],[47,16],[1,60],[40,20],[46,-9],[4,-117]],[[112390,47349],[84,1],[-14,194],[54,25],[54,14],[56,9],[49,-7],[20,3],[54,10],[47,15],[35,15],[21,14],[20,18],[40,32],[47,43],[26,44],[11,24],[101,55],[73,9],[24,11],[34,22],[19,8],[60,0],[62,1],[25,10],[42,25],[2,-8]],[[113436,47936],[14,-21],[10,-3],[5,4],[-5,14],[23,0],[39,-20],[56,-50],[37,9],[45,-16],[20,-93],[57,-23],[6,-16],[-40,-129],[48,-83],[-1,-120],[97,-46],[11,-1],[105,-104],[-6,-66],[-48,-17],[-4,-22],[20,-23],[15,13],[21,-30],[1,-18]],[[113962,47075],[-65,-93],[-111,-13],[-28,-14],[-42,-9],[-21,-11],[-23,-7],[-2,0],[-19,-4]],[[113651,46924],[-34,2],[10,43],[-33,4],[-2,0],[-25,4],[-23,2],[-16,5],[-28,-21],[-1,1],[-26,-13],[8,-9],[-10,-14],[-48,-14],[-10,-4]],[[113413,46910],[-1,0]],[[113412,46910],[-24,-16],[-2,-1],[-42,-26],[16,-28],[-19,-43],[3,-32],[57,-57],[23,-11],[40,-2],[11,1],[57,22],[21,38]],[[113553,46755],[80,-16]],[[113633,46739],[2,-15],[-19,-15],[42,-24],[19,-70],[-72,-76],[-16,-168]],[[113589,46371],[-46,-72],[-24,-65]],[[113519,46234],[-84,-83],[-66,-37],[-27,-34],[-68,0]],[[113274,46080],[-109,-20],[-131,-47],[-62,-18],[10,64],[-87,95],[-79,-22]],[[112816,46132],[-195,45],[-44,21],[10,40],[-42,13],[-30,-11],[11,-58],[69,-39],[-22,-38],[71,-45],[18,-67]],[[112662,45993],[-31,-16],[-34,-9],[-7,4],[-28,-13],[-84,-6],[-19,-62],[-34,-4],[-18,-29],[-37,-26],[-10,-29],[-37,-17],[-124,-34],[-58,-6],[-50,-21],[-14,-54],[-29,-3],[-40,-40],[-50,6],[-51,45],[-65,16],[-56,20],[-25,10],[-64,0],[-31,-4],[-67,-46],[-48,-1],[-80,-6],[-69,53],[-40,10],[-51,-1],[-19,15],[-15,2],[-78,15],[-33,6],[-20,-41],[-38,5],[-23,116],[51,45],[63,113],[-26,148],[-22,30],[-51,-20],[-58,-7],[-56,9],[-37,9],[-46,21],[-4,1]],[[110899,46197],[-40,109],[61,40],[63,26],[112,-23],[52,46],[92,124]],[[111239,46519],[259,218],[97,197],[37,295],[42,42],[33,10],[23,-15],[87,-4]],[[111141,46866],[16,76],[-31,12],[-33,80],[-69,147],[80,171]],[[111104,47352],[40,-14],[-1,54],[30,10],[86,-35],[0,-65],[17,20],[6,-51],[17,-26],[71,12],[-32,69],[94,-94],[82,13],[-44,-170],[-56,-104],[-90,-64],[-38,-117],[-60,-42]],[[111226,46748],[-109,85],[24,33]],[[112420,46153],[-1,2],[0,-2],[1,0]],[[112842,46324],[-80,-5],[-13,-48],[97,-23],[-4,76]],[[111801,46520],[1,0],[2,1],[-3,-1]],[[112280,46149],[-1,0]],[[112279,46149],[1,0]],[[112390,47349],[0,-2],[1,0],[-1,2]],[[113051,47075],[-7,-4],[1,0],[6,4]],[[112901,47115],[63,85],[-43,60],[-127,-118],[107,-27]],[[112973,47208],[4,4],[-31,32],[27,-36]],[[112928,47269],[2,5],[-2,-5]],[[112714,46810],[0,-8]],[[112714,46802],[0,8]],[[113361,46309],[0,1],[-1,1],[1,-2]],[[113475,46980],[-1,-1],[1,0],[0,1]],[[113557,47068],[1,0],[3,2],[-3,-1],[-1,-1]],[[112361,46167],[0,-1],[2,0],[-2,1]],[[115733,49175],[-11,-20],[95,-32],[29,-9],[-30,5],[-96,29],[-32,-6],[-21,56]],[[115667,49198],[15,24],[29,39]],[[115711,49261],[68,-63],[32,12],[1,2],[-50,75],[-39,-11]],[[115723,49276],[8,23],[-2,47],[-102,-24],[-1,1]],[[115626,49323],[2,2],[-2,-1]],[[115626,49324],[-1,1],[-1,1],[-16,40],[-6,4],[-41,33],[-35,63],[14,45],[0,7],[-33,13],[-31,-2],[-51,-33],[-6,-113],[-3,-7],[-5,-8],[-9,-13],[-35,-17],[-38,37],[-34,-17],[-14,15],[-15,10],[-4,-11]],[[115262,49372],[1,-8],[-99,-121],[-12,-59],[5,-70],[8,-54]],[[115165,49060],[1,-2],[1,0]],[[115167,49058],[53,-25],[49,38],[37,-6],[77,-44],[10,-20],[27,-7],[32,-25],[6,-8],[28,-38],[45,15],[33,7],[31,29]],[[115595,48974],[55,-27],[20,46],[-75,-16]],[[115595,48977],[3,60],[10,14],[3,16],[6,32],[32,27]],[[115649,49126],[49,-65],[29,-3],[4,36],[34,-9],[-56,-64],[20,-4],[44,-72],[-40,-66],[-51,-20],[-31,-14],[-2,0],[-7,-3],[1,-3],[-5,-13],[-6,-15],[-23,-40],[-6,-46],[50,-48],[43,-61],[14,19],[-11,-26],[62,-59],[7,23],[-36,18],[51,23],[2,1],[14,54],[-7,44],[21,68],[10,39],[23,19],[7,17],[32,30],[5,38],[8,60],[83,-33],[33,47],[2,10],[-92,70],[-39,17],[18,32],[112,37]],[[116015,49164],[19,-6],[20,-51],[76,99],[36,1],[35,-50],[54,-93],[146,-1]],[[116401,49063],[-12,-70],[-12,-37],[-3,-30],[-9,-43],[-13,-34],[-18,-77],[-16,-45],[-23,-61],[-2,-30],[-13,-32],[-9,-47],[-14,-28],[-8,-49],[-19,-21],[-18,-30],[-10,-23],[-67,-76],[-42,-49],[-62,-83],[-97,-86],[-62,-73],[-71,-61],[-63,71],[-10,17]],[[115728,48066],[-57,97],[-2,17],[-72,116],[-18,28],[-8,14],[-29,31],[-14,24],[-8,2],[-18,-14],[-54,-5],[-14,-2],[-41,-6],[-52,-15],[-48,-40],[-35,-15],[-35,3],[-11,8],[-10,9],[-27,20],[-39,31]],[[115136,48369],[29,112],[-67,172],[-4,7],[55,28],[5,74],[4,25],[19,46],[29,23],[2,4],[2,33],[12,25],[-28,17],[-79,9],[-33,51],[-13,7],[-56,54],[-7,16],[86,43],[-24,87],[-43,19],[-10,11],[-240,32],[-71,-10],[-45,21],[-17,18],[-17,15],[-12,10],[-28,8],[-116,99]],[[114469,49425],[46,56],[68,28],[62,68],[61,-1],[64,-70],[137,-10],[16,8],[47,41],[52,23]],[[115022,49568],[37,33],[115,-62],[7,36],[-4,16],[15,48],[-1,50],[0,6],[-15,20],[43,19],[18,9],[84,15]],[[115321,49758],[1,-43],[16,-29],[10,0],[22,-6],[40,-20],[38,-19],[16,-1],[3,-1],[14,-9],[37,24],[15,-6],[38,16],[7,9]],[[115578,49673],[1,0]],[[115579,49673],[6,-2],[13,-9],[23,-1],[-1,40],[26,5],[10,23],[8,47],[11,-3],[19,-18],[43,-9]],[[115737,49746],[60,-6],[7,-18],[22,-72],[1,-17],[7,-53],[1,-4],[17,-79],[38,-77],[-5,-25],[-6,-14],[-22,-69],[121,-81],[19,-39]],[[115997,49192],[-78,-34],[-60,-13],[-17,20],[-28,18],[-7,-7],[-74,-1]],[[115839,49082],[9,-42],[-31,4],[22,38]],[[116044,49076],[-1,-4]],[[116043,49072],[1,4]],[[116047,48830],[2,-3],[3,-2],[-5,5]],[[115755,48516],[-3,7],[-1,0],[4,-7]],[[115724,48529],[-88,121],[-12,-12],[90,-111],[10,2]],[[115477,48635],[1,-1],[-1,1]],[[115452,48594],[-19,-10],[-26,-39],[-9,-24],[-89,-52],[38,17],[101,57],[13,23],[8,10],[-17,18]],[[115405,48545],[-6,2],[6,-2]],[[115420,48626],[3,-2],[1,2],[-4,0]],[[115393,48676],[2,0],[-2,1],[0,-1]],[[115516,48688],[1,0]],[[115517,48688],[-1,0]],[[115446,48859],[-9,3],[-41,-13],[-16,-8],[-18,-79],[63,40],[11,40],[10,17]],[[115575,48803],[0,-1],[4,1],[-4,0]],[[115529,48609],[0,1]],[[115529,48610],[0,-1]],[[115436,48405],[3,2],[-3,-2]],[[115431,48513],[1,-2],[0,1],[-1,1]],[[115334,48728],[2,-5],[11,18],[-13,-13]],[[115345,48756],[1,0],[-1,0]],[[115495,49588],[-10,12],[-1,0],[11,-12]],[[115578,49630],[-19,3],[19,-4],[0,1]],[[115838,49307],[-1,-4],[1,4]],[[114929,49427],[-1,-1],[1,1]],[[115032,49285],[1,-1],[8,2],[-9,-1]],[[114924,49494],[2,2]],[[114926,49496],[-2,-2]],[[115779,48315],[2,1],[-2,-1]],[[115690,48908],[4,-2],[-2,4],[-2,-2]],[[115492,48593],[-1,0],[1,0]],[[115248,48522],[0,-1],[0,1]],[[115091,49288],[0,1],[0,-1]],[[117936,58879],[141,-31],[62,-36],[29,-35],[7,-4],[12,-13],[37,-49],[35,-50],[16,-25],[44,-49],[11,-15],[1,-36],[0,-4],[28,-1],[18,-54],[-36,-13],[30,-23],[61,-13],[-77,-34],[56,-62],[-32,-50],[-19,15],[-1,0],[-23,-13],[-11,-24],[3,-17],[43,7],[21,3],[33,15],[3,-57],[16,-50],[10,-19],[31,29],[36,-65],[21,-19],[26,-11],[-28,-43],[46,13],[-17,-36],[11,-4],[8,-8],[33,-39],[24,-59],[57,-3],[13,-27],[9,19],[-58,36],[-27,61],[17,26],[26,-22],[43,39],[-25,-82],[45,0],[7,-67],[-18,-64],[7,-40],[-24,7],[-16,-100],[1,0],[75,-35],[-44,-54],[-9,-46],[-38,-31],[-36,92],[-23,-14],[-24,-138],[-38,29],[-7,-68],[-40,90]],[[118518,57508],[-39,-63],[-66,-11],[39,36],[-12,48],[-10,28],[-61,55],[-48,23],[54,45],[-18,19],[-43,-10],[-33,-27],[6,-51],[-18,-25],[-41,28],[0,-28],[-44,12],[3,59],[4,29],[-7,13],[-78,-13],[-2,32],[-1,42],[18,20],[-39,18],[-32,29],[-20,54],[16,68],[3,42],[4,51],[22,52],[18,41],[22,38],[16,20],[15,23],[-7,9],[-45,8],[-9,20],[-41,6],[-17,63],[49,21],[33,8],[-8,33],[-4,4],[-3,-2],[-47,-12],[-40,3],[-16,8],[-41,17],[-35,14],[-45,15],[-34,28],[-28,40],[-39,40],[-67,88],[2,68],[-3,55],[22,72],[92,41],[-13,19],[85,16],[49,-8]],[[118310,58955],[45,61],[25,-35],[50,-9],[1,-31],[-94,13],[-18,-35],[-9,36]],[[118501,59110],[1,-44],[-60,-48],[-13,71],[72,21]],[[118566,57377],[-1,-78],[-58,0],[7,93],[52,-15]],[[117942,56953],[47,-45],[-69,-50],[-28,74],[50,21]],[[118152,56613],[50,20],[-23,66],[70,-43],[-23,-85],[-49,-2],[-32,-12],[-54,63],[61,-7]],[[118147,57779],[4,-20],[1,6],[-5,14]],[[118282,57780],[-7,-11],[7,10],[0,1]],[[118366,57520],[-57,-3],[23,49],[22,-16],[28,12],[18,-69],[-34,27]],[[118650,58146],[10,-37],[-40,-21],[-6,56],[36,2]],[[118915,57836],[-36,-94],[-44,48],[80,46]],[[118688,57763],[-3,-3],[0,-1],[3,4]],[[118119,58341],[3,1],[-3,2],[0,-3]],[[122672,59735],[51,-37],[-42,-37],[44,-61],[16,9],[55,29],[38,-109],[-14,-13],[-3,-19],[-6,-7],[-51,-46],[-57,-21],[-12,-15],[28,-75],[17,-40],[36,-75],[-20,-32],[-71,3],[-16,75],[-10,46],[-21,78],[-30,66],[6,118],[16,74],[-34,51],[-45,-2],[-30,42],[-27,90],[-27,54],[-50,-6],[30,34],[-25,74],[8,66],[-22,66],[69,-43],[53,-66],[9,-136],[74,-91],[63,-44]],[[123104,60841],[5,-3],[-5,3]],[[123098,60858],[3,41],[-6,7],[-62,40],[-75,8],[-96,58],[-56,15],[-15,35],[11,61],[-23,110],[-87,29],[-16,62],[32,58],[1,37],[8,28],[29,49],[-28,24],[26,30],[10,34],[-4,32],[22,21],[-11,25],[47,15],[-4,67],[59,30],[6,60],[-10,14],[-10,27],[-17,72],[7,74],[50,93],[57,13],[59,-12],[41,-15],[-2,-40],[57,6],[66,16],[34,-52],[-4,-43],[10,5],[41,-28],[6,-49],[65,-16],[30,8],[7,-37],[-8,-32],[16,-43],[11,-14],[27,-100],[-46,-59],[-22,-39],[2,-37],[3,-33],[-7,-68],[14,-41],[26,-48],[33,-54],[19,-26],[31,-46],[60,-70],[46,-117],[10,-24],[-87,-35],[-114,-48],[2,-47],[7,-7],[28,-20],[6,-26],[-16,-39],[-36,-40],[-58,-34],[-86,-87],[-54,-33],[-19,-34],[-21,-35],[2,-8],[24,-144],[33,-20],[-22,-102],[-18,-145],[25,-27],[0,-21],[-36,7],[-19,-46],[-23,-21],[-83,-73],[-169,-1],[-14,4],[-21,13],[-57,6],[-18,-10],[-63,-20],[-8,7],[-39,121],[29,88],[10,20],[12,19],[40,59],[33,21],[64,35],[30,30],[28,37],[31,87],[48,61],[5,57],[71,145],[80,72],[0,73]],[[122973,61878],[1,0],[-2,37],[1,-37]],[[124404,62965],[-43,-89],[-15,82],[14,36],[44,-29]],[[124220,62907],[55,-32],[-38,-53],[-19,-5],[-86,40],[12,35],[76,15]],[[124413,62873],[59,118],[-6,-79],[-53,-39]],[[123029,58982],[-20,34],[-30,54],[-24,42],[-25,58],[-8,21],[-1,8],[16,134],[48,26],[92,-59],[19,-4],[22,-14],[44,-31],[38,-56],[48,-66],[-155,-16],[13,-17],[172,0],[15,-59],[43,-85],[-61,-43],[-30,-39],[-26,-20],[-41,44],[-111,43],[-38,45]],[[114072,46999],[-36,-14]],[[114036,46985],[-48,57],[-26,33]],[[113436,47936],[22,90],[18,21],[26,47],[4,53],[41,74],[30,57],[14,20],[8,26],[7,24],[-10,39],[40,33],[28,37],[-59,71],[40,39],[177,71],[11,6],[39,37],[49,0],[65,-18],[17,3],[52,-7],[123,-10],[56,11],[25,13],[21,-10],[19,28],[1,70],[82,2],[75,-115],[12,-17],[0,4],[28,20],[17,-2],[30,40],[13,24],[42,77],[27,24],[14,15],[12,27],[1,8],[2,44],[-10,20],[-59,41],[-17,12],[-51,8],[-24,45],[-40,-42],[-58,17],[-97,86],[95,-6],[112,-26],[-94,40],[-39,75],[-84,44],[94,123],[29,52],[6,3],[30,20],[21,1]],[[115136,48369],[-83,-17],[-16,1],[-45,-8],[-20,-9],[-35,-15],[-14,-8],[-63,4],[-39,-6],[-58,-9],[-4,-2],[-7,-1],[-9,-1],[-11,0],[-11,2],[0,1],[-12,11],[-25,-9],[-23,-15],[-53,-15],[-70,-19],[-10,89],[-25,-56],[-88,-29],[12,-90],[16,-37],[33,-46],[-47,-17],[13,-48],[2,-4],[31,-57],[48,-21],[2,-3],[-19,-137],[0,-1],[25,-151]],[[114531,47646],[-8,-67],[-67,-113],[-10,-49],[-1,-4]],[[114445,47413],[-15,-61]],[[114430,47352],[-14,-22],[-41,-15],[-22,-22],[-11,-22],[-31,-28],[-1,-3],[-32,-37],[-68,-12],[-38,-72],[19,-68],[-14,-80],[-31,-13],[-9,21],[-37,-21]],[[114100,46958],[-28,41]],[[114014,47165],[-1,0],[2,0],[-1,0]],[[113867,47344],[1,0],[-1,0]],[[114086,47583],[2,0],[-2,0]],[[114085,48568],[9,21],[-9,-21]],[[114088,48622],[62,-11],[-7,27],[-55,-16]],[[114471,48628],[-2,2]],[[114469,48630],[2,-2]],[[114276,48654],[-8,5]],[[114268,48659],[8,-5]],[[114235,48167],[-3,0],[3,0]],[[116015,49164],[-14,27],[-4,1]],[[115737,49746],[-4,80],[1,9],[28,31],[25,14],[-1,14],[88,42],[16,35],[-15,18],[-16,48],[19,110],[0,14],[-16,-8],[-37,23],[-30,36]],[[115795,50212],[-1,1],[-3,0]],[[115791,50213],[-33,-1],[-3,-22],[-69,12]],[[115686,50202],[-1,0],[-6,10],[-70,-44],[-16,31],[-48,-24],[-4,2],[-79,67]],[[115462,50244],[119,67],[55,-5],[8,43],[20,53],[81,59],[69,53],[8,-105],[45,44],[-12,70],[35,39],[-27,46],[65,81],[-2,-41],[76,-18],[1,0],[4,12],[-52,40],[13,37],[115,-40],[-12,71],[-43,4],[-15,53],[15,36],[38,-36],[27,-14],[1,3],[-30,48],[14,68],[78,-10],[39,-71],[14,33],[47,-13],[-31,-84],[-12,-48],[-29,22],[-63,-15],[20,-57],[48,-96],[33,91],[80,-28],[57,4],[38,-34],[36,-6],[75,22],[80,-59],[26,58],[63,-35],[16,35],[21,46],[29,-33],[57,43],[43,-51],[-52,-61],[-7,-95],[-54,-13],[-57,49],[-79,5],[-3,-57],[29,-51],[92,0],[16,-87],[30,-19]],[[116758,50297],[-73,-127],[-150,-51],[-11,-8],[-29,-31],[-60,-21],[46,-93],[-154,-173],[-51,-66],[23,0],[20,-1],[16,-1],[29,-18],[68,-8],[44,12],[28,-13],[10,3],[0,-64],[0,-20],[29,-78]],[[116543,49539],[0,-1]],[[116543,49538],[19,-39]],[[116562,49499],[-18,-30],[-76,-83],[-10,-9],[-10,-42],[0,-66],[-33,-59],[-3,-110],[-11,-37]],[[116075,49518],[5,13],[-2,0],[-3,-13]],[[116026,49566],[-8,23]],[[116018,49589],[7,-21],[1,-2]],[[116018,49589],[-7,-2],[7,2]],[[115367,51055],[4,-36],[-33,44],[35,32],[-6,-40]],[[115304,50735],[-32,-49],[-31,43],[-44,62],[76,11],[31,-67]],[[116537,51469],[-40,-195],[-96,-101],[-49,-32],[13,88],[42,113],[130,127]],[[116739,51061],[-71,-58],[-67,146],[0,39],[83,18],[-45,21],[41,79],[99,-156],[74,-17],[-114,-72]],[[115863,49781],[-2,2],[1,-1],[1,-1]],[[115922,50185],[-20,-11],[29,5],[-9,6]],[[115728,48066],[-67,-37],[77,-192],[-28,26],[-1,-25],[-70,-52],[-51,-5],[-8,-4],[-46,-13],[-93,-32]],[[115441,47732],[-43,-19],[-24,-8],[-24,-13],[-4,-2],[-5,-4],[-5,-5],[-7,-2],[0,-11],[-51,-30],[-49,84],[-35,-1],[25,-75],[-67,-22],[29,-132],[-75,102],[-31,-14],[-1,-1],[7,-59],[-25,-38],[0,-19],[-10,-40],[-12,-33],[-19,-5],[-31,-43],[-41,6],[-17,49],[-45,-5],[-42,92]],[[114839,47484],[-47,137],[17,92],[-24,20],[-36,-25],[-69,-14]],[[114680,47694],[-33,-2],[-48,-18]],[[114599,47674],[-68,-28]],[[115441,47732],[93,36],[-1,3],[-99,-28],[-1,0],[8,-11]],[[114604,47909],[11,7],[-12,-7],[1,0]],[[110916,47443],[32,-12],[26,-9],[57,-11],[26,-16],[47,-43]],[[111226,46748],[4,-63],[45,-45],[-36,-121]],[[110899,46197],[-3,0],[-27,-19],[-35,-22],[-70,-5],[-79,96],[-68,-15],[-124,-13],[-22,-9]],[[110471,46210],[-177,99],[13,86],[-62,27],[-27,7],[-11,2],[-18,9],[-24,6],[-21,6]],[[110144,46452],[4,26],[-9,-25]],[[110139,46453],[-25,8],[-12,0],[-49,4],[-88,-2],[-128,36],[-24,12],[-83,111],[-77,77],[-41,-4],[-146,1],[-38,33],[-67,43],[8,46],[9,101]],[[109378,46919],[67,58],[10,140],[-92,84],[-149,113],[-76,38],[-52,20],[-1,7],[-36,7],[-60,6]],[[108989,47392],[-20,19],[-47,26],[-43,35],[1,0],[-14,21],[-2,11],[-9,22],[-2,18],[-2,59]],[[108851,47603],[23,4],[29,-6],[27,-4],[16,0],[31,-28],[9,-16],[14,-12],[36,-22],[13,-5],[48,4],[22,9],[14,12],[25,30]],[[109158,47569],[-32,98],[77,-51],[33,-11],[56,-3],[53,93],[31,-7],[1,-91],[4,-48],[63,54],[12,-32],[15,-8],[63,-13],[49,-4],[40,-9],[17,-1],[73,29],[21,-29],[30,50],[-2,-60],[26,-10],[41,31],[58,-18],[46,-29],[49,-306],[-28,-20],[38,-33],[15,247],[-42,58],[24,48],[37,-19],[83,43],[102,-39],[57,-10],[31,-1],[44,-5],[68,-10],[29,-2],[33,0],[42,0],[28,2],[63,25],[-4,-25],[63,-3],[25,49],[-34,28],[109,-16],[34,-13],[36,-17],[25,-13],[34,-15],[22,-10]],[[110558,47434],[-1,-1],[1,1]],[[110528,47426],[0,1],[0,-1]],[[109584,47517],[1,5],[-1,-5]],[[108903,47549],[-1,-2]],[[108902,47547],[1,2]],[[117660,54878],[0,1],[-1,0],[1,-1]],[[117801,54865],[-33,-9],[-29,-14],[-14,-31],[-16,-58],[-14,-29],[0,-16],[-10,-15],[-5,-34],[17,-29],[9,-12],[10,-11],[40,-17],[76,-67],[-52,-56],[-94,6],[-48,41],[-18,21],[-2,27],[-12,46],[-2,31],[-10,24],[-6,16],[-10,26],[-7,28],[-14,53],[1,56],[-5,45],[11,51],[15,35],[11,23],[5,24],[-2,45],[17,46],[69,57],[50,2],[91,-16],[20,-12],[33,-35],[23,-29],[19,-25],[9,-39],[-9,-57],[-38,-33],[-23,-15],[-11,-16],[-23,-26],[-19,-2]],[[116863,54824],[-27,-8],[-13,76],[46,-2],[-6,-66]],[[117667,53246],[-20,23],[-18,24],[-24,35],[-13,26],[-3,21],[10,20],[43,47],[48,8],[24,-58],[37,10],[41,40],[50,13],[15,-35],[58,-19],[48,-70],[-20,-39],[-22,-48],[-58,-51],[-66,-3],[-29,9],[-62,20],[-39,27]],[[117625,53229],[30,-79],[-19,-37],[-121,67],[110,49]],[[117915,54631],[-21,33],[58,19],[-9,-40],[-28,-12]],[[117941,54616],[3,-119],[-70,-19],[60,44],[-36,84],[43,10]],[[117825,53351],[3,14],[-6,-6],[3,-8]],[[117682,52376],[67,79],[-6,-123],[-64,-2],[-39,-28],[-5,85],[47,-11]],[[114430,47352],[304,-327],[-11,-17],[-15,-28],[-12,-34],[1,-19],[0,-27],[-52,10],[-92,21],[-110,151],[-47,-56],[201,-230],[43,-76],[-42,8],[-18,-91],[-45,51],[-19,-40],[1,-59],[-78,-73],[-11,-30],[-5,-36],[-34,-47],[25,-13],[60,-12],[7,-40],[-81,-31],[-77,-43],[26,-29],[-33,-80],[-36,-3],[-72,-45],[-27,-96],[38,-3],[33,-136],[-26,-10],[47,-65],[-70,-30],[13,45],[-37,37],[-54,-83]],[[114125,45766],[-37,45],[-16,147],[-11,16],[-44,14],[-48,52],[19,114],[-45,16],[-2,-2],[-67,15],[-26,9],[-50,24],[-61,78],[-38,15],[-110,62]],[[113633,46739],[-8,24]],[[113625,46763],[2,14],[-2,5],[-3,10],[-5,14],[20,48],[14,70]],[[114036,46985],[1,-14],[2,-18],[-7,-21],[17,-84],[36,-13],[15,123]],[[114801,47111],[-16,-16],[-88,37],[-6,55],[-68,75],[-119,131],[-59,20]],[[114599,47674],[59,-94],[66,-100],[21,-8],[16,28],[-81,194]],[[114839,47484],[-32,14],[61,-129],[48,1],[78,-77],[-39,-42],[2,-27],[-78,-4],[-72,112],[-56,18],[-11,-74],[98,-134],[-37,-31]],[[112662,45993],[33,8],[20,10],[65,66],[33,37],[3,18]],[[113274,46080],[82,-380],[4,-40],[68,-48],[-44,-29],[-36,32],[50,-88],[-67,-20],[-122,-19],[-33,-37],[-24,30],[-20,-51],[-31,61],[-90,-14],[-68,0],[-138,-4],[-32,-3],[-63,-25],[-12,-2],[-24,-1],[-16,-1],[-81,2],[-97,-101],[-18,66],[-83,-22],[-36,8],[-39,6],[-61,-4],[-24,-7],[-16,-7],[-4,-4],[-11,-39],[-58,-4],[-37,-5],[-33,16],[-12,-37],[-44,13],[-27,-17],[-3,-31],[-37,27],[-73,0],[-25,-9],[-24,-13],[-5,-12],[-67,-44],[-51,-11],[-123,32],[-32,-8],[-39,-63],[-37,-10],[-89,-3],[-92,15],[-24,20],[-24,-11],[-29,-13],[-54,4],[-40,-28],[-83,-65],[-88,33],[-81,-23],[-42,-18],[-36,63],[-84,-2],[-33,18],[-20,12],[-13,16],[-64,7],[-54,-6],[-20,1],[-39,-9],[-122,-39],[-70,40]],[[110260,45175],[4,129],[53,23],[17,102],[197,201],[5,8],[-103,115],[-2,110],[86,26],[27,56],[-94,121],[21,144]],[[113870,45716],[-139,-47],[-50,10],[-4,-53],[-17,88],[-31,-40],[-25,25],[-10,-64],[-20,36],[-16,228],[97,17],[21,54],[-32,102],[-125,162]],[[114125,45766],[-72,-12],[-9,29],[-63,-39],[18,-56],[-40,-14],[-34,41],[-55,1]],[[112214,45433],[1,-1],[0,1],[-1,0]],[[113469,45602],[-47,130],[30,109],[90,-197],[-44,-103],[-29,61]],[[113712,45728],[0,1],[-1,4],[1,-5]],[[115548,50011],[-76,61],[-60,66],[-8,81],[58,25]],[[115791,50213],[4,-1]],[[115579,49673],[-1,0]],[[115321,49758],[91,-9],[42,5],[9,2],[23,9],[16,27],[10,21],[-1,13],[-2,13],[9,24],[8,21],[14,13],[0,15],[5,16],[5,18],[5,25],[1,18],[-8,22]],[[115562,49989],[0,2],[0,-2]],[[115589,49878],[-1,0],[1,0]],[[115594,49866],[0,-1],[1,1],[-1,0]],[[115612,49864],[-1,-2],[1,2]],[[115536,49876],[3,-1],[4,-1],[-7,2]],[[115527,49822],[0,1],[-1,0],[1,-1]],[[115507,49769],[0,-1]],[[115507,49768],[2,0],[-2,1]],[[115507,49768],[-12,-2],[-3,-40]],[[115492,49726],[13,-7],[8,24],[-6,25]],[[115541,49741],[-1,0],[0,-3],[1,3]],[[115492,49726],[-11,-9],[11,9]],[[114930,50407],[27,96],[90,-19],[-10,-75],[-51,-28],[-56,26]],[[115612,49847],[-1,0],[1,0]],[[116723,49701],[-23,-44],[-14,-7],[-23,-15],[-33,-72],[-18,-51],[-50,-13]],[[116543,49538],[6,2],[-6,-1]],[[116758,50297],[11,-71],[70,-62],[116,-47],[154,-146],[-32,-77],[-12,-93],[-77,72],[-70,-18],[17,-65],[8,-71],[7,-28],[-12,3],[-11,16],[-9,-3],[-23,-39],[0,47],[-13,78],[-43,69],[-8,-11],[52,-98],[-4,-69],[-18,-10],[-46,168],[-10,0],[27,-175],[-39,182],[-18,7],[39,-187],[-25,2],[-36,158],[-25,-44],[24,-80],[-29,-4]],[[116941,49640],[35,-50],[-58,-28],[-21,68],[44,10]],[[117049,49606],[-55,28],[39,38],[92,1],[-22,-54],[-54,-13]],[[116696,49671],[1,2],[-1,-1],[0,-1]],[[116582,49697],[0,1],[0,-1]],[[117191,49920],[-7,-66],[-24,16],[31,50]],[[117156,49798],[63,-23],[-39,-54],[-36,12],[-67,28],[79,37]],[[115167,49058],[-2,2]],[[115626,49324],[-4,-12],[4,12]],[[115626,49324],[0,-1]],[[115723,49276],[-12,-15]],[[115667,49198],[-9,-19],[-9,-53]],[[115595,48977],[0,-3]],[[115403,49109],[45,-65],[10,2],[-2,59],[-53,4]],[[115477,49101],[-12,5],[12,-5]],[[113625,46763],[-88,-1],[16,-7]],[[113412,46910],[0,-1],[1,1]],[[113520,46936],[0,1],[0,-1]],[[113556,46949],[1,1]],[[113557,46950],[-1,-1]],[[113506,46946],[2,-2],[-1,3],[-1,-1]],[[113487,46834],[-1,9],[-4,1],[5,-10]],[[113435,46749],[0,1],[-1,0],[1,-1]],[[113482,46861],[0,1],[0,-1]],[[106715,38824],[-18,-15],[33,-97],[-33,-79],[-77,-47],[-49,-59],[-110,-67],[-41,-81],[-44,-92],[-20,-21],[-163,-103],[-32,-31],[-25,-38],[-90,-187],[-129,-95],[-204,-63],[-84,-65],[-74,-55],[-94,-58],[-74,-93],[-36,-24],[-27,112],[-64,-24],[-42,-15],[-102,54],[-167,-48],[-88,-41],[-54,34],[-111,-17]],[[104696,37509],[-55,100],[11,183],[40,116],[-25,35],[-83,70],[-8,54],[42,44],[77,7],[-28,59],[55,9],[14,48],[-98,232],[-79,45]],[[104559,38511],[13,25],[36,-10],[50,-46],[29,13],[17,45],[25,28],[37,33],[87,80],[13,47],[41,108],[-13,119],[-2,7],[-154,218],[-91,226],[-47,-84],[-45,6],[-17,44],[-128,21],[-55,51],[-61,-75],[-80,140],[-83,16],[-104,111],[-65,202],[7,174]],[[103969,40010],[148,-23],[61,-58],[125,1],[71,50],[134,136],[92,43],[64,-33],[184,-35],[48,-25],[92,62],[40,59],[33,32],[29,55],[80,18],[34,46],[-115,38],[9,52],[13,45],[54,51],[-34,38],[10,69],[116,20],[44,86],[160,4],[239,-29],[46,23],[65,44],[49,-26],[89,22],[34,-13],[75,-6],[102,9],[112,75],[159,-29],[45,-4],[32,9],[53,-73],[47,17],[87,9],[82,-16],[41,41],[110,34],[69,-4],[-42,-12],[81,-58],[11,-25],[37,-27],[21,-11],[34,-10],[29,-14],[23,-22],[128,0],[47,-2],[82,47],[45,30],[77,49],[121,-2],[64,11],[66,42],[81,-35],[233,68],[135,29],[-59,64],[-220,-13],[-25,67],[-69,44],[-120,4],[-220,21],[-193,115],[-26,55],[218,-28],[115,143],[-28,-236],[130,-18],[281,-41],[48,184],[-31,86],[146,-32],[63,117],[71,10],[11,-28],[142,110],[20,-37],[80,59],[-6,87],[26,18],[158,-50],[68,27],[41,-12],[-3,-31],[3,32],[96,-23],[76,-40],[95,76],[55,-14],[100,-38],[97,13],[11,-37],[1,32],[153,-102],[60,-19],[39,-376],[64,-225],[38,-22],[33,77],[6,71],[-31,19],[-42,25],[16,64],[11,62],[-62,88],[70,28],[167,-4],[-62,-16],[22,-47],[21,21],[-21,-48],[56,-49],[-41,-21],[42,20],[62,-82],[101,14],[-39,-100],[-25,-45],[67,-12],[50,-78],[-43,-6],[-49,-129],[-5,-72],[45,-30],[-1,-39],[-32,1],[-72,-53],[-40,-42],[-59,-116],[12,-62],[-34,-32],[-4,-19],[-4,-45],[3,-21],[31,-40],[17,-37],[-74,-95],[-29,-140],[-94,-93],[-136,-60],[-201,62],[-32,54],[-17,46],[-31,41]],[[109328,39884],[-118,39],[-57,77],[-95,75],[-106,11],[25,51],[-34,66],[4,43],[-25,35],[25,12],[25,-14],[26,19],[-21,12],[0,21],[9,18],[-22,23],[-16,14],[-3,15],[-26,31],[-45,54],[-50,40],[-35,18],[-39,-53],[-56,-60],[-87,-11],[-25,32],[-73,-7],[34,-68],[-27,-28],[-1,-50],[48,-46],[-154,40],[-192,-50],[-136,-32],[-121,-34],[-79,18],[-35,22],[9,-25],[-67,-19],[-65,-15],[-42,-21],[-16,1],[-8,-13],[-33,-21],[-29,-42],[30,24],[-22,-37],[-14,-31],[-3,-4],[-9,-25],[33,-66],[12,-52],[-32,-43],[-19,-29],[-118,-146],[-76,-81],[-8,-10],[-14,-16],[-9,-20],[-13,-27],[-2,-10],[-4,-8],[-8,-14],[-14,-20],[-10,-38],[2,-39],[-25,-40],[-69,15],[-40,-3],[-38,-9],[-14,-7],[-13,-48],[0,-41],[-28,-22],[-81,8],[4,-47],[-17,-43],[20,34],[-31,-107],[16,-119],[-97,-40],[-83,-34],[-53,-24],[-21,-11],[-12,-8]],[[107578,40060],[-1,6],[0,-6],[1,0]],[[110015,40530],[15,4],[-4,57],[-154,-1],[2,-63],[141,3]],[[106696,41927],[102,27],[22,-41],[-9,-38],[-108,-65],[-145,81],[25,30],[113,6]],[[107427,41302],[-17,16],[41,14],[-24,-30]],[[105831,38108],[10,32],[-18,19],[-43,-28],[51,-24],[0,1]],[[105590,38222],[92,-30],[49,-13],[51,34],[-67,69],[-32,-22],[-118,129],[129,-93],[57,63],[86,74],[29,20],[-134,36],[-209,160],[-37,-49],[-156,-63],[260,-315]],[[106067,38174],[39,-18],[4,8],[47,93],[-19,27],[-42,-57],[-25,-27],[-23,29],[-40,27],[-12,-18],[47,-43],[24,-21]],[[109328,39884],[1,3],[-1,-3]],[[109817,39852],[16,-14],[-16,14]],[[99614,38347],[22,2],[37,-26],[30,41],[28,58],[32,-17],[49,-13],[71,87],[136,-22],[-4,-69],[2,-83],[96,-75],[112,-3]],[[100225,38227],[25,-417],[64,-208],[68,-54],[115,-157],[5,-8]],[[100502,37383],[-68,0],[-239,-5],[-99,-229],[-38,-124],[-51,-191],[114,-257],[10,-81],[28,-35]],[[100159,36461],[-2,-158],[2,158]],[[100159,36461],[58,-17],[25,-71],[28,-58],[71,-32],[35,-64],[-214,-305],[-49,-61],[-15,-19],[-65,-113],[-42,-235],[6,-101],[21,-106],[6,-31],[13,-250]],[[100037,34998],[-144,-28],[-54,-53],[-133,-2],[-241,121],[-95,63],[-93,66],[-120,80],[-148,169],[-144,178],[-71,77]],[[98794,35669],[-47,57],[-98,139],[-32,114],[-39,51],[-222,256],[-68,8],[-23,-87],[-86,-300],[-22,-110],[-48,-151],[-63,-8],[-203,113],[-31,9],[-175,-18],[-139,-11],[-4,0],[-278,115],[-27,67],[-33,18]],[[97156,35931],[29,83],[-34,121],[21,142]],[[97172,36277],[31,15],[52,-40],[79,78],[-93,197],[-42,14]],[[97199,36541],[-36,40],[34,36],[1,63],[51,2],[130,33],[81,33],[-26,56],[0,97],[-74,86],[-9,118],[9,31],[-28,103],[-33,40],[26,104],[10,54],[-19,44],[13,81],[-17,75],[-37,11],[-59,-20],[-61,20],[40,98],[7,53],[77,71]],[[97279,37870],[48,35],[75,101],[75,81]],[[97477,38087],[155,-31],[70,75],[40,97],[66,-11],[46,49],[-53,71],[87,26],[-5,67],[-211,242]],[[97672,38672],[-177,113]],[[97495,38785],[-2,3],[151,90],[-16,48],[44,58],[148,-28],[76,120],[123,31]],[[98019,39107],[41,-39],[985,338],[-15,-59],[24,-40],[1,-5],[14,-55],[-33,-133],[-48,-28],[-1,-58],[-16,-61]],[[98971,38967],[16,-110],[140,-113],[60,-50],[69,-70],[26,-79],[-19,-107],[10,-44],[-57,-45]],[[99216,38349],[42,-4],[64,18],[56,-77],[40,-74],[66,20],[19,49],[29,-13],[82,79]],[[99367,38181],[-29,-94],[29,93],[0,1]],[[99177,38083],[-11,-33],[11,33]],[[99216,38349],[-801,-33],[14,-32],[687,39],[100,26]],[[99622,38105],[0,10],[0,25],[0,-35]],[[99622,38141],[75,1]],[[99697,38142],[-75,0],[0,-1]],[[99697,38142],[1,1],[-1,-1]],[[99932,37763],[1,0],[-1,0]],[[99255,36789],[-63,5],[-74,-90],[-46,-3],[-65,18],[-77,-1],[-69,2],[-40,-102],[35,-150],[19,-58],[-14,-76],[-27,-99],[22,-33],[62,-41],[25,17],[42,-102],[-17,-53],[56,-83],[72,-57],[54,-22],[55,-196],[52,-81],[118,-22],[62,22],[55,74],[40,101],[-42,50],[-73,151],[-24,147],[-7,61],[-30,17],[-7,145],[-101,144],[-14,148],[21,167]],[[99063,37420],[28,-98],[-28,97],[0,1]],[[98674,37261],[0,1],[-100,11],[100,-12]],[[100038,36042],[-17,3],[0,-1],[17,-2]],[[99454,35527],[2,0],[-1,0],[-1,0]],[[98971,38967],[-4,-1],[4,1]],[[99271,37348],[-40,1],[58,-181],[214,-163]],[[99503,37005],[25,70],[-89,74],[-59,148],[-109,51]],[[98961,38146],[-480,-1],[0,-1],[480,2]],[[98590,37887],[-3,14],[3,-15],[0,1]],[[95867,39004],[5,-54],[-55,-23],[-38,-79],[27,-114],[-33,-152],[-55,-101],[69,-134],[69,-161],[-90,-22],[-48,35],[-120,-129]],[[95598,38070],[-57,48],[-44,-9],[-20,34],[26,10],[-112,103],[-60,0],[-24,36],[-47,-36],[-72,38],[-31,-115],[-57,16],[-85,-65],[-18,63],[-6,-40],[-29,14],[-90,-92],[46,110],[-16,52],[-36,-18],[-16,86],[-61,6],[-35,-27],[-27,32],[-98,145],[67,146],[60,-8],[119,30],[38,-4],[19,75],[-192,-41],[-5,39],[74,50],[48,36],[32,46],[52,72],[42,74],[14,105],[88,-4],[29,210],[133,-29],[4,38],[6,106],[-62,-16],[-49,272],[-31,27],[16,100],[-5,27],[-71,33],[11,126],[-8,25],[-7,16],[-6,80],[-4,48],[34,114],[-2,37],[5,14],[27,24],[11,38],[-4,54],[-36,12],[13,36],[-17,12]],[[95072,40481],[118,26],[87,43],[13,18],[40,133],[74,-63],[131,132],[-30,52],[35,-9],[12,72],[6,70],[22,38],[-51,76],[102,71],[17,11],[82,160],[35,-5],[9,-78],[14,-7],[40,-37],[8,-104],[-61,-45],[-61,-37],[-1,0],[25,-36],[166,25],[20,-93],[40,-62],[8,-54],[34,-50],[12,-52]],[[96018,40676],[-34,-58],[-101,-37],[-41,-30],[27,-46],[23,-76],[-22,-29],[5,-87],[50,-17]],[[95925,40296],[12,-26],[-119,-20],[-32,-40],[-56,74],[-55,-72],[-14,-22],[-31,-46],[-127,-22],[-23,-24],[-61,-39],[-5,-148],[42,20],[73,-93],[111,-29],[45,56],[26,-32],[104,18],[32,-74],[35,-23],[15,-13]],[[95897,39741],[31,-64],[26,-89],[28,-30],[9,-16],[12,-47],[-11,-42],[-11,-75],[40,-40],[-53,-89],[-22,-66],[2,-17],[-69,-75],[15,-36],[-27,-51]],[[96243,44359],[-221,193],[-119,120],[-13,91],[142,82],[62,-15],[36,-67],[217,-14],[51,44],[10,35],[-31,69],[-20,184],[394,-27],[117,91],[144,5]],[[97012,45150],[-28,-107],[95,-46],[42,-94],[23,-38],[19,-65],[-42,-110],[-78,-29],[-5,-38],[-61,0],[-6,-12],[-25,-24],[1,-47],[1,-57],[-51,-77],[-119,-16],[-6,-53],[-55,-59],[-64,-12],[-37,-57],[2,-24],[-11,-116],[0,-46],[-22,-50],[-17,-14],[-26,-179],[10,-89],[1,-15],[-1,-89],[-23,-81],[-86,-75],[-50,-70],[22,-78],[24,-50],[-1,-11],[55,-76],[5,-9],[9,-53],[16,-25],[-47,-75],[-14,-18],[-20,-51],[7,-18],[23,-36],[-67,-47],[68,-87],[6,-39],[-12,-51],[25,-70],[-19,-53]],[[96473,42514],[-35,-45],[11,-29]],[[96449,42440],[15,-79],[4,-121],[-12,-1],[19,-128],[53,-10],[6,-18],[10,-31],[-13,-35],[0,-24],[-1,-20],[-9,-50],[1,-12],[-10,-25],[-2,-25],[21,-29],[35,-33],[1,-1],[23,-52],[17,-44],[57,-42]],[[96664,41660],[2,-3]],[[96666,41657],[18,-43],[30,-21],[12,-37],[54,-34],[4,-30],[14,-89],[-17,-43],[9,-11],[59,-27],[-10,-33],[1,-52],[56,-115],[-32,-67],[2,-116],[7,-42],[-31,-13],[27,-76],[15,-75],[22,-56],[11,-43],[20,-38],[-9,-89],[-13,-12]],[[96915,40495],[-36,128],[-56,89],[-80,-6],[-65,-51],[-38,15],[-173,46],[-33,76],[-101,-17],[-49,36],[83,72],[-67,48],[-3,43],[248,54],[74,68],[-2,43],[-24,-4],[4,31],[-112,-64],[-109,-7],[-38,7],[-25,3],[-37,16],[116,109]],[[96392,41230],[-12,-26],[13,26]],[[96393,41230],[84,73],[6,44],[-127,-12],[-146,-97],[-2,-40],[-17,-74],[-24,-23]],[[96167,41101],[-9,6],[-25,14],[-47,13],[-21,73],[-26,59],[-17,43],[20,61],[-42,62],[-18,35],[-25,69],[2,28],[0,21],[-11,42],[-77,193],[-34,110],[16,89],[-26,131],[23,113],[5,57],[-42,78],[10,59],[61,142],[23,156],[24,59],[11,20],[42,72],[12,50],[18,47],[6,42],[40,44],[8,32],[-7,30],[-69,122],[43,49],[-32,76],[-69,-2],[-178,-73],[-118,17],[-104,81],[-107,128],[-181,329],[60,-58],[154,-38],[258,13],[-23,-225],[81,-21],[84,-118],[84,-9],[38,47],[105,-38],[31,30],[72,108],[84,154],[31,52],[9,218],[-23,68],[10,152],[-17,46],[-22,59],[-35,7],[16,34]],[[96191,44722],[-30,-95],[28,-97],[29,65],[-20,124],[-7,3]],[[96683,45335],[-209,-93],[-70,-70],[-163,-21],[-60,74],[2,67],[163,6],[49,50],[84,6],[107,137],[21,43],[-46,24],[-149,-105],[-74,16],[0,105],[194,-11],[6,10],[-112,115],[85,30],[21,-76],[52,12],[-19,146],[267,74],[122,83],[-36,172],[-4,91],[-53,193],[-34,147],[82,122],[91,-61],[155,27],[41,-30],[23,118],[-56,71],[1,100],[11,-38],[87,3],[42,13]],[[97304,46885],[19,-37],[12,-22]],[[97335,46826],[1,-3]],[[97336,46823],[18,-10],[181,-106],[-15,-341]],[[97520,46366],[-3,-2],[43,-162],[-59,-19],[-44,-110],[-20,-21],[-50,-25],[10,-28],[0,-77],[-12,-119],[-19,-30],[-53,-24],[-36,-14],[-62,-114],[51,-84],[-75,-63],[-93,-26],[-20,-75],[-20,-93],[-61,-34]],[[96997,45246],[-139,6],[-163,6],[-12,77]],[[96183,41247],[-13,-10],[14,10],[-1,0]],[[95421,40703],[-40,3],[58,37],[-18,-40]],[[97336,46823],[85,7],[-86,-4]],[[97304,46885],[94,38],[48,-17],[30,35],[39,21],[55,44],[51,36],[54,41],[44,183],[-8,106],[-29,79],[19,42],[18,106],[31,58],[168,6],[-26,76],[53,22],[-57,6],[-21,86],[210,-19],[-37,-95],[75,-32],[-28,-85],[-4,-76],[9,-71],[-53,-127],[44,-64],[17,-11],[91,-47],[25,150],[15,-158],[79,-142],[107,-7],[63,-25],[42,-14],[88,-13],[55,49],[98,11],[81,-3],[38,-51],[30,-6],[22,-41],[-9,14],[-23,9],[22,-12],[-28,-38],[-2,-21],[92,-20],[97,1],[-14,53],[-72,21],[48,69],[104,137],[-39,3],[-21,56],[55,92],[-29,31],[48,98],[25,88],[58,26],[-4,71],[132,53],[241,-156],[63,74],[10,68],[90,8],[-90,-8],[-10,220],[39,11],[48,45],[68,-37],[75,-21],[70,87],[-72,26],[10,64],[-10,22],[-44,5],[5,58],[11,35],[-1,28],[-29,60],[-26,34],[-38,22],[51,108],[55,-1],[29,78],[62,1],[47,46],[117,-19],[-200,-138],[2,-27],[-4,-22]],[[99943,48378],[22,-16],[26,-14],[101,39],[39,79],[78,38],[-53,-49],[53,-24],[5,-86],[746,97]],[[100960,48442],[58,-160],[-175,-95],[-38,-84],[-129,-66],[46,-70],[32,-59],[-79,-400],[-4,-159],[-59,-77],[-129,-40],[-86,-20],[-76,-119],[-93,-38],[-39,-131],[-151,-236],[30,19]],[[100068,46707],[-45,-52],[-35,10],[-57,-58],[-70,14],[-82,-23],[-74,-37],[-153,5],[-41,12],[-3,-27],[-47,-17],[-80,-59],[-25,-60],[-21,-49],[-60,-7],[-34,-66],[-64,-42],[-24,51],[-69,-9],[-40,29],[-35,14],[-23,1],[-42,-29]],[[98944,46308],[-56,-19]],[[98888,46289],[-19,145],[-91,13],[-57,-3],[-34,13]],[[98687,46457],[-4,13]],[[98683,46470],[-59,74],[47,392],[-144,-13],[-67,-1],[-10,58],[-55,38],[-69,-112],[31,-67],[85,-59],[-34,-229]],[[98408,46551],[-69,28],[-102,17],[-85,21],[-31,-28],[-33,-11],[-95,-35],[-58,-64],[1,-1],[-57,-48],[-37,-1],[-67,-33],[-7,-5],[-83,-43],[-66,-25],[-99,43]],[[98059,47038],[100,-160],[72,107],[-74,146],[-109,79],[-23,15],[27,-118],[7,-69]],[[97962,47658],[52,34],[-17,43],[-33,-10],[-2,-67]],[[98329,48114],[-129,-52],[15,102],[46,55],[63,-26],[5,-79]],[[98841,46970],[-1,0],[12,-7],[-11,7]],[[100030,48038],[-2,-3],[2,3]],[[99909,48249],[33,3],[-6,22],[-27,-25]],[[99943,48378],[-8,-5],[8,5]],[[100009,48587],[-50,9],[10,41],[40,-50]],[[100309,49156],[24,60],[38,-30],[7,47],[-32,1],[79,79],[93,-32],[-129,-168],[-45,-122]],[[100344,48991],[188,-21]],[[100532,48970],[152,249],[114,-20],[-148,-380],[-30,-177],[-286,-23],[-16,45],[-81,19],[-133,119],[-64,-42],[-110,3],[10,111],[-23,149],[337,-35],[-68,72],[-162,45],[-117,105],[63,1],[53,-50],[167,39],[35,23],[20,-40],[-41,-5],[62,-13],[-23,-38],[66,29]],[[100532,48970],[1,0],[-1,0]],[[101156,49111],[44,-39],[48,-28],[90,-62],[-4,-30]],[[101334,48952],[-7,-64],[-98,-12],[-48,-143],[-150,-88],[-71,-129],[0,-74]],[[100960,48442],[-83,46],[-19,4],[-100,10],[38,36],[26,222],[81,185],[135,232],[118,-66]],[[102301,48131],[-21,-45],[32,-6],[-17,-83],[-212,-118],[-64,-46],[-113,33],[-73,-39],[37,-47],[-62,-134],[19,-67],[-76,-106],[30,-79],[-84,-306]],[[101697,47088],[-135,14],[-78,-31],[-6,-72],[-106,-65],[4,-141],[-97,-183]],[[101279,46610],[-23,1]],[[101256,46611],[-286,82]],[[100970,46693],[-79,8],[-42,-35],[-51,19],[-89,43],[-49,-18],[-56,-17],[-69,-29],[-141,-14],[-114,31],[-90,36]],[[100190,46717],[-105,5]],[[100085,46722],[-17,-15]],[[101334,48952],[30,21],[96,-69],[109,-52],[17,-6],[95,-7],[56,30],[34,-1],[86,67],[75,-11],[39,34],[38,-49],[-42,-234],[34,56],[3,8],[86,195],[68,24],[60,1],[23,63],[75,45],[18,73],[68,19],[74,-45],[-26,-69],[30,-84],[-37,-46],[-180,-47],[-12,-36],[82,19],[1,-73],[-45,-130],[39,-77],[10,-13],[37,-26],[70,-95],[80,-96],[53,-40],[65,-46],[42,-14],[46,-29],[40,-27],[58,-28],[21,0],[76,-17],[84,-7],[101,10],[51,-23],[13,-52],[13,3],[9,46],[-28,28],[75,40],[55,-5],[36,3],[17,-43],[41,-24],[-12,-23],[-1,-1],[6,-30],[44,21],[-35,64],[-31,34],[26,45],[60,-16],[33,3],[39,-57],[44,46],[81,13],[86,20],[101,-17],[117,-340]],[[103951,47878],[-34,-64],[-42,-56],[-92,-49],[-57,-11],[-33,-33],[-33,-6],[-103,-26],[-32,-2],[-42,-19],[-27,-12],[-11,-7],[-56,-25],[-21,-34],[-45,-17],[-109,-31]],[[103214,47486],[-126,-31],[-100,-57],[-121,-7]],[[102867,47391],[-31,12],[-50,17],[-59,-14],[-13,-89],[-64,-13],[-104,-39],[-49,-9]],[[102497,47256],[-50,33]],[[102447,47289],[-93,4]],[[102354,47293],[-2,130],[-231,76],[84,199],[8,86],[74,108],[58,-16]],[[102345,47876],[16,109],[0,48],[31,61],[-6,54],[-85,-17]],[[102272,48380],[1,0]],[[102273,48380],[-1,0]],[[102857,48095],[-49,-48]],[[102808,48047],[58,-13],[17,51],[-26,10]],[[102808,48051],[-2,7],[2,-7]],[[102792,48077],[-22,19],[0,-1],[22,-18]],[[102524,47937],[18,-5],[-17,6],[-1,-1]],[[102912,48074],[19,-8],[22,-7],[-41,15]],[[105284,48062],[-105,-39],[-59,-16],[-19,-14],[-136,-33],[-79,-53],[-59,24],[-31,-11],[-106,-55],[-50,-85],[-84,-79],[-74,-53],[-23,-112]],[[104459,47536],[-59,-5],[-49,6],[-68,83],[-9,2],[-51,-4],[-58,116],[-58,64]],[[104107,47798],[35,189],[-28,96],[-2,101],[162,60],[60,-65],[12,-66],[-48,6],[20,-51],[37,-8],[40,-20],[86,-34],[193,94],[82,65],[-9,37],[47,0],[-22,-37],[44,-19],[87,42],[46,-4],[-2,-45],[53,-49],[35,46],[67,-43],[26,12],[50,-62],[71,93],[35,-74]],[[102175,48860],[1,0],[1,1],[-2,-1]],[[102398,48191],[-2,1],[2,-2],[0,1]],[[102345,47876],[4,-3],[-4,3]],[[104243,48319],[36,-34],[-168,-71],[-2,58],[134,47]],[[104418,33676],[1,-1],[0,1],[-1,0]],[[104426,33681],[12,-18],[9,-43],[24,-73],[8,-53],[22,-52],[35,-51],[32,-58],[51,-48],[47,-58],[-15,-57],[-84,0],[-15,-84],[5,-64],[116,-97],[-366,-203],[-255,-60],[-596,-30]],[[103456,32632],[-7,160],[75,48],[55,135],[17,87],[115,136],[-38,128],[-94,99],[-38,39],[-101,154],[-101,123]],[[103339,33741],[156,10],[94,68],[-18,77],[-124,131],[-97,116],[-6,115],[-14,54],[64,103],[9,231],[137,132],[-82,12],[-68,0],[6,37],[-31,0],[-37,2],[-24,-254],[-93,0],[3,66],[-52,-16],[11,185],[-57,13],[-82,4],[14,-40],[-144,-176],[-3,-410],[-132,-228]],[[102769,33973],[-70,41],[-106,44],[-43,90],[-184,97],[-5,1]],[[102361,34246],[-15,37],[34,21],[56,240],[23,161],[47,117],[51,34],[-8,56],[-16,199],[227,167]],[[102760,35278],[71,-102],[78,-17],[121,-34],[22,-63],[-2,-56],[78,-48],[45,-5],[-16,85],[-53,39],[12,33],[92,31],[23,-33],[-13,23],[69,20],[-17,33],[36,-47],[163,-80],[29,-63],[-27,-75],[48,-35],[-41,-28],[102,-21],[10,32],[60,-29],[9,-19],[90,-108],[109,-42],[46,-148],[139,-226],[26,-63],[95,-90],[19,-29],[45,-84],[46,-66],[55,-84],[23,-44],[25,-48],[31,-57],[5,-33],[13,-16]],[[106065,31713],[-8,39],[55,44],[-29,-36],[39,-32],[23,-32],[33,-36],[-54,-46],[-43,25],[39,9],[2,15],[-7,8],[-16,8],[-50,7],[16,27]],[[106026,31621],[-28,19],[32,16],[-4,-35]],[[105939,31727],[64,-6],[16,-35],[-35,9],[-63,-3],[18,35]],[[105847,31835],[77,-33],[-57,-6],[25,-28],[-63,14],[18,53]],[[105936,31331],[64,-50],[106,58],[-45,-206],[5,-4],[319,41],[23,-29],[-76,-37],[-143,-21],[-23,-44],[42,-144],[-43,-17],[32,-68],[-20,-72],[-12,75],[-56,21],[-27,67],[-60,-70],[-55,16],[4,30],[-52,-38],[34,119],[-79,-46],[-87,14],[-56,-158]],[[105731,30768],[-58,68],[24,76],[-25,43],[63,142],[14,97],[-1,1],[-49,29],[-51,64],[-89,-8],[-33,30],[-3,3],[-110,-12],[-90,114],[-57,53],[-74,57],[32,155],[-13,62],[-39,12],[-20,4],[-170,35]],[[104982,31793],[132,204],[309,317],[78,38],[7,-54],[97,20],[144,-107],[14,-58],[-81,-162],[-27,-39],[-41,-47],[-13,-48],[-97,-43],[-29,-5],[33,-30],[18,-55],[155,-95],[150,-136],[105,-162]],[[108785,29572],[174,46],[51,13],[43,-73],[46,-96],[-6,-91],[-221,32],[-9,-109],[-45,3],[-129,59],[-116,124],[212,92]],[[108979,29494],[-3,12],[-1,0],[4,-12]],[[108814,29851],[-109,-92],[-79,-1],[-1,45],[50,-9],[150,85],[-11,-28]],[[105240,32220],[-362,-352]],[[104878,31868],[-44,145]],[[104834,32013],[397,560],[44,-88],[-31,-100],[62,-51],[-34,-62],[-32,-52]],[[104990,32563],[-12,-59],[-526,-424],[-57,-115]],[[104395,31965],[-176,-63],[-218,92],[-120,-20],[-147,102],[-19,10]],[[103715,32086],[-1,0]],[[103714,32086],[-48,-6],[-85,82],[-61,6],[-39,32]],[[103481,32200],[58,61],[-140,-49]],[[103399,32212],[-92,48]],[[103307,32260],[23,74]],[[103330,32334],[228,6],[153,53],[217,114],[447,140],[153,87],[181,170],[46,-35],[55,-103],[48,-56],[47,-1],[113,3],[-28,-67],[127,-17],[-30,-87],[-97,22]],[[110422,38120],[-76,-89],[-67,-21],[-49,76],[-7,-8],[12,-62],[-27,45],[-54,-59],[59,-112],[13,103],[-8,-115],[-39,-75],[-71,56],[-23,-53],[-63,-3],[-20,-47],[-74,85],[-71,43],[-38,-7],[-42,-100],[4,210],[-47,9],[-45,61],[-18,24],[-2,55],[-18,32],[15,51],[-48,-9],[-75,15],[-40,-25],[-14,-77],[-89,-26],[0,-167],[-46,-51],[11,-96],[-40,-108],[6,-11],[-1,-2],[22,-97],[-31,-97],[34,27],[33,-24],[21,-98],[-71,-89],[-38,174],[-22,39],[-31,-41],[-45,-20],[11,-38],[-25,9],[-16,9],[-22,27],[-21,-53],[-83,-55],[-43,-20],[0,108],[-36,0],[-118,6],[-14,84],[-41,-50],[-9,68],[35,81],[80,-6],[61,82],[102,47],[33,57],[24,37],[-34,56],[-7,91],[-8,90],[-32,-8],[0,31],[33,77],[-22,49],[8,79],[-28,49],[-21,170],[22,144],[2,24],[-87,5],[-70,-79],[3,73],[-10,12],[-23,-37],[-16,-34],[-25,-61],[-27,-52],[-46,-56],[-22,-18],[-36,-59],[-33,-38],[-15,-15],[-9,-19],[-44,-78],[-9,-11],[-13,-25],[-16,-104],[-10,43],[-137,46],[126,-57],[-3,-32],[-43,-168],[-207,93],[207,-93],[-66,-85],[-49,-27],[-77,-95],[-64,28],[61,-28],[-58,1],[-37,-38],[-76,-114],[-42,-70],[-111,-15],[-130,116],[-3,113],[-17,38],[-11,36],[-9,59],[-4,-55],[-33,65],[-42,35],[29,7],[-17,36],[-53,31],[-28,-43],[-22,14],[-5,82],[-30,16],[21,48],[-2,38],[10,68],[-12,31],[22,189],[59,119],[10,103]],[[107682,38620],[12,33],[18,23],[304,14],[-298,8],[6,26],[36,55],[88,61],[41,28],[16,46],[138,240],[148,-12],[103,-124],[22,50],[88,26],[154,79],[71,-8],[181,75],[51,-56],[77,-115],[40,-26],[39,75],[3,5],[24,158],[98,-2],[30,-73],[39,-51],[73,-127],[83,-64],[-75,-11],[23,-19],[-39,-83],[-45,-60],[-35,24],[-71,18],[38,-32]],[[109163,38801],[-1,-105],[-38,-41],[-7,-62],[23,-18],[3,28],[71,-115],[29,-66],[12,52],[30,-30],[44,-94],[-41,-22],[52,-46],[110,73],[54,93],[-6,60],[9,90],[21,38],[-32,-40],[30,50],[14,6],[94,32],[51,129],[102,120],[82,66],[51,-9],[27,-48],[23,66],[28,-25],[-33,-88],[28,-48],[45,7],[11,-34],[81,-7],[-14,129],[50,-19],[125,-120],[136,21],[-39,-68],[49,50],[135,-51],[-7,-195],[-81,-126],[11,-80],[-26,-109],[-84,-11],[71,-12],[-10,-36],[-218,62],[16,-29],[202,-33],[-9,-30],[-15,-36]],[[109567,38747],[-66,204],[-32,69],[16,78],[76,60],[68,25],[39,-87],[-53,-289],[-48,-60]],[[107682,38620],[330,-2]],[[108012,38618],[-330,2]],[[110023,38210],[-6,62],[6,-62]],[[97705,45281],[-2,-59],[-47,-81],[-49,-59],[-18,-59],[-26,-54],[-74,-53],[-103,-118],[-32,-57],[-75,-127],[-12,-30],[4,-60],[16,-115],[-30,-34],[-46,-25],[-28,-85],[23,-143],[-30,-56],[-19,-66],[9,-123],[-19,-73],[-20,-51],[-78,-59],[-23,-37],[-89,5],[-35,-114],[30,-138],[-12,-100],[-70,-96],[-39,-58],[-5,-103],[-11,-103],[18,-88],[2,-127],[59,-40],[27,-92],[-3,-91],[-131,-4],[-294,6]],[[97012,45150],[-15,96]],[[98408,46551],[66,9],[39,-85],[127,2],[43,-7]],[[98683,46470],[4,-13]],[[98888,46289],[13,-254],[62,39],[-19,234]],[[100085,46722],[-23,-454],[137,33],[-9,416]],[[100970,46693],[89,-142],[26,-109],[-25,-72],[92,-164],[10,-103],[40,-96],[-4,-270],[7,-23],[103,78],[-70,405],[18,414]],[[101279,46610],[87,-98],[49,-42]],[[101415,46470],[-8,-499],[31,-237],[-41,21],[-44,-27],[-89,-127],[3,-44],[-116,-15],[-70,-37],[-71,19],[-74,-21],[-154,127],[-26,32],[-100,-32],[-45,-31],[-36,-14],[-24,110],[-48,47],[-39,-54],[5,-75],[26,13],[45,-54],[-86,-13],[-99,-57],[-104,-18],[-68,68],[-141,133],[-52,-22],[-82,51],[4,88],[-66,-46],[-87,-29],[-39,29],[-77,26],[-95,66],[105,56],[-100,90],[-15,-29],[-50,-57],[-47,47],[-33,-14],[5,93],[-52,-11],[-46,-61],[-59,11],[-46,-2],[-43,11],[-89,11],[-19,-19],[-42,-24],[-72,1],[-35,-3],[-47,8],[-67,0],[-90,-18],[-78,-40],[-72,-26],[-52,-80],[-52,-25],[-75,43],[-54,-21],[-129,-57],[-114,-70],[-37,-32],[-54,-24],[-69,-76],[-18,-54],[-12,-22],[-33,-52],[-53,-52],[-99,-69]],[[97472,40631],[8,-20],[8,-33],[-39,-12],[-18,-36],[16,-9],[48,35],[49,-59],[64,18],[126,-194],[49,-30],[78,-91],[18,-68],[60,-60],[41,-53],[27,12],[21,16],[48,25],[18,-6],[25,-5],[22,57],[65,20],[8,37],[69,4],[121,-15],[55,-139],[78,-76],[-115,-43],[44,-156],[87,-17],[1,-16],[124,188],[64,-8],[76,-120],[6,-78],[50,-64],[-111,-60],[2,-9],[158,-155],[-185,-66],[-67,-28],[-240,-35],[-300,-138],[-57,-17]],[[98074,39127],[85,167],[-33,11],[-35,-42],[-39,59],[-61,21],[-114,-10],[-61,-60],[-73,79],[-67,11],[-32,52],[18,115],[-44,72]],[[97618,39602],[6,6],[-6,-5]],[[97618,39603],[-68,60],[-65,-34],[-49,48],[-48,-8],[-133,60],[-9,14],[-36,77],[-54,-44],[-12,23],[-12,8],[-64,9],[16,25],[-25,13],[17,80],[-81,81],[36,74],[12,155],[-27,10],[-18,11],[-42,31],[-84,51],[-9,8]],[[96863,40355],[-3,11],[34,-2],[24,60],[-3,71]],[[96666,41657],[7,6],[-9,-3]],[[96449,42440],[307,-14],[152,34],[10,-70],[26,-79],[44,-65],[31,-37],[20,-59],[10,-70],[-4,-25],[-15,-30],[-3,-7],[-18,-28],[-21,-24],[-24,-43],[2,-50],[8,-51],[-4,-100],[6,-61],[-2,-27],[13,-25],[6,-55],[3,-52],[14,-62],[-9,-67],[24,-70],[74,-166],[78,-94],[23,-104],[54,-55],[33,-91],[19,-11],[57,-18],[28,-16],[38,-33],[30,-37],[10,-33],[3,-14]],[[97025,42059],[-1,-7],[2,7],[-1,0]],[[97735,45617],[4,-1],[0,1],[-4,0]],[[101662,46154],[-30,-304],[-69,-107],[-25,85],[-92,-4],[-6,54],[7,413],[41,168]],[[101488,46459],[59,14],[1,-99],[30,-62],[139,-79]],[[101717,46233],[-55,-79]],[[101934,45993],[79,-122],[-55,-75]],[[101958,45796],[-145,66],[34,100],[87,31]],[[101876,46216],[73,-12]],[[101949,46204],[-159,-333],[-27,11],[-29,-9],[93,301]],[[101827,46174],[49,42]],[[98053,39920],[0,3],[0,-3]],[[99639,46190],[-4,25],[-1,0],[5,-25]],[[99436,46037],[-2,12]],[[99434,46049],[2,-12]],[[100885,45826],[-55,3],[44,-61],[53,4],[-42,54]],[[100138,45864],[47,9],[-43,21],[-4,-30]],[[103070,40475],[66,99],[27,-18],[-30,-171],[52,-2],[11,-93],[1,-57],[78,-34],[101,-49],[26,-63],[74,-10],[68,-45],[45,-26],[32,-2],[73,17],[79,10],[62,28],[80,-48],[54,-1]],[[104559,38511],[-34,-51],[-76,30],[-68,74],[-8,67],[30,85],[-21,23],[-36,0],[-77,-5],[-14,-36],[-219,-33],[-17,-46],[-178,38],[-87,-77],[-198,-34],[-142,-116],[-191,-7],[-150,-135],[-211,-108],[-88,76],[-115,33],[-47,88],[-119,-10],[-37,-106],[-129,0],[-230,-195],[-51,-13],[-36,-66],[-151,2],[-59,-1],[-71,5],[-158,-76],[-56,-96],[-48,10],[-81,-131]],[[101386,37700],[0,-1],[0,-1]],[[101386,37698],[-8,-87],[-98,34],[-4,-66],[-166,5],[-8,-2],[-92,-12],[-102,-30],[-33,-25],[-41,-36],[-34,-24],[-45,-31],[-73,-39],[-71,-1],[-8,0],[-66,-1],[-35,0]],[[100225,38227],[59,-6],[82,4],[29,1],[64,-5],[85,40],[35,23],[49,-34],[87,-47],[88,26],[-4,-43],[17,-41],[62,-25],[76,14],[49,-14],[14,8],[34,11],[113,133],[14,76],[75,56],[30,8],[8,89],[63,77],[26,88],[37,146],[41,24],[-18,94],[25,20],[52,69],[-4,54],[95,46],[149,180],[78,179],[230,234],[105,33],[16,120],[59,41],[96,50],[83,88],[41,117],[46,126],[257,101],[60,30],[60,4],[3,-25],[33,-4],[12,18],[49,39],[85,25]],[[103907,41978],[121,-27],[30,68],[-119,22],[-1,92],[-2,80],[-2,37],[45,-12],[34,16],[31,-51],[82,-11],[74,-60],[-4,-124],[31,-24],[-26,-20],[24,-38],[-51,-3],[34,-97],[-123,-95],[-58,21],[26,31],[-57,124],[-83,1],[-31,-1],[83,-55],[6,23],[12,-71],[-61,4],[-50,-47],[-64,70],[-122,83],[-8,-37],[-47,7],[-9,88],[41,55],[-7,30],[109,23],[11,-61],[125,23],[6,-64]],[[103967,42213],[11,0],[-11,0]],[[103199,43200],[-83,-142],[-78,-29],[-91,22],[61,31],[23,122],[-46,30],[-78,-22],[-38,59],[118,109],[82,7],[97,-11],[33,-176]],[[104519,42289],[46,-84],[-14,23],[-25,-35],[-51,6],[14,60],[-124,-43],[-75,-48],[-20,124],[-1,20],[7,150],[23,-27],[17,33],[12,-37],[15,49],[31,-66],[9,51],[6,-92],[53,13],[-1,-44],[86,0]],[[104527,42342],[-8,-53]],[[104651,42339],[123,-2],[-1,-68],[-41,17],[-18,-36],[40,-1],[-16,-42],[-109,-10],[11,34],[-36,-1],[17,110],[-94,2]],[[104527,42342],[2,131],[44,-81],[59,53],[19,-106]],[[105329,42901],[44,-2],[-24,-80],[4,-92],[-33,79],[-91,-31],[-12,114],[-37,11],[-66,-56],[-20,63],[125,104],[10,-96],[6,-27],[39,-21],[55,34]],[[103070,39860],[6,21],[-55,95],[-33,246],[-14,46],[-43,-22],[4,-115],[19,-29],[-46,-81],[19,-86],[-32,-100],[130,-59],[45,84]],[[103955,38965],[-16,6],[16,-7],[0,1]],[[104103,38838],[-52,61],[52,-61]],[[104667,38722],[52,0],[-52,0]],[[104526,38741],[4,4],[-5,-4],[1,0]],[[104468,38778],[-1,1],[1,-1]],[[102891,40258],[-3,-4],[3,4]],[[105769,42917],[139,-50],[16,-58],[43,-11],[31,0],[18,-80],[-39,-47],[19,-33],[-36,-21],[105,-284],[-175,270],[-33,62],[48,5],[-38,115],[-139,80],[-46,14],[-17,51],[59,24],[45,-37]],[[105636,42884],[-24,-66],[-107,61],[-4,-26],[-72,89],[-16,103],[101,-110],[122,-51]],[[102950,40315],[-2,-1]],[[102948,40314],[2,1]],[[103416,41749],[-52,-112],[-88,-1],[-44,46],[108,126],[112,126],[35,-79],[-71,-106]],[[104871,42544],[104,41],[-9,-62],[30,15],[72,-72],[-23,45],[30,25],[0,-75],[-9,-67],[33,14],[24,-87],[-50,-52],[19,-52],[-30,33],[-18,-31],[-90,149],[-167,-40],[12,97],[-32,1],[-3,55],[56,33],[-32,65],[36,30],[-27,71],[74,-136]],[[104872,42928],[19,-50],[-42,-48],[-51,18],[-100,-66],[-62,11],[58,76],[178,59]],[[96313,40158],[62,-27],[26,-15],[113,-8],[13,9],[-29,86],[288,73],[77,79]],[[97618,39603],[0,-1]],[[98074,39127],[-55,-20]],[[97495,38785],[-221,-93],[44,-51],[119,-8],[105,-82],[130,121]],[[97477,38087],[32,136],[-40,64],[-76,68],[-89,-7],[-194,154],[72,117],[13,170],[-36,-43],[-132,-27],[-58,-140],[-106,139],[-20,-37],[-25,-160],[9,-44],[1,-8],[221,-63],[11,-65],[-94,-187],[75,-41],[107,-45],[131,-198]],[[97199,36541],[-192,26],[-67,92],[-91,-14],[-104,-6],[-52,-1],[48,-82],[-28,-105],[66,-14],[67,-118],[326,-42]],[[97156,35931],[-112,19],[-68,-7],[-165,73],[-151,-44],[-28,-100],[-76,-63],[3,-49],[-56,-37],[-38,15],[-76,-87],[-120,91],[1,59]],[[96270,35801],[-11,139],[6,160]],[[96265,36100],[-17,30]],[[96248,36130],[-10,55],[-2,32],[21,63],[-3,67],[-36,20],[50,39],[21,26],[-66,150],[51,170]],[[96274,36752],[-16,39],[-92,-17],[-65,33],[-69,104],[-45,9],[-21,72],[-56,41],[7,78],[-60,54],[-53,140],[-82,-7],[-8,91],[33,32],[-129,177],[-116,97],[-12,49],[0,78],[121,223],[-13,25]],[[95925,40296],[4,29],[53,76],[60,14],[50,-52],[1,-4],[7,-67],[1,-12],[22,-13],[1,-20],[-8,-129],[34,10],[32,14],[56,11],[3,32],[50,10],[19,-16],[3,-21]],[[96514,39602],[40,7],[-51,57],[-26,-11],[37,-53]],[[96543,39765],[4,-45],[-3,46],[-1,-1]],[[96444,39688],[24,22],[-36,43],[-60,-28],[25,-70],[47,33]],[[96955,39990],[23,10]],[[96978,40000],[-23,-10]],[[96946,38171],[-86,73],[-164,-27],[14,-118],[20,-6],[50,-25],[63,49],[66,0],[37,54]],[[96930,37703],[-194,-11],[32,-91],[151,-10],[-6,38],[47,18],[-30,56]],[[96956,37459],[3,4],[-3,-4]],[[97090,36869],[-49,-17],[22,-73],[67,0],[-40,90]],[[95897,39741],[297,5],[2,23],[5,32],[4,28],[-4,1],[-109,-5],[-55,27],[-97,-23],[-43,-88]],[[110335,37482],[4,41],[-7,15],[-46,38],[-21,-35],[-9,63],[6,90],[71,70],[3,68],[51,56],[14,-16],[50,-26],[-21,40],[31,27],[-35,20],[39,38],[59,-56],[37,-167],[28,-64],[-27,-132],[52,-104],[72,2],[9,52],[82,-46],[42,-92],[-10,-46],[-64,38],[32,-59],[30,-28],[-43,-110],[17,-69],[-59,-72],[-63,27],[-54,-82],[-45,71],[-48,-54],[-90,75],[-26,-2],[-5,-76],[-93,45],[-33,97],[19,31],[-48,113],[56,80],[-34,44],[28,42],[5,33],[28,-10],[16,30]],[[111443,36023],[6,32],[-12,23],[86,54],[38,-64],[17,-24],[161,-169],[-20,-54],[-56,88],[-10,-56],[-53,-88],[-106,108],[-49,121],[-2,29]],[[112393,36293],[-74,80],[-71,236],[60,9],[-26,-74],[40,21],[50,-65],[21,-207]],[[112954,36899],[30,-94],[-68,-83],[-54,72],[39,-45],[33,121],[-66,-22],[7,-45],[-50,90],[41,42],[88,-36]],[[111267,36090],[2,-35],[-19,20],[-36,-43],[-101,9],[36,150],[78,93],[40,-72],[0,-122]],[[108974,34977],[-10,54],[45,55],[17,-42],[-52,-67]],[[108680,36185],[-75,5],[-7,71],[19,52],[55,13],[-40,17],[-5,58],[11,80],[22,103],[45,105],[69,145],[24,-46],[46,-13],[64,-18],[-9,-72],[65,-6],[20,-79],[-18,-52],[-9,32],[-23,-32],[39,-33],[-49,-116],[-23,27],[1,-33],[-87,-16],[-13,-44],[-37,-1],[19,-29],[-40,-17],[6,-51],[-70,-50]],[[109901,37081],[-7,-94],[-46,19],[-49,-62],[-33,-36],[-49,37],[-70,-129],[-19,-69],[-114,-49],[-42,-14],[-23,51],[71,146],[110,130],[37,36],[97,100],[111,40],[26,-106]],[[101967,35929],[6,-47],[29,-42],[68,100],[57,27],[-12,79],[84,2],[36,-48],[69,-125],[148,0],[33,-62],[52,-5],[0,-38],[19,23],[30,-28],[-31,-15],[7,-45],[70,-49],[13,-20],[58,55],[7,-97],[11,86],[-7,-104],[48,-140],[-17,-63],[-2,-36],[-7,12],[-9,3],[-39,-16],[46,13],[17,-35],[9,-36]],[[102361,34246],[-123,-19],[-366,94],[-327,103],[-187,-57],[-137,155],[-156,219],[-162,59],[-111,-31],[-142,101],[-153,66],[-277,50],[-183,12]],[[101386,37698],[0,2]],[[104696,37509],[78,-97],[-102,24],[-58,-34],[-106,-126],[-87,-62],[-53,-54],[-78,12],[-37,-56],[-15,39],[-29,-15],[-70,-67],[-45,35],[29,14],[-28,53],[-22,-53],[-72,71],[-15,-32],[39,-48],[-28,1],[-8,-46],[73,23],[29,-30],[-23,-29],[-90,8],[-28,64],[-57,-78],[-56,-59],[-51,-8],[-26,-57],[8,-68],[-42,-80],[-42,-75],[6,31],[-41,-29],[22,-32],[-62,-192],[-79,-137],[-94,-67],[-17,-71],[-52,6],[-168,-135],[-122,-21],[-96,33],[-161,-12],[-78,150],[-160,83],[-48,57],[9,40],[-119,-15],[49,74],[-85,-36],[6,72],[70,52],[-50,40],[26,33],[-63,39],[3,19],[-3,35],[2,-36],[-15,-3],[-19,-19],[-15,1],[-10,-15],[-35,2],[-13,-38],[-71,68],[-109,-13],[-20,66],[-66,21],[-34,56],[-22,-20],[-49,55],[-19,-18],[-99,55],[-342,-79],[-198,-207],[74,-233],[204,15],[4,-83],[203,-214],[257,-37],[-10,-75],[-8,-16]],[[102614,35643],[27,-66],[-27,66]],[[102399,35170],[0,1]],[[102399,35171],[0,-1]],[[100189,35718],[7,3],[-7,-3]],[[101229,37134],[15,-2],[-15,2]],[[103253,36683],[-3,1],[-3,1],[6,-2]],[[103472,36859],[0,-6],[1,0],[-1,6]],[[101668,35999],[61,-86],[-9,50],[-28,107],[-53,9],[29,-80]],[[96238,40351],[37,8],[33,106],[16,129],[-16,24],[-6,58],[-51,52],[-22,110],[-3,57],[-6,81],[20,58],[-60,40],[-13,27]],[[96393,41230],[-1,0]],[[96018,40676],[30,-104],[55,-93],[24,-61],[36,-57],[75,-10]],[[96241,40278],[-2,3],[0,-3],[2,0]],[[96236,40269],[-4,1],[4,-1]],[[98562,19383],[17,75],[-51,86],[1,92],[-1,149],[-10,17],[-8,140],[-10,64],[4,73],[6,91],[18,102],[34,390],[80,95],[54,0],[37,-61],[2,-140],[38,-71],[37,2],[3,-53],[7,-60],[24,-84],[2,-164],[11,-7],[47,-138],[9,-62],[48,-206],[14,-110],[-64,-74],[15,-80],[-8,-53],[-37,-4],[27,-56],[-44,-5],[37,-30],[-36,-99],[-32,-93],[-3,-74],[-16,-124],[13,-65],[32,-11],[-12,-47],[9,-96],[-219,-14],[-50,72],[-87,9],[5,107],[2,114],[-9,52],[-72,75],[15,46],[59,17],[33,142],[9,42],[20,29]],[[98407,19130],[21,-91],[-25,-40],[-85,17],[-11,160],[41,134],[97,94],[-40,-103],[2,-171]],[[98650,20179],[10,-5],[-9,5],[-1,0]],[[98671,20873],[7,-53],[-69,12],[21,44],[41,-3]],[[98604,18322],[17,85],[171,-33],[-41,-10],[-18,-111],[-42,3],[12,-123],[46,-80],[-36,-57],[-66,-167],[-30,179],[-62,195],[40,16],[-36,8],[-26,70],[42,-29],[29,54]],[[99569,15300],[-88,-19],[-44,33],[49,135],[-50,23],[-151,-128],[-56,-25],[-28,22],[36,77],[-35,31],[-24,-26],[8,23],[178,116],[-86,117],[6,92],[98,-125],[118,-51],[91,-51],[70,-37],[-6,-48],[153,1],[-24,-70],[-37,-116],[-108,14],[-70,12]],[[101023,14381],[-52,-4],[1,33],[59,-6],[-8,-23]],[[100339,14677],[327,10],[231,-77],[-48,-103],[-164,-24],[-206,33],[-94,68],[-57,2],[-99,-12],[-155,67],[-82,-21],[-95,42],[-40,70],[72,47],[98,-4],[312,-98]],[[101291,14375],[-31,-1],[0,37],[37,0],[-6,-36]],[[99906,16587],[21,-89],[-81,-23],[-47,130],[40,101],[63,-63],[4,-56]],[[103759,14185],[-78,-58],[-106,-6],[-35,110],[33,173],[71,51],[188,35],[72,-73],[1,-91],[-67,-105],[-79,-36]],[[99659,15392],[2,5],[-1,0],[-1,-5]],[[97428,21571],[-50,-27],[-81,-47],[-132,-7]],[[97165,21490],[-11,62],[-3,95],[-4,113],[-3,5],[-26,119],[-21,35],[-64,96]],[[97033,22015],[-5,2]],[[97028,22017],[-3,1]],[[97025,22018],[-3,1]],[[97022,22019],[-1,0],[-43,42],[-54,87],[-33,40],[13,13],[-4,21],[-81,65],[-112,-19],[-33,59],[-76,88]],[[96598,22415],[12,47],[45,9],[35,27],[67,48],[63,-12],[20,-43],[77,-38],[18,-2],[50,27],[63,15],[22,12],[81,43],[3,22],[17,1],[93,36],[13,-1],[43,76],[27,-35],[81,-56],[43,2],[101,40],[93,17],[87,-20],[48,17],[49,-15],[28,44],[66,-6],[17,-36],[33,17],[15,7],[61,28]],[[98069,22686],[37,-61],[72,-89],[30,13],[22,-44],[106,-27],[13,-91],[-22,0],[13,-80],[48,-127],[66,-126],[-35,-28],[-7,-20],[20,-47],[89,-31],[-29,-61],[14,-61],[-93,6],[-125,3],[-3,-79]],[[98285,21736],[222,10],[11,-101],[-16,-61],[43,-59],[-80,-20],[17,-106],[-30,-13],[-119,77],[-92,97],[-81,169],[-6,7],[-150,66],[-25,-1],[-53,-37],[-50,-55],[-93,-20],[-97,25],[-24,22],[-73,-46],[-22,-11],[3,-5],[24,-39],[-37,-20],[-17,-17],[-26,-26],[-86,-1]],[[97345,21725],[1,1],[-2,0],[1,-1]],[[97273,21939],[4,2]],[[97277,21941],[-4,-2]],[[97439,21765],[0,-4],[8,7],[-8,-3]],[[97510,21602],[-2,-4],[2,3],[0,1]],[[97513,21599],[1,-1],[-1,1]],[[98184,21781],[1,0]],[[98185,21781],[-1,0]],[[98331,21620],[7,-19],[3,0],[-10,19]],[[98278,21917],[-1,0],[-8,-6],[9,6]],[[98005,22186],[1,0],[-1,3],[0,-3]],[[97987,22482],[22,-60],[-38,-65],[40,39],[63,-2],[-13,54],[56,46],[-73,29],[-57,-41]],[[97901,22595],[8,8],[-1,0],[-7,-8]],[[97784,22352],[0,12],[-1,0],[1,-12]],[[97774,22524],[-4,1],[0,-1],[4,0]],[[97779,22450],[0,1],[0,-1]],[[97358,22473],[0,-1]],[[97358,22472],[0,1]],[[97139,22383],[-2,1],[1,-1],[1,0]],[[97138,22116],[-2,2]],[[97136,22118],[2,-2]],[[97353,22088],[1,1],[-1,0],[0,-1]],[[97724,22055],[8,24],[-10,-22],[2,-2]],[[97795,21824],[1,2],[-1,-2]],[[97464,22143],[-3,0],[-1,0],[1,-1],[3,1]],[[96473,21621],[-18,-33],[-42,-62]],[[96413,21526],[-1,53],[-33,26],[-60,1],[-104,10],[5,27],[6,14],[13,55],[-33,59],[86,-47],[-1,12],[0,59],[-3,28],[18,48],[44,38],[2,3],[2,2],[53,95],[14,28],[34,44]],[[96455,22081],[6,0],[67,122],[2,85]],[[96530,22288],[-25,51],[22,71]],[[96527,22410],[71,5]],[[97022,22019],[3,-1]],[[97028,22017],[2,-1],[3,-1]],[[97165,21490],[-97,0],[-90,30],[-48,10],[-79,22],[-37,19],[-60,25],[-7,1],[-33,-4],[-76,23],[-31,3],[-25,4],[-21,19],[-15,10],[-62,-19],[-11,-12]],[[96872,22121],[6,5],[-6,-4],[0,-1]],[[96965,21762],[-1,0],[-2,-3],[3,3]],[[95059,21477],[-40,37],[10,40],[-86,10],[-11,61],[-52,-7],[25,22],[-28,46]],[[94877,21686],[-88,100],[-1,2],[-5,76],[1,2],[39,13],[94,13],[-22,46],[-18,15],[-10,20],[-10,35],[61,37],[34,63],[143,-50],[15,-7],[12,-2],[115,22],[125,39]],[[95362,22110],[25,-11],[21,-79],[-66,-87],[2,-1],[83,25],[43,-36],[-22,-32],[25,-85],[24,-30],[67,60],[68,-27],[-19,-97],[49,-71],[31,-6],[8,-26],[26,-19],[96,-25],[7,1],[48,-9],[40,30]],[[95918,21585],[0,-2]],[[95918,21583],[26,-27]],[[95944,21556],[1,-1],[0,1]],[[95945,21556],[69,67]],[[96014,21623],[0,1]],[[96014,21624],[42,111],[21,34],[47,59],[56,141]],[[96180,21969],[9,1],[-9,0]],[[96180,21970],[37,56],[42,48],[80,60],[78,20]],[[96417,22154],[56,84],[57,50]],[[96455,22081],[-2,3],[2,-3]],[[96413,21526],[-35,-59],[-38,-16],[-33,-33],[-23,-43],[-36,7],[-11,-44],[-9,-49],[-42,38],[-15,-34],[-9,2],[-24,-22],[30,-23],[1,-14],[39,-31],[-17,-34],[-121,-48],[-28,-39],[-55,-46],[-72,-14],[-109,6],[-94,-7],[-79,-3],[-152,55],[-9,7],[-29,17],[-63,45],[-1,47],[38,24],[32,7],[5,14],[-14,45],[-8,16],[-13,20],[-79,12],[-61,16],[22,105],[-87,49],[-44,-39],[-40,-62],[43,-133],[-44,-68],[-114,87],[15,108],[88,12],[-61,36],[2,37]],[[95996,21888],[0,-106],[-112,-100],[-35,154],[4,2],[51,33],[-23,106],[39,88],[14,-6],[42,-40],[20,-131]],[[96048,21578],[-4,-1],[2,-1],[2,2]],[[95467,21480],[2,0],[-6,3],[4,-3]],[[94506,21872],[-60,112],[-15,21],[-80,91],[-53,79],[-8,45],[-5,77],[18,-4],[-17,34],[3,30],[3,105],[-10,38],[38,-5],[27,24],[-60,32],[14,19],[5,9],[19,48],[20,85],[13,67],[2,12],[11,89],[12,100]],[[94383,22980],[6,-3],[36,-53],[26,-20]],[[94451,22904],[9,-44],[22,-17],[-24,-26]],[[94458,22817],[-57,-51],[-11,-23],[0,-6],[-6,-19],[-15,-10],[1,-4],[2,-71],[10,-11],[23,-2],[13,-42],[0,-10],[8,-25],[44,-29],[-19,-41]],[[94451,22473],[-4,-14],[20,-37],[-18,-30],[-11,-8],[-37,-34],[17,-33],[2,-5],[-5,-23],[-13,-5],[-24,-6],[-25,-4],[-21,-32],[-2,-6],[-25,-60],[41,-38],[19,1],[85,64],[29,-8],[26,-2],[25,0],[-13,-63],[4,-50]],[[94521,22080],[-2,-9],[2,8]],[[94521,22079],[54,4],[9,22],[-40,72],[16,30],[-8,41],[49,5],[14,45],[19,8],[35,43],[-33,15],[4,47]],[[94640,22411],[1,0]],[[94641,22411],[31,9],[13,12],[53,92],[-56,-10]],[[94682,22514],[-2,-1]],[[94680,22513],[-14,13],[37,61],[71,-11],[68,-33],[1,43],[36,11],[66,46]],[[94945,22643],[1,1]],[[94946,22644],[51,-33],[73,62],[61,3],[65,-13],[-3,-5],[-27,-29],[55,-111],[72,-99],[-3,-55],[76,-65],[29,-96],[-1,0],[-66,-45],[34,-48]],[[94877,21686],[-32,-87],[-85,-4],[-1,0],[-81,-86],[43,-50],[60,38],[10,-80],[-82,-14],[-76,33],[-117,156],[37,63],[31,27],[-5,75],[-73,115]],[[94523,22004],[11,-47],[2,4],[26,31],[-4,37],[-38,-12],[3,-13]],[[94133,21785],[-43,-35],[-32,-38],[-116,-20],[24,116],[-5,131],[164,7],[7,-45],[1,-116]],[[94602,21701],[-1,0],[8,-1],[-7,1]],[[94644,22148],[7,-3],[0,1],[-7,2]],[[94680,22513],[2,1]],[[94641,22411],[-2,8],[1,-8]],[[94521,22079],[0,1]],[[94451,22904],[24,79],[9,42],[-74,40],[67,42],[18,-31],[11,-11],[46,3],[14,8],[34,-7],[6,15],[3,-1],[50,-12],[24,-12],[10,70],[29,-11],[32,-21],[16,-10],[126,-21],[-13,66],[25,43]],[[94908,23175],[85,-7],[50,10],[68,-40],[67,28],[8,45],[52,11],[60,-26],[104,-74],[55,48],[33,2],[92,-13],[121,-50],[106,-10],[93,-90],[64,-13],[121,49],[77,59],[80,95],[-22,71],[49,90],[-32,24],[7,87]],[[96246,23471],[92,-6],[44,-73],[25,-16],[69,-70],[80,5],[60,-15],[42,-16]],[[96658,23280],[25,-97],[103,-7],[113,-77],[-34,-55]],[[96865,23044],[-1,1]],[[96864,23045],[-102,-20],[1,-99],[-81,-131],[1,-10],[-11,-56],[-48,-31],[-69,-119],[-6,-6],[-49,-102],[5,-16],[22,-45]],[[96417,22154],[-20,5],[20,-5]],[[96180,21970],[0,-1]],[[96014,21624],[0,-1]],[[95945,21556],[-1,0]],[[95918,21583],[1,-1],[-1,3]],[[94946,22644],[0,2],[-1,-3]],[[94569,22741],[-1,0]],[[94568,22741],[1,0]],[[94680,23037],[1,0],[5,6],[-6,-6]],[[97899,23581],[-27,-5],[2,50],[3,34],[17,4]],[[97894,23664],[47,5],[-42,-88]],[[96864,23045],[0,-1],[1,0]],[[96658,23280],[46,66],[69,-39],[43,41],[26,-36],[62,11],[105,25],[12,92],[78,96],[60,6],[36,43],[73,75],[41,-37],[-4,-12],[84,-24],[3,-42],[20,-20],[86,38],[22,-41],[9,-4],[1,-41],[58,-33],[43,21],[26,-12],[15,36],[36,-22],[2,0],[51,-57],[3,-1],[36,-30],[0,54],[84,-45]],[[97884,23388],[-51,-91],[-7,-43],[16,-48],[28,-90],[22,-44],[92,-141],[44,-95],[41,-150]],[[97097,23221],[2,-3]],[[97099,23218],[-2,3]],[[96992,22585],[1,2],[-1,1],[0,-3]],[[96246,23471],[-71,142],[43,95],[40,18],[64,142],[4,14],[10,79],[15,97],[37,17],[-24,55],[31,61],[116,101],[1,52],[-29,14],[-30,14],[49,74],[49,82],[29,133],[68,23],[14,44],[-26,20],[-311,220],[0,-1],[-34,-49],[-38,-51],[-95,-2],[-108,-84],[-3,-40],[-24,-134]],[[96023,24607],[-76,5],[-66,-64],[-65,81],[-108,-79],[-104,95],[-7,45]],[[95597,24690],[104,3],[28,-51],[69,12],[44,37],[-22,26],[27,37],[34,68],[65,8],[50,-49],[38,39],[50,64],[-23,107],[-32,44],[-167,66],[-20,56],[-9,161],[123,127],[36,45],[30,208]],[[96022,25698],[99,29],[37,-7],[31,-3],[21,-23],[17,34],[57,-15],[64,36],[69,21],[6,-3],[66,-40],[177,-23],[114,47],[19,-3],[113,11],[72,82],[21,191],[2,3],[16,79],[-61,143],[56,-12],[0,-1]],[[97018,26244],[27,-8]],[[97045,26236],[1,0]],[[97046,26236],[94,48],[-6,42],[4,47],[-19,71],[-48,17],[23,79],[-1,33],[-12,47],[-1,33],[14,33],[-38,21]],[[97056,26707],[-1,68],[28,81],[61,-11]],[[97144,26845],[91,28],[17,46],[36,38],[40,-7],[94,-7],[15,0],[117,-42],[71,-2],[25,5],[42,-124],[86,-14],[72,78],[2,4],[63,16],[42,3],[27,17],[86,4],[124,69]],[[98194,26957],[19,-105],[-24,-202],[87,-56],[11,-122],[-40,-70],[-43,-50],[-29,14],[5,-56],[-61,-83],[-1,-29],[-1,-25],[8,-32],[23,-27],[31,-35],[88,-103],[52,-20],[-1,-76],[-22,15],[-48,-79],[-91,-4],[-16,-26],[-17,-24],[14,-39],[110,31],[16,-62],[32,-8],[-30,-35],[-50,6],[-23,-97],[74,9],[19,-32],[-103,-47],[38,-59],[91,26],[7,-40],[37,-24],[45,-19],[63,-35],[22,-87],[75,-39],[-50,-3],[-82,-86],[-80,-75],[-18,-27],[-27,-161],[14,-36],[-37,-25],[-21,-95],[-19,-93],[0,-117],[-50,-32],[-109,20],[-66,-45],[-37,-48],[-29,-76],[-1,-5],[13,-45],[31,-57],[-109,-46],[-17,-134],[32,-1],[65,-40],[-38,-34],[24,-44],[19,-68],[-31,-34],[-21,-68],[-14,-35],[-9,-37]],[[97899,23581],[-3,-26],[6,-37],[-13,-47],[2,-17],[-7,-66]],[[97214,24043],[-8,-7],[9,7],[-1,0]],[[97735,23502],[-3,2],[-2,0],[5,-2]],[[97832,23811],[-3,9],[2,-9],[1,0]],[[98260,25029],[-1,-10],[1,10]],[[97995,25353],[-16,10],[-26,-43],[42,33]],[[97960,25376],[1,33],[-18,45],[-30,11],[-33,-56],[80,-33]],[[97292,25552],[66,44],[0,2],[-65,176],[28,47],[-41,31],[-51,-126],[63,-174]],[[97165,25866],[64,58],[-32,60],[-29,-5],[-3,-113]],[[97753,25721],[0,-1],[0,1]],[[97955,25577],[-2,-4],[4,2],[-2,2]],[[97675,26356],[36,37],[-35,26],[-21,-33],[20,-30]],[[97736,26434],[41,-47],[58,-3],[-6,81],[-93,-31]],[[97878,26578],[1,-1],[43,14],[16,59],[-21,28],[-55,-87],[16,-13]],[[97363,26676],[-1,5],[2,-10],[-1,5]],[[97693,26561],[33,36],[113,3],[-20,48],[-88,-9],[-25,-35],[-13,-43]],[[98016,25814],[-2,2]],[[98014,25816],[-2,1],[2,-1]],[[98014,25816],[2,-2]],[[94965,23547],[-23,32],[-16,6],[-52,-23],[-57,21],[-14,-10],[-54,30]],[[94749,23603],[-1,101],[-36,-5],[-8,36],[64,153],[72,112],[68,82],[13,40],[7,22],[-47,128],[31,35]],[[94912,24307],[29,-2],[9,-33],[63,1],[22,3],[113,-56],[27,38],[42,-38],[16,70],[32,-1],[53,-44],[50,-21],[14,-25],[93,-69],[14,-12],[-8,-73],[37,-16],[185,53],[87,42],[41,-36],[66,-19],[37,53],[81,18]],[[96015,24140],[3,-1],[-3,1]],[[96015,24140],[-2,133]],[[96013,24273],[1,-1],[-1,2]],[[96013,24274],[-19,59],[-21,38],[28,51],[16,59],[6,126]],[[94908,23175],[-76,32],[-24,28],[66,15],[15,-4],[14,-10],[58,77],[24,24],[2,6],[13,49],[-16,29],[9,76],[-28,50]],[[94959,23710],[-2,-2],[2,2]],[[95161,23720],[2,3],[-1,-1],[-1,-2]],[[94912,24307],[-51,61],[-24,132],[3,43],[-14,31],[-63,-5],[65,16],[-15,84],[-6,53],[-6,58],[-36,56],[65,104],[45,12],[21,25],[23,110],[46,90],[35,37],[34,61],[6,27],[47,71],[22,45],[53,65],[28,61],[8,74],[78,-27],[47,-66]],[[95323,25525],[2,-4],[21,-74],[31,-105],[26,-76],[68,-64],[-26,-48],[14,-208],[117,16],[18,-146],[-57,-50],[60,-76]],[[96013,24274],[0,-1]],[[86867,13511],[41,-55],[-56,23],[15,32]],[[88739,22424],[96,-135],[-15,-83],[-83,72],[-27,133],[29,13]],[[89584,23382],[40,-81],[-67,30],[27,51]],[[94910,24656],[-1,6],[-1,0],[2,-6]],[[95224,25528],[1,0],[-1,0]],[[95808,24418],[-2,-2],[4,8],[-2,-6]],[[95323,25525],[50,78],[-70,39],[-118,32],[-23,73],[21,73],[36,74],[7,70],[-14,85],[6,17],[7,74],[2,67],[15,35],[58,129],[29,58],[64,28],[7,73],[-55,71],[12,29],[-38,56],[-14,37],[-12,10],[-44,50],[14,32],[-56,41],[3,50],[101,-11],[-2,44],[-53,35],[38,27],[-21,38],[123,-23],[2,76],[-53,27],[21,76],[53,10],[43,97],[-168,0],[7,97],[-50,23],[11,47],[24,27],[-41,16],[33,39],[22,31]],[[95300,27582],[55,-28],[224,-8],[58,-13]],[[95637,27533],[65,-84],[99,-115]],[[95801,27334],[-72,-74],[-4,-107],[98,-74],[5,-56],[-99,-16],[-96,-81],[35,-66],[114,-68],[-12,-57],[46,-18],[2,-85],[1,-47],[5,-136],[-22,-73],[24,-163],[-8,-61],[5,-196],[37,-66]],[[95860,25890],[-4,0],[4,-1],[3,1]],[[95863,25890],[86,-53],[73,-139]],[[95320,25858],[44,92],[-62,23],[-28,-50],[-24,-39],[70,-26]],[[95296,26196],[1,-1],[0,1],[-1,0]],[[95457,26474],[-2,-2],[3,2],[-1,0]],[[95863,25890],[-3,0]],[[95801,27334],[107,-15],[21,37],[101,-26],[-6,73],[98,18],[65,35],[105,-46],[36,-9],[26,17]],[[96354,27418],[117,-57],[12,-38],[29,-33],[-60,-94],[4,-30],[26,-23],[-8,-28],[29,6],[42,-16],[14,35]],[[96559,27140],[17,-30],[-50,-122],[-7,-123],[14,-40],[74,-10],[4,-37],[45,-16],[98,20],[23,3],[144,16],[10,-66],[8,-30],[56,-2],[61,4]],[[97046,26236],[-1,1],[0,-1]],[[96400,27196],[1,1],[-3,1],[2,-2]],[[96559,27140],[84,5],[25,-25],[28,52],[2,50],[50,-22],[-41,35],[18,21],[87,47],[5,31],[3,22],[1,13],[16,48],[12,28],[8,33],[-7,28],[4,25],[4,30],[-108,51],[-59,24],[-98,-39],[-56,49],[34,-73],[-82,46],[-97,-6]],[[96392,27613],[1,24],[-26,41],[-34,97],[72,202],[24,23],[17,112],[39,11],[126,-18],[7,-9],[164,49],[16,-39],[40,-6],[30,18],[78,111],[29,87],[-13,14],[1,47],[32,56],[85,26],[88,20],[37,9],[11,-45],[61,25],[62,180],[32,15],[-12,50],[-21,22],[41,38],[136,-19],[69,129],[5,32],[110,111],[94,-59],[69,12],[92,36],[4,6],[9,21],[13,37],[2,3],[74,79],[-26,87]],[[98030,29248],[102,-1],[0,-1],[64,-15],[26,-5],[71,-21],[40,1],[37,-6]],[[98370,29200],[27,-60],[8,-2],[45,-5],[9,-65],[12,-93],[-5,-114],[-32,-35],[-49,-49],[-50,-59],[-102,-192],[-78,-125],[-21,-60],[-39,-149],[-7,-129],[24,-54],[28,-73],[-44,-67],[6,-18],[70,-86],[-27,-43],[7,-131],[-36,-23],[6,-1],[-64,-102],[-2,-44],[36,-14],[24,-82],[104,-54],[11,-71],[21,-49],[-35,-132],[-23,-62]],[[96785,26978],[2,4],[-1,0],[-1,-4]],[[97055,27001],[0,4],[-1,-4],[1,0]],[[97080,27108],[7,-2],[-7,3],[0,-1]],[[97017,27096],[-5,0],[5,0]],[[97936,27837],[3,6],[-3,-6]],[[97774,27938],[0,1],[-1,0],[1,-1]],[[97145,27896],[1,5],[-11,-4],[10,-1]],[[97501,27717],[-4,-4],[2,-4],[2,8]],[[96828,27936],[-41,-41],[-16,-44],[37,15],[23,-53],[42,53],[-14,42],[-13,15],[-18,13]],[[97426,28671],[1,-1],[1,2],[-2,-1]],[[98049,29064],[-2,-1],[1,-1],[1,2]],[[96392,27613],[-42,-137],[4,-58]],[[95637,27533],[29,10],[-46,84]],[[95620,27627],[-1,1]],[[95619,27628],[-19,150]],[[95600,27778],[1,0],[-1,0]],[[95600,27778],[-46,27],[25,66],[-65,68],[0,1],[-36,55],[-8,11]],[[95470,28006],[50,68],[62,70],[3,28],[38,55],[54,-6],[36,93],[3,86],[19,20],[30,60],[-5,27],[25,74],[23,55],[20,14],[-41,69],[20,39],[29,35],[-31,21],[23,60],[112,60],[-11,45]],[[95929,28979],[55,-18],[38,-71],[47,-32],[16,-76]],[[96085,28782],[-11,-5],[11,5]],[[96085,28782],[11,-5],[71,-39],[5,-42],[40,-66]],[[96212,28630],[90,-54],[23,7],[16,3],[48,-29],[63,54],[40,-20],[32,48],[12,-2],[23,-23],[58,31],[36,54],[-92,77],[-25,133],[-2,66],[-27,1],[22,43],[-48,33],[-8,59],[13,16],[4,11],[66,33],[27,43],[122,-39],[15,34],[34,6],[-14,123],[64,42],[60,128],[29,66],[46,125],[98,39],[33,83],[70,25],[5,78]],[[97145,29924],[154,-71],[148,2],[19,-31],[8,-56],[63,-245],[40,-45],[90,8],[184,-158],[49,-34],[130,-46]],[[96125,27985],[1,0],[-1,0]],[[96806,28329],[1,1],[-1,0],[0,-1]],[[96834,28373],[-10,3]],[[96824,28376],[10,-3]],[[96631,28311],[5,-3],[1,13],[-6,-10]],[[94928,28399],[-28,91],[-41,128],[-56,122],[-29,81],[-41,66],[-83,111],[-9,143],[52,149],[65,34],[57,121],[61,28],[1,88],[5,79],[-55,100],[-93,105]],[[94734,29845],[24,19],[45,57],[-59,88],[-23,179],[10,16],[-55,111],[24,33],[-78,94],[-59,36],[39,27]],[[94602,30505],[13,7],[-26,157],[-1,33],[-3,51],[-14,35]],[[94571,30788],[33,56],[191,-104],[59,-71],[34,2],[45,80],[9,1],[87,23],[154,-67],[97,1],[19,-58],[82,-61],[9,-2],[26,-170],[114,-25],[41,25]],[[95571,30418],[46,-257],[-33,-21],[1,-75],[-31,8],[29,-70],[49,-40],[-24,-49],[3,-11],[28,-202],[44,-100],[5,-68],[8,-49],[1,-35]],[[95697,29449],[0,-179],[56,-53]],[[95753,29217],[50,-34],[50,-28],[-13,-63],[31,-62],[23,-19],[35,-32]],[[95470,28006],[-110,-84]],[[95360,27922],[-1,59],[-52,12],[-4,53],[-75,-3],[0,-7],[5,-84],[-50,10],[-13,-25],[44,-165],[-14,-72],[16,-21],[-33,10],[-47,248],[-49,156],[-43,70],[-54,75],[-62,161]],[[94877,28739],[2,6]],[[94879,28745],[-2,-6]],[[94929,28801],[1,-1],[-1,1]],[[95370,28753],[-1,-3],[1,3]],[[95523,28601],[0,1],[0,1],[0,-2]],[[95307,29047],[2,1],[-2,0],[0,-1]],[[95002,29289],[0,1],[-3,1],[3,-2]],[[95753,29217],[61,28]],[[95814,29245],[18,59],[32,-1],[-19,61],[27,36],[-175,49]],[[95571,30418],[26,41],[90,-11],[-10,52],[46,39],[-46,40],[-15,32],[47,89],[5,3],[85,37],[91,31],[11,18],[-5,66],[27,44],[186,-33],[12,-11],[3,-8],[15,-6],[24,-54]],[[96163,30787],[-31,-32],[30,31]],[[96162,30786],[31,-50],[68,38],[11,-13],[43,70],[73,-14],[45,-9],[36,-6],[75,-99],[36,-32],[62,20],[84,-67],[43,16],[11,-117],[57,-54],[67,-106]],[[96904,30363],[-49,-19],[-12,-34],[22,-9],[31,-57],[93,-19],[64,-157],[13,-3],[36,-53],[54,-66]],[[97156,29946],[-1,-2],[-10,-20]],[[96307,28798],[1,-13],[21,-1],[-22,14]],[[96212,29467],[-13,-26],[59,-46],[109,-69],[0,91],[41,18],[-20,66],[-32,54],[-104,-4],[-40,-84]],[[96364,29307],[3,17],[-3,-17]],[[96165,29855],[22,-4],[9,51],[-31,-47]],[[95881,29931],[8,-38],[-6,30],[-2,8]],[[96199,30038],[-3,34],[-74,-2],[74,1],[3,-33]],[[95984,30401],[5,-1],[-5,2],[0,-1]],[[96010,30415],[-25,27],[25,-27]],[[95814,29245],[18,-11],[-18,11]],[[96153,30309],[-9,-1],[0,-1],[9,2]],[[96696,30962],[44,54],[-25,95]],[[96715,31111],[43,57],[37,-14],[-26,81],[54,134],[21,71],[4,12],[25,111],[28,31],[40,0],[15,42],[74,24],[25,83],[39,-5]],[[97094,31738],[102,-90],[13,-11],[13,-22],[82,-99],[44,21],[67,95],[46,15],[40,-3]],[[97501,31644],[47,-11],[32,-6],[19,4],[63,58]],[[97662,31689],[17,-22],[74,-15],[19,-69],[15,-77],[-2,-67],[-56,33],[-65,-21],[-56,-96],[53,7],[120,73],[-32,-149],[35,-80],[18,-12],[22,-6],[128,-39],[86,-31],[157,-54],[58,-12],[20,-118],[-4,-42],[43,-65],[46,-8],[35,44],[6,-82],[-70,-57],[-10,-21],[11,-20],[18,-41],[-35,-42],[18,-69],[-10,-71],[-7,-65],[5,-66],[-28,0],[47,-6],[-17,-48],[7,-6],[2,-80],[5,-25],[-13,-53],[-9,-12],[-30,-23],[-3,-65],[3,-44],[7,-64],[-35,-38],[16,-82],[22,-35],[38,-18],[-5,-72],[16,-38],[47,-82],[3,-140],[0,-72],[-22,-73],[0,-53]],[[96904,30363],[24,8],[13,81],[-26,54],[-23,82],[-23,143],[-82,55],[-27,23],[-7,28],[-49,21],[-8,104]],[[96910,30855],[-6,-4],[6,4]],[[98150,29555],[-1,0],[-2,-5],[3,5]],[[97915,30400],[4,-1],[-4,1]],[[98106,30425],[14,-1],[-14,1]],[[97919,30622],[-2,0],[2,0]],[[97887,30667],[33,-31],[186,-20],[18,-12],[-3,20],[-13,47],[-47,3],[-132,12],[-42,-19]],[[97841,30699],[2,-4],[33,14],[-35,-10]],[[97686,30913],[-4,4]],[[97682,30917],[4,-4]],[[97331,32279],[-117,-61],[-174,-103],[-80,-68]],[[96960,32047],[-20,67],[2,50],[-75,56],[-37,11],[-47,67],[-34,44],[-13,20],[-3,19],[-26,42],[-54,2],[-35,34],[-17,115]],[[96601,32574],[2,5]],[[96603,32579],[15,60],[-38,25],[-41,81],[-72,6],[-37,-1],[-53,12],[-92,85],[-8,55]],[[96277,32902],[138,70],[109,-3],[8,6],[45,22],[172,60],[346,36],[67,108],[114,-30],[39,-57],[-35,-58],[30,-38],[81,-58],[-21,-7],[66,-32],[13,-57],[31,-55],[17,-13],[61,-53],[12,-4],[87,-86],[13,-32],[92,-52],[14,-19]],[[97776,32550],[0,-3]],[[97776,32547],[-13,-18],[42,-72],[41,-64],[-14,-67],[-23,-41],[78,-64]],[[97887,32221],[-31,-73],[-58,-26],[-135,-70]],[[97663,32052],[-19,41],[31,10],[-53,62],[-6,79],[-28,40],[-8,1],[-99,13],[-45,19]],[[97436,32317],[0,1],[0,-1]],[[97436,32317],[-79,-35],[-26,-3]],[[98217,30288],[-4,0],[6,-2],[-2,2]],[[97641,31542],[-1,9],[1,-9]],[[97582,31241],[-20,87],[-82,-27],[-65,-46],[-46,-126],[63,43],[93,-4],[57,73]],[[97449,32746],[1,-2],[-1,2]],[[97873,30955],[8,5],[-8,-5]],[[98149,30484],[-2,-1],[2,1]],[[97210,32573],[-1,-1],[1,1]],[[97441,32805],[-2,-2],[2,1],[0,1]],[[97546,32474],[-5,-10],[5,10]],[[97511,32376],[-22,33],[22,-33]],[[95632,32157],[19,-44],[6,-31],[58,-26],[53,55],[78,1],[83,15],[3,3],[23,-57],[12,-31],[29,-45],[-48,-26],[51,-159],[12,-66],[89,18],[21,43],[25,54],[3,-2],[34,-122],[0,-2],[21,-56],[21,14],[42,20],[3,4],[0,2],[-3,20],[102,51],[-6,-44],[-8,-40],[8,-24],[122,-11],[17,-33],[1,-2],[9,-34],[1,-3],[58,-28],[70,37],[12,-40],[-15,-47],[12,-109],[31,-69],[-76,-83],[-2,-92],[32,-15],[80,-42]],[[96162,30786],[1,1]],[[94571,30788],[-20,39],[-20,26],[-75,49],[-46,30],[-74,106],[6,37],[81,-7],[44,40],[56,31],[40,31],[19,-23],[66,-17],[26,1],[20,-25],[55,-7],[142,73],[10,29],[72,101],[17,3],[112,36],[38,-5],[107,48],[115,-37],[-18,20],[-53,182],[-71,49],[-23,32],[-53,93],[-8,31],[-12,60],[-38,67],[44,182],[-10,16],[-89,193],[70,110],[-29,234],[90,193],[-26,32],[21,34]],[[95157,32875],[15,17],[83,12],[47,-40],[115,-15],[147,4]],[[95564,32853],[-53,-68],[83,-318],[-24,-89],[13,-103],[49,-118]],[[95844,31710],[-1,0],[1,0]],[[95894,31584],[1,-1],[-1,1]],[[95708,31647],[1,0],[-1,0]],[[95574,32128],[1,3],[-1,0],[0,-3]],[[95690,30998],[2,1]],[[95692,30999],[-2,-1]],[[96309,31119],[1,1],[-1,-1]],[[96502,30970],[1,0],[1,1],[-2,-1]],[[96476,31226],[1,0],[-1,0]],[[95832,31448],[7,0],[-7,0]],[[95832,31448],[-2,0],[2,0]],[[95457,32212],[1,1]],[[95458,32213],[-1,-1]],[[98415,32512],[-11,-9],[-245,-97],[-44,-25],[-53,-64],[-66,-86],[-49,6],[-34,-47],[-26,31]],[[97776,32547],[1,0],[-1,3]],[[96277,32902],[-60,153],[-8,119],[14,134],[-42,112],[-195,-116]],[[95986,33304],[-38,37],[-104,57],[-71,92],[-82,60],[-41,40],[2,59],[73,158],[-12,92],[-126,127],[99,227],[-93,167],[-20,39],[-5,72],[-49,-17],[-187,177],[30,60],[-20,135],[104,51],[64,93]],[[95510,35030],[82,14],[76,78],[188,193],[0,3],[24,70],[85,50],[50,-13],[41,44],[29,195],[112,42],[73,95]],[[98794,35669],[-51,-74],[40,-82],[-22,-33],[28,-184],[-40,-62],[-7,-85],[-7,-41]],[[98735,35108],[-21,-56]],[[98714,35052],[-43,-17],[-13,-92],[-56,-61],[12,-67],[21,-38],[69,-51],[73,-144]],[[98777,34582],[52,-39],[12,-96],[-42,-97],[79,-78],[3,-63],[-6,-54],[45,-50]],[[98920,34105],[5,-8],[45,-49],[31,-12],[22,-99],[73,-215]],[[99096,33722],[-25,-53],[26,53]],[[99097,33722],[78,-181],[63,-35],[-18,-120],[95,-186]],[[99315,33200],[-13,-7],[-115,-61],[-151,-4],[-51,-15],[5,-73],[-17,-44],[-13,-29],[-125,14],[-1,61],[-77,4],[-50,-49],[28,-112],[68,-66],[-92,-55],[-50,-59],[-137,45],[131,-48],[-103,-105],[-112,-70],[-25,-15]],[[98269,32591],[-9,-4],[9,4]],[[98221,32849],[20,8]],[[98241,32857],[-20,-8]],[[98517,33064],[29,-46],[24,33],[3,43],[-56,-30]],[[98785,33324],[-3,8],[3,-8]],[[98064,33693],[0,-1],[1,2],[-1,-1]],[[98060,33344],[-1,0],[1,0]],[[97707,33409],[33,-5],[0,1],[-33,4]],[[97728,32948],[0,-1]],[[97728,32947],[0,1]],[[97542,32849],[42,-42]],[[97584,32807],[-42,42]],[[98302,33491],[-7,2],[2,-3],[5,1]],[[98675,33388],[-50,13],[0,-27],[50,14]],[[98597,33409],[-17,61],[-23,-53],[40,-8]],[[98667,33531],[-3,-3],[5,2],[-2,1]],[[98507,33370],[52,-20],[17,47],[-29,-15],[-15,-1],[-25,-11]],[[98640,33230],[-102,1],[102,-1],[-3,-56],[3,56]],[[98416,33166],[-31,-4],[1,0],[30,4]],[[102769,33973],[54,-71],[255,6],[108,-200],[114,-11],[39,44]],[[103456,32632],[-47,-41],[-100,-13],[-57,-116],[6,-76],[72,-52]],[[103307,32260],[-185,27],[-69,-43],[-151,-37],[-52,-23]],[[102850,32184],[-57,277],[52,43],[1,70],[57,36],[280,335],[92,42],[50,157],[-42,109],[-91,16],[-10,-55],[-14,31],[-73,6],[-49,-77],[24,-106],[-37,11],[-71,134],[-133,40],[-46,-47],[-32,31],[-50,-29],[-63,63],[-73,-30],[-184,67],[-56,-68],[-48,-22],[-19,-68],[79,-3],[-58,-67],[40,-54],[70,-11],[-39,-74],[101,-171],[8,-53],[-44,-12],[33,-65],[-154,-9],[-79,103],[-49,-25],[-136,85],[59,-105],[182,-63],[21,-118],[65,-27],[-106,-22],[-12,-64],[-59,20],[-7,-56],[-34,-2],[56,-99],[-59,-106],[-99,109]],[[102037,32261],[-75,189],[-75,181],[-38,11],[-294,-106],[-9,-49],[-37,5]],[[101509,32492],[-169,211],[-142,109],[-69,219],[-54,-34],[-86,8],[-35,74],[-161,10],[-4,118],[64,31],[-83,-11],[-29,32],[-7,-69],[-43,-33],[-140,37],[-79,-2],[-49,39],[-117,-8],[-78,82],[-90,-19],[-36,-49],[-103,74],[-58,77],[-98,-5],[-56,-10],[-16,11],[-90,-7],[-16,-59],[-138,-22],[-123,-13],[-22,5],[-25,-35],[-42,-53]],[[99097,33722],[-1,0]],[[98920,34105],[47,46],[161,-31],[192,-160],[188,-25],[3,30],[-102,87],[-72,191],[-141,181],[-419,158]],[[98714,35052],[50,-41],[-33,-28],[68,-185],[81,-77],[81,25],[-14,-59],[64,-89],[233,-156],[202,-333],[100,-69],[205,-43],[152,-137],[33,16],[-15,21],[-366,261],[-363,475],[-88,68],[-35,84],[-171,122],[-163,201]],[[100010,33953],[-9,-45],[64,-16]],[[100065,33892],[32,22],[-87,39]],[[100083,34152],[-11,4],[0,-4],[11,0]],[[100065,33892],[-123,-17],[115,-14],[11,16],[-3,15]],[[99885,33848],[-106,72],[-15,-65],[-34,-10],[125,-22],[22,14],[8,11]],[[100014,34021],[0,-4],[0,5],[0,-1]],[[101658,33971],[149,-43],[209,-131],[31,-14],[206,-67],[26,-45],[-33,-44],[56,-24],[65,17],[9,75],[-32,43],[47,32],[101,-44],[-37,69],[-64,4],[-216,217],[-450,146],[-240,-37],[-1,-98],[174,-56]],[[102478,33558],[-19,-22],[36,-117],[159,-15],[-25,204],[-69,2],[-31,-59],[-69,-14],[18,21]],[[101006,33318],[-1,0]],[[101005,33318],[1,0]],[[100214,34026],[-9,0],[9,0]],[[100372,33357],[-2,-3],[2,3]],[[100038,33461],[35,-5],[43,-10],[11,58],[-70,23],[-19,-66]],[[99810,33732],[14,-2],[-4,2],[-10,0]],[[100053,33534],[6,33],[-17,5],[11,-38]],[[99721,33532],[15,-2]],[[99736,33530],[-15,2]],[[99924,33816],[-4,0],[0,-1],[4,1]],[[96960,32047],[4,-17],[38,-38],[-25,-64],[122,-91],[1,-8],[-6,-91]],[[95564,32853],[65,66],[163,91],[4,101],[46,39],[-29,32],[97,37],[76,85]],[[96603,32579],[-2,-5]],[[96430,31971],[-5,-6],[6,7],[-1,-1]],[[96225,32124],[2,-3],[-2,3]],[[96401,32193],[2,0],[-2,0]],[[96353,32115],[6,61],[-67,9],[8,-43],[12,-12],[27,-19],[14,4]],[[96784,31971],[1,-2],[-1,2]],[[96008,32209],[0,-1],[1,0],[-1,1]],[[96023,32289],[0,1],[0,-1]],[[96428,31866],[1,-1],[-1,1]],[[96117,32654],[-2,-16],[3,16],[-1,0]],[[95735,32770],[7,1]],[[95742,32771],[-7,-1]],[[94446,23205],[0,7],[17,24],[15,21],[-1,4],[3,19],[-1,27],[-11,24],[7,2],[-2,10],[2,10],[2,9],[18,27],[15,1],[5,1],[28,7],[8,4],[26,16],[14,-2],[48,11],[-12,70],[61,15],[24,40],[37,51]],[[94383,22980],[-11,85],[26,127],[64,68],[-14,-21],[6,-15],[-12,-14],[4,-5]],[[94461,23220],[0,-1]],[[94461,23219],[0,1]],[[94509,23222],[-11,0],[1,-17],[0,-2],[-2,-10],[1,0],[16,-3],[1,0],[-2,8],[-4,16],[0,8]],[[94485,23120],[1,0]],[[94486,23120],[-1,0]],[[94490,23130],[-4,-10]],[[94486,23120],[4,10]],[[94518,23246],[5,-1],[-5,1]],[[94570,23252],[-6,2],[4,-2],[2,0]],[[94549,23278],[-2,-1],[4,0],[-2,1]],[[94568,23311],[-2,-7],[2,7]],[[94539,23389],[-2,-1],[2,0],[0,1]],[[94679,23142],[-4,-10]],[[94675,23132],[4,10]],[[95300,27582],[14,81],[7,34],[-5,48],[-1,8],[-5,17],[-10,16],[21,18],[2,4],[1,10],[-1,15],[10,6],[26,81],[1,2]],[[95619,27628],[0,-2],[1,1]],[[95358,27779],[-1,0],[1,0]],[[97511,31943],[28,-7],[13,-22],[8,-11],[27,14],[-8,-26],[17,-7],[-5,-14],[25,-26],[9,-4],[12,-43],[-2,-19],[15,-34],[6,-32],[6,-23]],[[97501,31644],[1,1],[-1,-1]],[[97663,32052],[-58,-16],[-14,55],[-57,-28],[-32,-31],[-129,13],[18,-32],[111,-7],[0,-51],[9,-12]],[[97537,31868],[1,-1],[0,2],[-1,-1]],[[97541,31884],[1,0],[-1,0]],[[97540,31875],[0,-1],[1,0],[-1,1]],[[97526,31860],[1,-3],[-1,3]],[[103521,27767],[37,-41],[25,-29],[7,-8],[23,-79],[7,-47],[5,-52],[8,-40],[8,-27],[0,-19],[12,-102],[3,-19],[1,-3],[6,-83],[0,-20],[-8,-31],[-47,-63],[-27,-33],[-22,-26],[-9,-130],[-54,-85],[14,-53],[80,-29],[66,-78],[7,-24],[34,-113],[32,-100],[3,-8],[35,-116],[-25,-55],[14,-40],[10,-30]],[[103766,26184],[-83,-161],[-41,-15],[-80,-38],[-21,-67],[-85,-24],[-2,-130],[-51,-12],[-11,-39],[-161,-73],[-19,-41],[-94,0],[-64,9],[-27,-44],[-128,3],[-33,-27],[-52,44],[-107,-28],[-44,-27],[-61,-4],[-44,-32],[-53,2],[-33,-1]],[[102472,25479],[34,187],[65,183],[70,165],[15,107],[24,115],[-15,79],[-12,54],[-2,45],[14,118],[23,145],[29,6],[-12,132],[-17,49],[29,24],[56,-33],[49,19],[-77,-46],[28,-45],[93,53],[35,61],[32,159],[41,40],[-40,46],[69,-15],[1,52],[58,103],[63,46],[-68,61],[37,35],[-40,60],[-50,31],[3,58],[-21,20],[-40,7],[-6,18],[-21,28],[-87,45],[-40,-15],[-72,53],[-156,53],[-118,22],[-45,8],[12,-37],[-36,-15],[-139,97],[-66,-12],[-84,-9],[-49,33],[23,66],[-21,31],[25,19],[71,-14],[57,12],[31,-13],[31,3],[39,22],[-9,6],[-4,-10],[-22,-8],[-4,-9],[-30,-2],[-33,13],[-55,-12],[-72,14],[-23,-8],[23,8],[72,-12],[56,12],[60,-12],[5,9],[25,13],[91,208],[-184,-176],[-97,-13],[-56,-38],[-4,-23],[-16,8],[-36,-30],[-4,-22],[-22,45],[-16,42],[-8,58],[86,75],[9,20],[12,0],[22,15],[-3,6],[8,1],[5,45],[-7,-44],[-8,-3],[4,-5],[-20,-13],[-14,0],[-9,-19],[-28,6],[-3,-26],[-18,13],[-40,-15],[-50,5],[-7,32],[-38,140],[-64,21],[-60,-15],[12,-32],[-34,-51],[-54,-4],[9,-34],[-35,24],[134,210],[-64,104],[23,20],[30,104],[342,495],[94,258]],[[102166,29389],[108,17],[32,-26],[19,-113],[-15,-146],[10,-76],[66,-42],[46,-29],[119,-34],[87,-50],[6,-5],[56,-52],[41,-37]],[[102741,28796],[-16,-14],[16,14]],[[102741,28796],[31,-55]],[[102772,28741],[-204,-151],[55,-3],[18,-35],[173,141],[19,-19],[36,-28],[12,-8]],[[102881,28638],[17,-12],[59,-37],[31,-23],[1,-1],[13,-33],[6,-48],[6,-88],[29,-61],[50,-80],[126,-18],[23,-3],[112,-174],[-90,-77],[24,-53],[43,-39],[49,-16],[19,-4],[48,-24],[23,-25],[13,-13],[35,-38],[3,-4]],[[103085,27195],[7,-8],[-5,21],[-2,-13]],[[101830,28949],[94,131]],[[101924,29080],[16,3],[42,33],[-33,72],[126,142]],[[102075,29330],[-50,-181],[-370,-610],[-30,-39],[-37,46],[-81,14],[-80,-11],[-91,44],[31,34],[-33,-33],[-31,19],[-73,91],[-76,75],[-92,90]],[[101062,28869],[222,178],[230,107],[116,67]],[[101630,29221],[33,-40],[79,-62],[28,-19],[57,-15],[96,-5]],[[101923,29080],[-93,-131]],[[103399,32212],[26,-32],[56,20]],[[103714,32086],[1,0]],[[104395,31965],[155,67],[126,-8],[88,42],[69,-52]],[[104833,32014],[-519,-551],[-504,-538],[-136,-38],[-61,-28],[-66,65],[-48,-43],[-136,54],[-108,49],[23,74],[-85,94],[-88,66],[-83,-22],[-80,23],[-38,-47],[-232,-210],[-71,0],[-279,-196]],[[102322,30766],[-3,71],[13,109],[11,102],[20,139],[-103,133],[-13,102],[-91,49],[-17,88],[-89,94],[18,216],[-31,95]],[[102037,31964],[91,-21],[120,-91],[175,-43],[133,141],[130,64],[84,162],[80,8]],[[104378,27990],[9,41],[9,34],[2,37]],[[104398,28102],[281,-5],[0,131],[0,3],[-272,-2]],[[104407,28229],[-13,73],[-13,31],[-33,51],[-91,142],[-291,193],[35,109],[-84,59],[-41,35],[-32,-7],[-131,28],[-74,-80],[-70,-55],[-108,-19],[-75,-38],[-49,43],[-4,11],[-33,43],[-27,53],[-3,2],[-59,37],[-52,-30]],[[103159,28910],[-93,-2]],[[103066,28908],[-28,28],[-12,49],[-11,90],[8,42],[-35,48],[-54,56],[-9,11],[-30,55],[-16,45],[-18,63],[-1,5],[-71,168],[-79,177],[-24,193],[-85,121]],[[102601,30059],[108,202],[89,53],[250,-151],[171,19],[32,-67],[-48,-85],[105,-82],[156,-50],[146,29],[25,-164],[19,-62],[-2,-63],[31,-52],[37,-49],[10,-12],[26,8],[19,9],[27,21],[44,23],[126,32],[3,-2],[29,-16],[94,-21],[80,27],[76,-17],[80,-21],[95,-27],[22,-10],[6,-3],[103,-69],[128,-83],[47,-97],[-41,-81],[2,-5],[35,-46],[4,-47],[7,-16],[6,-12]],[[104748,29072],[-120,-236],[-67,-3],[-28,-19],[40,-10],[28,-6],[144,12],[54,218]],[[104799,29028],[22,-23],[71,-19],[86,-17],[112,0],[25,-71],[37,-59]],[[105152,28839],[-27,-167],[28,166]],[[105153,28838],[16,-6],[13,-16],[36,-35],[35,22],[61,74],[56,-5],[95,-33],[73,-44],[20,-12],[40,-38],[1,-48],[11,-68],[4,-15],[46,-50],[44,-29],[15,-13],[17,-117],[0,-1],[5,-18],[19,-12],[46,-3],[19,-22],[85,46],[163,1],[3,-14],[77,23],[37,17],[-21,36],[64,38],[3,2],[52,9],[19,6],[1,63],[35,-3]],[[106343,28573],[70,-39],[43,-61],[8,-12],[24,-64],[7,-21],[-7,-39],[10,-14],[8,-10],[19,-8],[8,-10],[18,-14],[22,-10],[22,-18],[6,26],[36,-23],[25,-6],[27,-8],[34,13],[24,-21],[32,33],[68,11],[94,17],[94,-11],[39,-12],[35,-11],[4,-81],[-42,-5],[-2,-4],[1,-23],[-28,5],[-8,-1],[1,-8],[3,-30],[-64,-14],[-28,-45]],[[106946,28055],[-30,2],[-15,5],[-36,14],[-18,6],[-17,5],[-52,6]],[[106778,28093],[0,6],[0,-6]],[[106778,28093],[-27,-1],[-11,0],[-16,-1],[-4,-1],[-30,-4],[-10,0],[-31,-2],[-5,1],[-30,4],[-10,6],[-52,18],[-14,25],[-9,15],[-34,56],[-36,6],[-25,0],[-16,0],[-16,0],[-18,-7],[-2,-1],[-23,-17],[-3,-3],[-14,-11],[-11,-14],[-15,-21],[-4,-4],[-10,-14],[-10,-12],[-14,-23],[1,-90],[0,-13],[-4,-18],[-21,-77],[-20,-72]],[[106234,27818],[-44,0],[-32,-8],[-30,7],[-42,8],[-10,2],[-43,6],[-101,30],[-48,-57],[25,-48],[-60,-1],[-14,38],[-20,-12],[-70,-23],[-6,65]],[[105739,27825],[-69,-69],[24,109],[-46,-41],[-57,55],[3,31],[-26,3],[7,-28],[-14,-52],[-86,-2],[-45,0],[-35,-20],[-20,7],[-28,-28],[-30,-18],[-1,-14]],[[105316,27758],[-73,-66],[-2,-4],[-7,-3],[-7,0],[-13,-35],[-2,-21],[11,-18],[-3,-22],[-38,-18],[-27,-1],[-37,-12]],[[105118,27558],[-40,-30]],[[105078,27528],[-44,-24],[-52,-24],[-20,-5],[-24,-27],[-48,-5],[-6,-8],[-32,-57],[-104,-2],[-39,-20],[-101,0],[-14,-4]],[[104594,27352],[-13,-3],[-16,-11],[-60,-15]],[[104505,27323],[-1,2],[-25,100],[-102,137],[-5,23],[-11,55],[-8,44],[-8,103],[-1,17],[1,16],[5,55],[10,44],[18,71]],[[105068,27904],[-54,-5],[15,-28],[9,-16],[29,-83],[84,4],[-33,96],[-50,32]],[[104841,28120],[30,2],[12,47],[-92,16],[0,7],[2,52],[69,0],[-51,41],[0,1],[-24,17],[-3,-40],[-19,-41],[-34,42],[-10,0],[-12,-36],[14,-58],[43,-12],[75,-1],[0,-37]],[[104979,28338],[-11,-2],[-13,-30],[-31,18],[-12,-6],[58,-49],[8,-24],[14,44],[-13,49]],[[105065,28303],[40,-27],[-41,-35],[42,7],[38,-4],[7,-1],[45,-4],[1,31],[-54,68],[-78,-35]],[[105082,28385],[-27,14],[-27,-65],[67,46],[-13,5]],[[105365,28053],[-3,-11],[1,0],[2,11]],[[105196,27731],[117,180],[-35,-54],[-82,-126]],[[105284,27952],[9,15],[-8,-12],[-1,-3]],[[106086,28025],[5,-3],[9,-5],[-14,8]],[[107343,28255],[-62,-48],[9,80],[53,-32]],[[104532,28474],[-31,-23],[1,-2],[0,2],[30,23]],[[104480,28492],[119,113],[-6,5],[-2,1],[-67,47],[-84,-131],[40,-35]],[[104937,27640],[1,0],[44,17],[1,35]],[[104983,27692],[-44,1],[-2,-53]],[[104710,27454],[1,80],[-1,-63],[0,-17]],[[105154,27904],[-21,12],[21,-12]],[[105154,27904],[9,8]],[[105163,27912],[-9,-8]],[[105253,28061],[-3,0],[3,-1],[0,1]],[[105166,27981],[1,16],[-3,-44],[2,28]],[[105242,27945],[-1,41],[0,-23],[1,-18]],[[105163,27912],[68,28],[11,5]],[[105242,27945],[-79,-33]],[[105739,27825],[23,68],[10,30],[-33,-98]],[[106083,28338],[70,-1],[0,1],[-70,0]],[[105121,28652],[-4,-11],[4,11]],[[105349,28607],[-9,1],[-38,1],[47,-2]],[[106437,28342],[1,0],[-1,0]],[[107255,25357],[117,-81],[18,-96],[-20,-72],[-67,10],[54,-147],[-18,-37],[64,-86],[-3,-30],[-176,-20],[0,-19],[154,9],[30,-104],[-52,8],[52,-8],[-4,-37],[-32,-17],[2,-62],[-13,-22],[-11,-40],[-10,-38],[41,-90],[-24,-22],[35,-10],[-10,-35],[71,5],[7,-30],[31,-26],[-25,-44],[13,-180],[-25,-5],[19,-75],[-104,51],[-46,-26],[-65,-167],[-195,-168],[-18,-10],[-144,-176],[29,-60],[-23,-48],[-99,-188],[-11,-79],[42,-50],[107,33],[8,-46]],[[106954,23022],[-143,-40],[-57,-8],[-126,42],[-45,31],[-25,17],[-11,-1],[-21,-16],[-1,-14],[-6,-10],[-18,-64],[-44,-22],[-26,0],[-108,-8],[-68,-2],[-38,11],[-89,43],[-91,56],[-66,70],[-25,-13],[-10,52],[-10,5]],[[105926,23151],[-24,79],[-39,7]],[[105863,23237],[0,2]],[[105863,23239],[6,11],[-116,20]],[[105753,23270],[28,126],[140,-56],[101,-8],[-34,151],[69,69],[35,-75],[24,-4],[5,4],[-47,47],[17,40],[-81,-3],[-14,94],[-24,25],[39,185],[23,-11],[-30,51],[-8,128],[-72,30],[4,66]],[[105928,24129],[36,37],[32,-10],[49,36],[108,64],[79,-36],[186,-84],[18,-8],[124,-39],[146,-129],[32,-37],[13,-16],[34,-39],[16,-16],[48,71],[14,21],[147,218],[78,116],[-19,15],[-3,2],[-10,6],[-61,55],[-13,22],[-26,120],[-25,38],[-102,6],[-59,-9],[-20,28],[-5,31],[-40,43],[155,162],[44,32],[84,60],[82,60],[-57,96],[-36,18],[-3,132],[0,69],[-1,77]],[[106973,25341],[205,53],[77,-37]],[[108127,25395],[-8,-88],[-1,-98],[-2,-19]],[[108116,25190],[-8,-80],[-6,-63],[-6,-55],[-2,-16],[-1,-5]],[[108093,24971],[-6,-110],[0,-12],[-4,-81],[-3,-77],[-1,-21],[11,-100],[21,-152],[-31,-114],[-25,-58],[-7,-16],[-17,-47],[-13,-36],[-11,-31],[-37,-199],[-5,-24],[-6,-30],[-8,-39],[-3,-13],[-13,-67],[-2,-9],[-39,-91],[-40,-13],[-39,-101],[-80,-75]],[[107735,23455],[-76,67],[-81,-18]],[[107578,23504],[-111,-113],[11,74],[147,167],[2,87],[6,20],[-43,24],[-21,-17],[-177,-125],[6,60],[90,100],[121,110],[45,7],[24,108],[73,192],[-2,30],[-4,37],[-35,56],[-59,51],[48,112],[-20,42],[104,-26],[18,84],[41,109],[-18,87],[-31,93],[1,109],[-11,86],[-24,40],[-10,78],[69,221]],[[107818,25407],[309,-12]],[[107242,24471],[-2,12],[2,-12]],[[106202,23546],[0,-31],[1,31],[47,8],[-48,-8]],[[106148,23347],[-14,-2],[14,2]],[[107281,25730],[14,48],[39,-16],[72,-41],[-58,-49],[55,-22],[3,-109],[-46,49],[-20,-16],[5,40],[-59,-15],[-5,58],[-11,-72],[-73,67],[33,101],[35,12],[-14,-49],[30,14]],[[107278,25481],[86,-48],[-51,3],[-35,45]],[[107831,21727],[47,25],[35,51],[95,-61],[-3,-80],[-17,-71],[6,-12],[2,-3],[-54,-67],[-40,-37],[-40,-83],[-31,-26],[-71,-89]],[[107760,21274],[-62,114],[-15,60],[-9,49],[-5,56],[-2,23],[-12,126],[0,4],[-15,9],[-60,38],[-77,49],[-18,12],[-94,56]],[[107391,21870],[88,242],[32,73],[-76,192]],[[107435,22377],[131,-5],[101,-4],[51,26],[-44,-22],[-401,353],[25,68],[87,81],[58,-72],[27,14],[138,59],[16,22],[37,97],[-37,79],[-48,27],[-123,-179],[-30,37],[43,129],[-23,57],[-46,-24],[-11,36],[36,56],[97,184],[64,12],[-5,96]],[[107735,23455],[70,-83],[129,-21],[2,0],[100,-7],[169,-99]],[[108205,23245],[-96,-103],[-15,-32],[43,-28],[20,-81],[33,-29],[34,-3],[36,41],[61,105],[100,133],[82,42],[104,-54],[63,-55],[-41,-102],[32,-8],[63,75],[52,-43],[41,-61],[-56,-60],[8,-8],[58,47],[51,-31],[103,-130],[119,-9],[36,-39],[39,-62],[63,5],[35,-37],[-23,-86],[-109,-144],[-95,-94],[-95,-98],[-39,-56],[-183,-61],[-159,-73],[-107,-47],[-36,75],[-28,81],[-40,39],[-67,-2],[-88,-69],[-15,-23],[-75,-66],[-43,-18],[29,446]],[[108100,22522],[-28,44],[-7,-351],[-23,-119],[-41,-17],[-34,-20],[-64,-50],[-65,-88],[-21,-30],[-8,-56],[-9,-36],[-6,-45],[11,-21],[5,-13],[21,7]],[[107912,21672],[-7,1],[7,-1]],[[108100,22522],[1,-3],[0,2],[-1,1]],[[105147,25796],[4,-69],[-205,-18]],[[104946,25709],[-14,133],[-20,-21],[-23,42],[-77,7],[-99,44],[7,41],[-71,72],[-88,74],[-37,29],[-355,205]],[[104169,26335],[132,-3],[199,29],[60,29],[7,21],[2,54],[1,120],[0,2],[-2,163],[3,53],[11,152],[0,2],[2,80],[0,3],[-16,83],[-10,31],[-13,41],[-1,3],[-10,30],[-5,15],[-12,38],[-7,25],[-5,17]],[[105078,27528],[28,-45],[83,-140],[47,-73],[41,30],[-50,78],[-109,180]],[[105316,27758],[4,-4],[-4,4]],[[106234,27818],[0,-32],[1,-9],[36,-25],[86,-45],[0,-1],[19,-44],[47,-33],[42,-64],[54,13],[-27,-61],[77,-32],[84,59],[98,30],[7,-54],[50,-6],[21,18],[6,9]],[[106835,27541],[0,1]],[[106835,27542],[19,47]],[[106854,27589],[209,-83],[10,-35],[30,-22],[-293,-12],[6,-104],[284,34],[-110,-68],[32,-60],[26,-50],[15,59],[83,-1],[41,-31],[106,-10],[-66,102],[78,15],[27,-135],[49,-46],[40,3],[37,-127],[268,21],[-5,26],[-4,18],[-15,80],[-182,35],[-12,31],[119,-4],[44,66],[28,-115],[188,78],[35,-113],[25,-33],[14,-22],[12,-27],[42,7],[-23,-81],[51,-59],[-33,-78],[-67,-182],[31,-91],[64,-14],[-43,-53],[21,-54],[-20,-58],[25,-60],[-71,-145],[1,63],[-14,-36],[-29,18],[-48,112],[-66,-187],[-21,-70],[-7,-40],[-58,24],[-16,68],[-72,10],[-84,54],[-59,51],[-53,48],[-31,36],[-14,40],[62,31],[-5,56],[-37,4],[-55,-103],[-46,74],[-60,46],[-11,46],[-33,-3],[-16,5],[-27,2],[-10,0],[-24,-15],[-21,-17],[-4,-30],[-22,-13],[22,-17],[3,-19],[93,-61],[46,-88],[17,-52],[148,-108],[63,19],[26,-86],[-15,-163],[-64,-86],[-127,47],[-39,105],[-68,-13],[-13,34],[63,152],[-49,46],[-52,-48],[9,-60],[-47,-30],[-147,142],[-40,33],[-45,18],[-55,60],[2,-32],[-88,-21],[20,-37],[-90,-37],[-37,-19],[-38,-43],[-24,16],[13,-30],[-76,-26],[1,-38],[-13,44],[-45,-44],[-16,31],[-56,-20],[-6,60],[-32,0],[-36,-1],[-5,-54],[-35,65],[-16,-44],[-42,47],[-22,22],[-27,-25],[-52,-26],[-38,-53],[-56,-7],[-62,-36],[-61,6],[-2,-3],[-9,-38],[-71,-1],[-52,-2],[-39,-23],[-50,2],[-82,-34],[-30,-16],[7,28],[-43,8],[-79,3],[2,84],[50,-14],[9,27],[-97,1],[-3,33],[-48,-32],[13,-53],[-77,-2],[72,-3],[-71,-54],[-75,2],[-40,-105]],[[105493,26266],[59,-5],[0,1],[-59,4]],[[105742,26199],[-2,-4],[39,7],[-37,-3]],[[105345,27202],[92,-116],[38,17],[-45,115],[-39,18],[-46,-34]],[[105380,27070],[-36,12],[-29,-38],[9,-83],[56,-36],[32,112],[-32,33]],[[105280,27394],[4,-20]],[[105284,27374],[-4,20]],[[105099,26563],[103,39],[14,41],[-65,47],[-106,-100]],[[105045,26590],[54,-27]],[[105360,26627],[1,0],[-12,12],[11,-12]],[[105181,26468],[-2,0],[2,-1],[0,1]],[[105045,26590],[-2,-1],[2,1]],[[106137,26616],[5,2],[-1,0],[-4,-2]],[[105515,27387],[-6,61],[-53,-3],[2,-63],[57,5]],[[105510,27477],[1,36],[-25,-24],[24,-12]],[[106878,26850],[0,5],[0,-5]],[[107749,27511],[72,-95],[-96,-58],[-13,60],[-55,-26],[1,57],[-25,-29],[26,43],[68,60],[22,-12]],[[105335,27551],[12,-11]],[[105347,27540],[27,2],[1,38],[-71,38],[10,-62],[21,-5]],[[105343,27415],[63,-55],[-40,103],[-39,-10],[16,-38]],[[106904,27725],[9,20],[9,9],[43,13],[34,16],[52,57]],[[107051,27840],[21,-50],[35,-81],[27,-4],[-20,-43],[-45,-13],[-176,46]],[[106893,27695],[11,30]],[[105388,26745],[27,-41],[49,35],[7,12],[-20,95],[-85,5],[-20,-24],[42,-82]],[[105208,26859],[38,-44],[-38,45],[0,-1]],[[106570,26830],[-1,-1],[-13,-85],[14,86]],[[102741,24776],[-76,95],[-15,25],[-41,6],[8,42],[-8,51],[-39,-7],[-7,71],[-94,18],[0,134],[-1,117],[9,42],[-33,25],[33,23],[-5,61]],[[103766,26184],[10,43],[89,17],[195,91],[74,1],[35,-1]],[[104946,25709],[-73,-35],[-110,-245],[-89,-189],[-73,16],[3,-4],[52,-77],[-10,-95],[6,-38],[7,-113],[26,-97],[33,-70],[10,-4],[20,-15],[44,-43],[37,-31],[65,-7],[-4,-53],[96,-38],[-96,-27],[-48,-50],[-30,-31],[15,-51],[-29,31],[-25,-17],[-67,-46],[-3,94],[-93,-1],[-4,1],[-1,-28],[-101,-30],[1,-35],[-10,-125],[-32,-21],[-180,75],[-160,7],[-206,101],[-140,84],[-59,1],[-31,-42],[-17,31],[-86,-27],[-40,28],[-64,-15],[-80,-57],[-100,14],[-101,169],[-51,0],[-51,21],[-8,105],[-32,-15],[-4,-52],[-59,21],[-69,-1],[-19,12],[-17,10],[-16,18],[-132,53]],[[102820,24926],[1,0],[-1,1],[0,-1]],[[104655,24788],[-1,-3]],[[104654,24785],[1,3]],[[103779,22691],[-40,25],[47,95],[8,105],[-12,94],[92,18],[25,44],[-56,22],[-4,68],[71,90],[53,-37],[54,-9],[26,36],[22,-25],[7,53],[-147,85],[35,23],[38,-33],[145,-3],[-10,31],[-144,70],[124,132],[0,-96],[49,-35],[118,-49],[-16,96],[34,63],[60,45],[71,-41],[40,-107],[-38,-104],[38,-25],[24,-121],[43,-20],[55,-1],[-28,56],[56,-58],[-42,-265],[101,-71],[15,-25],[-126,-9],[4,-72],[-25,-136],[-31,-144],[46,-229]],[[104561,22227],[-209,-11]],[[104352,22216],[-34,-277],[0,77],[-95,139],[-2,75],[-118,9],[-126,132],[370,94],[1,20],[-289,91],[-65,94],[-157,-15],[-58,36]],[[105066,24572],[-72,-60],[0,49],[72,11]],[[110479,22538],[-23,41],[-8,59],[0,28],[-16,50],[-16,55],[5,31],[62,45],[46,-1],[59,-5],[27,7],[50,1],[163,-94],[93,-105],[-89,-28],[-55,-14],[20,-32],[-4,-32],[-62,-12],[-4,-10],[62,-77],[-77,-106],[3,-57],[-58,19],[-66,76],[-73,61],[-20,30],[-7,36],[-12,34]],[[111270,21868],[37,-20],[-66,-37],[-42,28],[-31,42],[-39,1],[-44,64],[133,-24],[52,-54]],[[111295,21758],[-19,30],[85,31],[26,-15],[13,-17],[9,-10],[11,-27],[3,-8],[20,-12],[19,-28],[42,-38],[47,-65],[39,-5],[-89,-89],[-8,27],[-70,-26],[-31,59],[-62,94],[35,31],[-11,12],[-16,17],[-8,16],[-35,23]],[[111346,21884],[0,-40],[-73,34],[73,6]],[[111123,21738],[-25,15],[50,63],[16,-38],[-41,-40]],[[111885,20923],[58,31],[58,-2],[19,-5],[47,-9],[77,-29],[81,-69],[90,-42],[-58,-51],[-26,-60],[-88,43],[-57,14],[-87,-17],[-44,31],[-24,24],[-11,30],[-28,31],[-7,80]],[[112222,19987],[-47,98],[20,61],[35,153],[54,15],[39,-23],[58,-27],[97,-82],[-58,-128],[15,-90],[93,-24],[20,57],[38,-102],[-50,0],[-4,-93],[31,-117],[-46,-21],[-31,38],[27,94],[-1,104],[-84,17],[-82,-2],[-49,23],[-75,49]],[[110283,22390],[-32,23],[-50,112],[102,-21],[38,-45],[29,-32],[41,-33],[92,-68],[-36,-17],[-79,40],[-105,41]],[[110460,22427],[26,12],[-26,-12]],[[111698,21603],[129,-59],[4,-47],[-75,-42],[-122,34],[-11,100],[47,39],[28,-25]],[[111773,21701],[-3,-87],[-57,2],[-8,37],[68,48]],[[112344,20073],[5,-55],[5,-58],[-10,113]],[[100176,29808],[-11,55],[-15,104],[-21,115],[0,63],[47,38],[56,50],[14,28],[0,54],[46,43],[41,71],[25,25],[34,47],[48,27],[44,19],[-1,29],[4,26],[-14,70],[31,44],[27,54],[46,52],[124,47],[5,3],[10,8],[12,1],[6,25],[31,85],[2,22],[36,34],[42,17],[47,-34],[10,28],[-36,95],[6,70],[13,57],[-8,53],[-12,52],[-19,44],[27,72],[45,4],[23,1],[49,36],[4,54],[-118,8],[-16,30],[158,25],[60,-3],[30,67],[-55,13],[-112,15],[-2,70],[54,-19],[8,73],[-67,-7],[7,34],[0,34],[-34,-4],[-12,103],[68,-59],[18,156],[20,37],[-36,64],[-36,69],[19,122],[-40,26],[-7,-96],[-69,40],[-40,242],[-35,-171],[-43,48],[-97,-12],[76,-118],[-57,0],[-37,138],[126,64],[47,106],[188,56],[169,-52],[127,-93],[63,-10],[84,-134],[66,-25],[41,3],[-1,56]],[[102037,32261],[-114,-146],[114,-151]],[[102322,30766],[-14,-213],[132,-240]],[[102440,30313],[-285,-13],[-105,49],[-229,309],[-107,297],[-73,3],[-13,0],[-106,-24],[-47,-110],[-54,-30],[-28,-20],[-65,-81],[-68,-29],[5,-20],[-3,-44],[-24,-53],[25,-34],[-28,-32],[-23,-46],[-46,-56],[-7,-33],[10,-58],[-21,-35],[-21,-39],[98,-85],[26,-16],[-19,-36],[-10,-32],[-7,-11],[-39,-22],[-11,-14],[-33,-12],[-7,-10],[2,-9],[4,-9],[7,-17],[-9,-17],[-11,-12],[13,-19],[22,-19],[14,-15],[14,-11],[15,-4],[28,-7],[9,-18],[13,-31],[3,-35],[4,-28],[9,-16],[66,-33],[22,-40],[89,-68],[66,-92],[66,-44],[25,-62],[2,-17],[5,-39],[27,-93]],[[101062,28869],[-93,126],[-110,65],[-49,7],[-42,17],[-28,39],[-27,3],[-79,92],[-40,49],[-43,29],[-36,35],[-23,19],[-61,27],[-30,83],[-145,135],[43,-12],[-101,119],[-22,106]],[[100571,30607],[29,55],[-43,19],[-20,-85],[23,-4],[11,15]],[[100601,30662],[1,2],[-1,-2]],[[105272,29918],[-4,-46],[-14,-55],[-33,-65],[-10,-18],[-12,-36],[-40,-90],[104,-25],[13,35],[16,-42],[-5,-76],[-2,-51],[30,-56],[20,-33],[31,-26],[25,-28],[39,-41],[28,-21],[23,-25],[41,-32],[39,-43],[25,-17],[26,-5],[73,-29],[32,-71],[23,-17],[21,-37],[19,-8],[5,-21],[41,-25],[15,-32],[21,-4],[19,-10],[43,-22],[6,-4],[35,23],[35,22],[17,61],[33,0],[21,-78],[44,-20],[52,8],[54,8],[34,-71],[9,-34],[22,-57],[22,-41],[5,-6],[37,-41],[2,-13],[-9,-30]],[[105153,28838],[-1,1]],[[104799,29028],[-13,15],[-38,29]],[[102601,30059],[-161,254]],[[104833,32014],[1,-1]],[[104878,31868],[104,-75]],[[105731,30768],[-5,-3],[-94,-138],[-22,-22],[50,5],[-4,-38],[4,-92],[3,-59],[44,16],[27,-56],[102,19],[62,-82],[70,23],[68,-139],[-250,42],[13,121],[-74,-46],[-77,33],[19,33],[-74,13],[-4,-62],[-39,-5],[15,-70],[-58,44],[-58,-17],[42,-93],[52,-1],[12,-66],[54,-14],[18,-57],[68,-70],[-18,-20],[-444,1],[14,-18],[13,-18],[12,-14]],[[105075,30791],[-2,55],[2,-55],[-38,-1],[38,1]],[[106194,28820],[-39,-27],[37,-1],[-37,1],[39,27]],[[109154,24899],[-8,-46],[-53,-3],[-52,-58],[-121,22],[74,57],[-15,57],[-63,51],[87,66],[-9,25],[-40,-14],[-87,-29],[-20,32],[-15,-38],[-20,46],[15,-46],[-29,13],[-104,-7],[-1,63],[0,3],[-77,-4]],[[108616,25089],[26,-89],[-55,-36],[121,-97],[-10,-49],[-54,14],[-26,-70],[-83,99],[-7,-7],[-33,-73],[63,-146],[-78,-32],[-28,-16],[-25,-17],[12,-26],[-59,-8],[3,-40],[33,-103],[16,-200],[-26,-101],[-118,-59],[-19,-39],[-15,-70],[-25,-96],[-6,-98],[58,2],[10,-46],[30,-77],[-19,-84],[-2,-148],[-95,-132]],[[108093,24971],[111,-25],[36,184],[-124,60]],[[107818,25407],[7,111],[57,113],[30,126],[29,48],[78,134],[23,58],[40,-3],[-39,3],[127,87],[81,82],[286,175],[176,37],[-6,-140],[-132,-73],[99,-49],[31,-101],[87,14],[57,-119],[-2,37],[94,-30],[33,-110],[76,-131],[107,-199],[13,-73],[42,-12],[-10,-37],[-50,18],[-2,-51],[-263,-140],[48,-8],[48,-64],[147,14],[51,-60],[29,39],[6,-46],[6,-34],[1,-55],[-14,-65],[-55,-4]],[[109065,24668],[-7,28],[133,20],[7,-29],[-133,-19]],[[109098,24463],[-27,99],[-3,73],[133,21],[6,-72],[24,-109],[-33,-101],[-100,89]],[[109188,24743],[-54,-2],[-24,39],[95,37],[-17,-74]],[[108616,25089],[0,1],[0,-1]],[[102881,28638],[2,0],[3,128],[-114,-25]],[[102166,29389],[-91,-59]],[[101924,29080],[-1,0]],[[103066,28908],[-95,-104],[20,-30],[37,24],[-31,-29],[38,-42],[124,183]],[[104407,28229],[-9,-127]],[[104145,27638],[-30,-11],[-3,-20],[44,-28],[18,14],[-16,24],[-13,21]],[[104100,27627],[-5,70],[-10,-57],[15,-13]],[[104039,28104],[45,-310],[-45,310]],[[104265,27126],[-21,-1],[0,-1],[21,2]],[[104194,27102],[0,1],[-13,1],[13,-2]],[[104471,26607],[0,-17],[4,-65],[-4,82]],[[103565,28025],[10,-6],[1,-2],[-1,2],[-10,6]],[[103785,28057],[18,-26],[-18,26]],[[108363,27759],[19,14],[67,167],[79,-28],[56,-50],[100,-56],[40,-34],[11,-7],[22,-4],[33,3],[16,6],[19,1],[36,3],[19,3],[9,1],[39,34],[29,2],[32,-11],[31,8],[34,7],[20,-3],[12,-3],[30,5],[72,-30],[36,-23],[31,-12],[21,-43],[1,-15],[16,1],[22,-23],[8,-12],[35,-36],[39,-64],[5,-54],[-20,-45],[-2,-4],[-5,-12],[-2,-67],[-27,-53],[-32,-43],[-53,-43],[-46,-26],[-9,-52],[-43,-55],[-36,6],[-1,-38],[-59,-37],[-26,-27],[-2,-3],[-37,-75],[-47,-79],[-45,-30],[-72,-14],[-50,25],[-10,6],[-12,4],[-22,1],[-69,11],[-53,37],[-28,8],[-21,24],[-14,3],[-71,61],[-61,46],[-64,15],[-3,40],[-28,83],[-70,80],[34,31],[-47,-11],[-27,50],[-35,65],[-24,98],[25,18],[-20,42],[9,102],[97,-18],[42,89],[36,28],[11,12]],[[108532,27674],[110,-48],[-72,32],[-38,16]],[[108654,27455],[-112,21],[-31,5],[143,-26]],[[108656,27691],[-8,-67],[5,45],[3,22]],[[108439,27510],[24,27],[0,-1],[-24,-26]],[[108825,27769],[-1,-346],[0,136],[1,210]],[[108924,27500],[3,219],[0,-49],[-3,-170]],[[109303,27287],[-132,58],[-283,124],[415,-182]],[[109255,27243],[-419,186],[182,-81],[237,-105]],[[108859,27082],[-66,-229],[45,154],[21,75]],[[108754,27074],[74,202],[-137,-375],[63,173]],[[108318,27350],[14,8],[-7,-4],[-7,-4]],[[106335,24871],[39,16],[-8,46],[64,14],[35,10],[40,30],[95,33],[-17,38],[57,32],[35,-22],[58,65],[71,44],[31,39],[0,36],[17,85],[76,-41],[45,45]],[[105928,24129],[-37,4],[-18,55],[-31,132],[-83,180],[27,48],[65,100],[38,62],[41,81],[45,89],[101,-27],[0,-41],[19,-78],[127,28],[112,24],[-32,81],[33,4]],[[106727,24429],[-40,10],[-1,-2],[41,-8]],[[106592,24236],[-21,44],[-67,-54],[63,-29]],[[106567,24197],[25,39]],[[106567,24197],[-4,-4],[4,4]],[[106037,24658],[0,-1],[1,1],[-1,0]],[[106037,24656],[-15,-61],[130,-56],[-2,21],[-26,57],[-87,39]],[[105782,25591],[-12,31],[33,15],[-21,-46]],[[106612,22481],[-1,60],[-65,29],[13,70],[64,136],[-30,2],[-20,-13],[-45,-55],[-69,-38],[-69,-44],[-2,-25],[69,-107],[-33,-88],[-23,-67],[-58,50],[3,-131],[-15,-35],[-80,-12],[-78,15],[-69,14],[-35,80],[-31,115],[-19,91],[212,43],[5,5],[-114,-1],[-124,-30],[-27,-38],[-2,-53],[40,-59],[-15,-58],[-34,-40],[-144,-43],[-204,2],[-42,44],[-2,68],[-8,75],[1,15],[4,105],[34,94],[23,23],[57,74],[22,37],[40,78],[101,-7],[6,130],[-136,-4],[-9,56],[30,24],[16,44],[-34,129],[38,29]],[[105863,23239],[0,-2]],[[105926,23151],[-25,-25],[25,25]],[[106954,23022],[-190,-176],[33,-33],[121,27],[56,-29],[39,-48],[2,-159],[5,-72],[1,-28],[-9,-44],[-19,-56],[-22,-14],[-17,-18],[-21,-23],[-10,58],[6,40],[-14,3],[-76,-59],[14,-268],[-36,-31],[-88,95],[-89,-117],[-95,12],[-10,40],[-22,88],[37,26],[37,152],[10,48],[15,45]],[[104561,22227],[138,3],[21,-238],[-42,-27],[-326,251]],[[104818,21912],[-6,29],[43,0],[23,-35],[0,-9],[-28,-40],[-40,39],[9,9],[-1,7]],[[106831,21431],[-26,85],[-27,27],[-10,64],[2,23],[-20,51]],[[106750,21681],[84,36],[74,63],[28,33],[81,-33],[77,18],[28,50],[40,6],[21,2],[41,1],[58,-2],[56,-2],[53,17]],[[107760,21274],[-120,-225],[-98,-33],[-89,33],[67,75],[3,52],[-51,34],[1,52],[-47,14],[-17,-3],[-65,-138],[-5,-71],[-41,28],[3,12]],[[107301,21104],[12,2],[30,30],[-62,15],[42,184],[-36,20],[-55,-74],[-27,-54],[-35,-64],[-14,-24],[-31,-51],[-82,-53],[-51,18],[-44,83],[-27,43],[-31,140],[-59,112]],[[107201,19033],[-17,8],[-26,19],[-22,67],[56,-10],[23,-1],[66,-56],[19,-11],[86,-49],[-86,-18],[-99,51]],[[106428,21036],[-43,31],[-83,-8],[4,39],[48,18],[69,56],[19,36],[45,53],[-1,59],[42,-28],[12,35],[65,-16],[32,14],[22,-46],[24,-92],[-51,-98],[-60,-37],[-73,-7],[-71,-9]],[[106361,21648],[-12,42],[11,20],[14,18],[71,67],[40,17],[74,23],[-24,-68],[-29,-39],[3,-52],[-25,-93],[-34,41],[-35,-38],[-38,46],[-16,16]],[[106585,27959],[6,-21],[8,-9],[28,-34],[42,-15],[63,35],[34,7],[35,1],[28,3],[17,-9],[36,-33],[41,-37],[52,-8],[76,1]],[[106893,27695],[-18,-49],[-17,-47],[-4,-10]],[[106835,27542],[0,-1]],[[106778,28093],[0,-5],[0,5]],[[106946,28055],[4,-38],[-44,-14],[-29,-35],[-37,-28],[-27,26],[-3,2],[-30,-3],[-15,-5],[-13,6],[-14,4],[-17,3],[-33,10],[-50,3],[-33,-3],[-20,-24]],[[106479,28057],[-1,-1],[5,-4],[-4,5]],[[106870,27948],[53,-60],[-72,29],[19,31]],[[106489,27896],[-4,-5],[4,5]],[[106489,27896],[1,2],[-1,-2]],[[106460,27961],[1,0],[0,1],[-1,-1]],[[106702,21856],[87,104],[26,33],[7,10],[13,9],[15,-1],[17,1],[30,0],[17,-4]],[[106914,22008],[16,-6],[55,4],[49,54],[7,68],[-27,54],[-60,23],[-29,6],[28,52],[79,132],[31,143],[71,23],[14,43],[17,-55],[176,-33],[5,-102],[47,-18],[28,-5],[14,-14]],[[106750,21681],[-67,80],[19,95]],[[106808,21954],[0,-1],[0,1]],[[106903,22001],[0,-1],[0,1]],[[106879,21955],[-4,-1],[0,-1],[4,2]],[[106932,21992],[0,-1],[0,1]],[[106878,21925],[1,0],[-4,0],[3,0]],[[107066,22184],[-1,0],[1,0]],[[107184,22454],[1,-10],[-1,11],[0,-1]],[[106971,22149],[-30,-53],[30,53]],[[106846,21979],[1,0],[-1,1],[0,-1]],[[108365,46304],[-45,-32],[-24,-15],[-70,-61],[18,-18],[19,-7],[10,-20],[22,-13],[24,-6],[24,-6],[44,-16]],[[108387,46110],[52,-62]],[[108439,46048],[33,-28]],[[108472,46020],[1,-1]],[[108473,46019],[31,-24],[27,-21],[21,-16],[14,-41],[4,-7]],[[108570,45910],[-1,-23]],[[108569,45887],[-54,-7],[-71,-17],[-42,21],[-41,-41],[-45,6],[-147,12],[-72,4],[-40,-4],[-77,-6],[-85,11],[-135,7],[-46,21],[-30,-33],[-100,19],[-119,-43],[-95,6],[-118,-23],[-35,-24],[-33,121],[-73,35],[-53,13],[-14,9]],[[107044,45974],[-79,77],[12,76],[19,47],[-57,113],[-31,27],[-39,129],[-21,17],[-11,54],[-27,1],[-14,39],[-23,-30],[-41,20],[-7,18],[9,10],[-39,58],[-26,26],[-66,53],[-13,-2],[-43,18],[-28,16],[-32,4],[-1,35],[-31,27],[1,44],[-46,22],[-13,-29],[-22,41],[-6,1],[-36,53],[-50,-17],[-39,47],[-31,-31],[-46,-3],[-82,26],[-80,50],[-165,78],[-247,-50],[-94,29],[-23,93],[74,122],[-47,8],[-1,48]],[[105502,47339],[118,-14],[31,62],[28,144],[103,8],[7,51]],[[105789,47590],[24,-2],[73,5],[16,-51],[36,-14],[94,-28],[72,-37],[156,0],[42,-20],[6,-6],[28,-16],[49,-6]],[[106385,47415],[-1,-193],[45,4],[13,69],[87,25],[29,91],[60,0]],[[106618,47411],[43,0],[51,-1],[41,0],[70,-1],[5,0]],[[106828,47409],[28,-125],[25,29],[83,-9],[44,-7]],[[107008,47297],[84,-70],[31,-6],[36,-27],[47,-30]],[[107206,47164],[22,-17]],[[107228,47147],[47,-51],[37,-38],[24,-30],[26,-6],[55,-21],[23,-2],[4,1],[139,-70],[34,20],[23,-43],[61,2],[113,39],[22,4],[92,11],[95,-25],[20,-92],[-3,-32],[-18,-36],[-9,-24],[26,-65],[75,-12],[27,82],[103,-1],[79,51],[13,8],[-19,58]],[[108317,46875],[99,104],[25,85]],[[108441,47064],[45,-23],[37,-6],[60,31]],[[108583,47066],[1,2]],[[108584,47068],[70,40],[21,10]],[[108675,47118],[-23,-85],[54,-34],[0,-185],[10,-128],[-79,-124],[-4,-8],[-9,-31],[-17,-25],[-18,-29],[-19,-28],[-21,-28],[2,-3],[10,-8],[7,-7]],[[108568,46395],[-2,-3],[2,3]],[[108568,46395],[40,-23],[48,-24],[-16,-19],[-10,-4],[-27,-10]],[[108603,46315],[-20,-5],[-1,-6],[-6,-86],[7,-6]],[[108583,46212],[-30,-23],[-16,-3],[0,-1]],[[108537,46185],[1,-1]],[[108538,46184],[-15,-21],[-4,-4]],[[108519,46159],[0,1],[0,-1]],[[108519,46159],[-11,-2],[-7,-16],[-3,-5],[5,-8],[6,-12],[12,-15],[1,-12]],[[108522,46089],[-26,5]],[[108496,46094],[-25,7],[-4,0],[-13,1],[-7,6]],[[108447,46108],[19,29],[6,17],[3,19],[-2,8],[-9,9],[-16,22],[23,24],[2,7],[-13,24],[-37,2],[4,41],[43,-4],[-10,10],[-22,14],[-8,19],[-20,7],[-29,-39],[-9,-2],[-7,-11]],[[108658,46291],[-7,-12],[2,-23]],[[108653,46256],[-26,-5]],[[108627,46251],[-4,-1]],[[108623,46250],[-16,58]],[[108607,46308],[51,-17]],[[108472,46020],[-9,-5],[9,5]],[[108150,45979],[22,44],[-23,-44],[1,0]],[[106863,46678],[12,130],[-66,38],[-3,-10],[-16,-66],[-30,-115],[49,-21],[49,46],[5,-2]],[[108525,46433],[1,-1],[-4,3],[3,-2]],[[107255,46166],[-6,2],[6,-2]],[[106683,46739],[30,5],[16,-5],[15,45],[-70,18],[9,-63]],[[107044,45974],[23,-93],[-45,-76],[-100,54],[6,33],[-41,-41],[-64,31],[50,42],[-39,4],[-42,15],[39,-30],[-82,-40],[-51,26],[35,39],[-74,-2],[30,-33],[-35,-42],[-34,18],[16,54],[27,226],[-102,-1],[-63,-62],[-1,-8],[3,-134],[-52,-45],[-111,-2],[-89,190],[-113,-13],[-100,-51],[-4,68],[-71,-44],[5,-45],[-21,-102],[-49,22],[-60,-61],[-15,67],[-18,-21],[10,73],[5,47],[-105,-17],[40,-156],[-33,6],[-13,-7],[-77,-14],[34,-27],[-116,-6],[-65,16],[-80,11],[-67,35],[-32,-80],[-39,23],[-84,-39],[-60,6],[29,92],[-43,25],[-22,12],[-40,-1],[-54,-29]],[[104990,45887],[7,77],[-1,31],[-6,48],[-3,31],[41,107],[20,104],[-76,895],[-97,17],[-32,83],[25,195],[-35,33]],[[104833,47508],[16,94],[41,-13],[45,52],[43,-56],[-4,-29],[55,-32],[41,39],[60,-35],[78,31],[117,-57],[68,21],[96,39]],[[105489,47562],[13,-223]],[[106521,46232],[2,2],[-15,-5],[13,3]],[[105869,45967],[0,-2],[0,2]],[[105061,45939],[2,4],[-2,1],[0,-5]],[[105062,47321],[2,1],[-2,-1],[-2,-2],[2,2]],[[108675,47118],[57,11],[61,-41],[106,-41],[21,-71],[44,13],[59,20],[26,-88],[241,40],[88,-42]],[[110139,46453],[5,-1]],[[110260,45175],[-61,43],[-3,22],[-26,-3],[-31,-17],[-32,-37],[-12,-10],[-28,-8],[-38,-14],[-58,7],[-58,-4],[-79,-1],[-37,3],[-44,-23],[-20,-4],[-17,1],[-13,8],[-17,5],[-17,9],[-70,7],[-44,16],[-47,-6],[-22,21],[-14,4],[-44,18],[-28,26],[-29,14],[-52,40],[-41,19],[-11,33],[-10,12],[-33,43],[-34,34],[-17,22],[-51,33],[-108,26],[-21,40],[-46,40],[-31,65],[-24,14],[-18,34],[-4,21],[-29,28],[-42,36],[-58,30]],[[108741,45822],[45,91],[-6,13],[-24,9],[-12,2],[-2,1],[-17,23],[-12,26],[2,44],[4,10],[9,30],[11,25],[5,24],[4,35],[4,11],[2,24],[1,16],[1,18],[-45,11],[-22,7]],[[108689,46242],[-28,11],[-8,3]],[[108607,46308],[-4,7]],[[108768,46328],[22,40],[-22,-40]],[[108706,46317],[0,-1],[1,0],[-1,1]],[[108767,46036],[0,-1],[0,1]],[[108944,45991],[-1,0],[0,-1],[1,1]],[[109109,46142],[1,-55],[-1,55]],[[108956,46135],[-1,0],[1,0]],[[109264,46372],[58,-3],[0,1],[-58,2]],[[108989,46008],[0,-2],[7,1],[-7,1]],[[109292,45376],[2,0],[1,0],[-3,0]],[[109337,45383],[2,0],[0,1],[-2,-1]],[[108681,46373],[10,1]],[[108691,46374],[-10,-1]],[[108860,46727],[-1,-1],[26,-25],[-25,26]],[[108881,46225],[-4,-5],[0,-2],[0,2],[4,5]],[[108855,46225],[1,1]],[[108856,46226],[-1,-1]],[[109370,45927],[1,1],[-1,0],[0,-1]],[[102867,47391],[-8,-1208],[18,-107],[-91,23],[-7,-29],[-43,14],[9,112],[-104,-15],[1,-57],[-75,-44],[-70,1176]],[[103502,46034],[-60,44],[15,61],[-46,4],[-154,-4],[-43,1347]],[[103951,47878],[140,-64],[16,-16]],[[104459,47536],[60,-65],[89,-18],[66,0],[36,43],[123,12]],[[104990,45887],[-33,3],[14,-17],[-150,-14],[-55,-7],[-7,-36],[-69,-16],[-130,-40],[-96,-38],[10,62],[-65,-8],[-28,34],[-16,-38],[-59,-3],[-17,0],[12,-41],[-31,-5],[0,-40],[-57,7],[-39,-16],[-126,-16],[-76,-28],[-36,62],[35,203],[-34,44],[-106,-1],[18,-22],[-31,-31],[-16,-52],[26,-12],[-48,-57],[67,-172],[-79,-55],[-120,126],[-30,197],[-35,61],[-81,113]],[[102106,47318],[45,3],[144,-1311],[2,-80],[-79,-16],[-26,-98],[-27,8],[20,39],[-41,-42],[-57,-15],[-129,-10]],[[101934,45993],[47,20],[27,110],[-59,81]],[[101827,46174],[-34,49],[-76,10]],[[101488,46459],[-73,11]],[[101697,47088],[128,-1],[55,-44],[44,33],[80,8],[59,44],[-55,63],[-12,110],[110,17]],[[102365,45896],[-13,107],[-147,1276],[81,3],[58,12],[10,-1]],[[102447,47289],[52,-1179],[52,-106],[18,-25],[47,-40],[5,-88],[-53,-29],[-18,84],[-43,29],[-15,13],[-21,-12],[49,-96],[-102,14],[-64,6],[11,36]],[[103625,46286],[0,-1],[2,29],[-2,-28]],[[103580,46459],[10,10]],[[103590,46469],[-10,-10]],[[108642,47585],[53,-10],[32,53],[13,-94],[42,39],[4,0],[-15,55],[80,-25]],[[108989,47392],[2,-26],[-2,26]],[[108584,47068],[-1,0],[0,-2]],[[108441,47064],[-32,30],[12,74]],[[108421,47168],[-232,7],[-49,3],[-60,-82],[-10,-101],[58,-59],[62,-24],[127,-37]],[[107228,47147],[73,90],[78,72],[65,73],[49,-29],[38,64],[104,-107],[-50,-5],[25,-51],[52,-9],[4,30],[15,-35],[-45,-92],[54,-5],[31,61],[54,-4],[17,-65],[24,-23],[39,27],[4,73],[41,-1],[38,19],[63,62],[58,40],[61,63],[13,50],[84,38],[-11,36],[4,78],[63,41],[139,3],[32,45],[65,-49],[19,5],[23,-15],[13,-12],[4,3],[17,47],[57,-80]],[[105789,47590],[-5,2],[-73,26],[-30,-49],[-103,32],[-56,15],[-33,-54]],[[105284,48062],[53,-72],[53,18],[22,-45],[-27,-27],[24,-57],[40,2],[11,67],[42,-33],[40,43],[78,-29],[87,-3],[102,71],[13,75],[17,-55],[48,-28],[42,-97],[71,17],[-10,-54],[123,-24],[12,49],[63,-47],[91,-5],[-3,-44],[41,-17],[19,200],[46,-66],[81,-49],[-40,-416],[-38,-21]],[[106618,47411],[54,338],[67,-3],[62,-27],[59,-11],[11,-199],[-43,-100]],[[107229,47469],[59,5],[-75,-179],[18,-91],[-25,-40]],[[107008,47297],[31,201],[-38,-4],[9,180],[35,28],[70,-84],[79,-131],[35,-18]],[[108421,47168],[3,13],[-3,-13]],[[108513,47578],[-17,1],[17,-2],[0,1]],[[107976,47401],[32,-25],[-18,-57],[-50,22],[3,60],[11,63],[-53,14],[58,-8],[29,-17],[-12,-52]],[[106481,47849],[28,-18],[-12,-394],[-54,-1],[38,413]],[[108473,46019],[49,70]],[[108538,46184],[0,1],[-1,0]],[[108583,46212],[9,9],[13,20],[18,9]],[[108623,46250],[4,1]],[[108741,45822],[-70,71],[-23,43],[-2,58],[-3,1],[-9,-52],[-64,-33]],[[108387,46110],[60,-2]],[[108496,46094],[-30,-54],[-24,12],[-3,-4]],[[108570,45910],[16,-46],[-17,23]],[[108599,46056],[-1,0],[1,0]],[[108646,46072],[-1,-1],[1,0],[0,1]],[[108698,46065],[-1,0],[-1,-3],[2,3]],[[108708,46102],[1,0],[-1,1],[0,-1]],[[108670,46170],[1,0],[-1,1]],[[108670,46171],[0,-1]],[[108682,46204],[2,-1],[-2,1]],[[108667,46070],[0,-1],[0,-1],[0,2]],[[108652,46113],[1,4]],[[108653,46117],[-1,-4]],[[108607,46152],[0,-1],[1,0],[-1,1]],[[94620,39492],[75,122],[37,188],[33,95],[61,48],[32,114],[39,43],[37,164],[40,90],[63,84],[29,51],[23,8],[-17,-18]],[[96274,36752],[-78,-22],[-47,-68],[-104,45],[-300,-91],[-116,-91],[-121,40],[-44,-39],[-94,31],[-166,81],[-41,-27],[-218,96],[-68,-4],[-210,143],[-71,118],[-30,-35],[-68,20],[6,-41],[-89,-41],[-59,-5],[-35,-46],[-58,-26],[0,-44],[-23,21],[-6,-66],[-5,-67]],[[94229,36634],[-25,-36],[-100,85],[-12,205],[-9,35],[-21,127],[-75,73],[13,122],[36,-3],[-15,45],[58,13],[20,62],[-31,48],[87,94],[0,108],[-77,244],[-43,140],[-9,223],[-4,92],[41,56],[121,129],[-33,142],[-19,64],[-62,86],[44,113],[86,218],[14,92],[74,-24],[56,56],[47,92],[32,-8],[109,128],[73,18],[15,19]],[[94245,37868],[139,-2],[2,71],[-93,26],[34,57],[-68,5],[-27,2],[13,-159]],[[94874,37544],[-106,-165],[-338,18],[-23,-37],[70,-20],[5,-48],[38,48],[54,-59],[70,0],[757,-1],[-121,68],[-73,104],[-333,92]],[[94217,37077],[1,0],[6,3],[-7,-3]],[[94607,37212],[-29,0],[18,-26],[11,26]],[[92453,33162],[47,36],[57,6],[82,64],[33,40],[91,9],[5,38],[52,-5],[116,119],[-6,56],[71,3],[23,163],[6,87],[50,64],[80,37],[190,61],[46,-93],[145,-89],[-51,-56],[139,-168],[54,47],[47,130],[32,56],[67,50],[-38,-19],[-150,62],[-27,81],[-34,-18],[-13,84],[-142,86],[-3,96],[28,109],[-52,195],[-27,121],[43,25]],[[93414,34639],[33,39],[20,-43],[37,39],[21,-25],[52,-7],[70,6],[17,-34],[24,94],[35,12],[29,9],[43,40],[-11,30],[89,18],[27,45],[10,39],[38,-1],[70,93],[92,-34],[9,46],[76,61],[101,-18],[68,55],[4,0],[44,-16],[79,46],[87,-38],[32,62],[40,26],[100,130],[117,-33],[480,10],[75,-209],[88,-51]],[[95157,32875],[-53,24],[-1,37],[-69,12],[-110,-48]],[[94924,32900],[-5,3]],[[94919,32903],[-143,0],[-145,-108],[-17,1],[-85,-54],[-55,4],[-42,30],[-75,102],[-279,71],[-26,83],[-238,-20],[-71,57],[-63,108],[-47,44],[-89,-2],[-15,-16],[-46,-22]],[[93483,33181],[-15,11]],[[93468,33192],[-36,55],[-60,-8],[-155,-142],[-8,-41],[-76,-9],[-9,-20]],[[93124,33027],[-66,-141],[-48,-19],[-43,-54],[-7,-29],[-14,-20],[31,-87],[-19,-218],[-20,-9],[85,-292],[-22,-150]],[[93001,32008],[-78,38],[-39,96],[-1,0],[-77,29],[-79,-18],[-50,49],[-195,-70],[-59,40]],[[92423,32172],[34,99],[-56,111],[-2,0],[-59,58],[-50,22],[-18,-4],[-90,-4],[-32,6],[-146,-65],[11,204],[-58,64],[-2,111],[20,96],[84,24],[-42,99],[40,175],[44,47],[96,174],[147,-187],[62,-59],[24,6],[23,13]],[[92471,33260],[-47,82],[49,72],[28,-72],[-30,-82]],[[94090,34217],[6,14],[-7,-14],[-1,-1],[2,1]],[[93154,31515],[-28,148],[92,97],[-3,51],[56,37],[-123,71],[-147,89]],[[93124,33027],[68,-31],[98,-125],[141,-8],[26,-20],[40,25],[55,170],[-15,38],[-69,116]],[[93468,33192],[15,-11]],[[94919,32903],[5,-3]],[[94602,30505],[-29,63],[-62,15],[-54,45],[-29,12],[-8,0],[-113,47],[-29,8],[-44,8],[-7,8],[-42,34],[-48,32],[-60,29],[-55,135],[-15,133],[-17,25],[-69,56],[-32,42],[-9,156],[0,2]],[[93880,31355],[-24,31]],[[93856,31386],[-83,102],[-10,84],[-94,-55],[-117,-78],[-39,-32],[-44,-15],[-68,80],[-75,18],[-27,-29],[-89,-52],[-36,15],[-27,17]],[[93147,31441],[7,74]],[[93449,32172],[1,-1],[-1,1]],[[93449,32172],[-1,0],[1,0]],[[93383,31894],[7,-10],[-7,10]],[[93543,32352],[1,-1]],[[93544,32351],[-1,1]],[[93519,32266],[-1,-1]],[[93518,32265],[1,1]],[[93513,32271],[-1,-1],[1,1]],[[93221,32675],[3,-8],[2,6],[-5,2]],[[93372,32603],[0,-1],[4,0],[-4,1]],[[94358,32143],[5,-8],[1,1],[-6,7]],[[95048,31636],[0,2]],[[95048,31638],[0,-2]],[[95093,31697],[2,0],[-2,0]],[[95155,31613],[-1,0],[1,0]],[[95061,31745],[-9,11],[9,-11]],[[94912,31456],[-12,15],[-2,2],[14,-17]],[[94692,31823],[0,5],[0,-1],[0,-4]],[[94116,31295],[0,-1],[1,0],[-1,1]],[[94486,31987],[1,1],[0,1],[-1,-2]],[[94338,31944],[3,-2],[-4,3],[1,-1]],[[94110,31816],[1,7],[-1,-7]],[[93816,32299],[1,1],[1,3],[-2,-4]],[[93733,32412],[8,5],[-1,0],[-7,-5]],[[94743,31366],[1,-1],[-2,2],[1,-1]],[[94746,31397],[0,-2],[0,2]],[[93685,31675],[-9,24],[-2,-12],[11,-12]],[[93795,31802],[0,-1],[0,1],[-2,1],[2,-1]],[[93096,29822],[-66,-22],[-54,-9],[-8,-14],[-50,-53]],[[92918,29724],[-42,51]],[[92876,29775],[-1,1]],[[92875,29776],[-3,37],[-21,36],[-77,18],[-10,14],[-18,69],[-23,36],[-17,46],[-1,3],[-1,7],[-46,72],[-20,25],[-45,53],[-16,105],[3,46],[1,4],[-41,245],[49,67],[-19,83],[-23,120],[-1,11],[-4,33],[17,65],[-59,116],[76,109],[135,27],[5,61],[-29,153],[35,69],[145,-8],[42,10],[160,7],[46,-45],[32,-29]],[[93856,31386],[23,-31],[1,0]],[[94734,29845],[-93,103],[-33,-28],[-59,46],[19,155],[-50,-4],[-20,-53],[-47,41],[1,-86],[-58,39],[-37,-19],[15,-26],[-38,53],[-61,32],[-36,16],[-20,12],[-24,2],[-89,23],[-65,-10],[-37,-1],[-11,-46],[-12,5],[1,-45],[40,38],[-30,-48],[-123,-42],[-72,-91],[-131,-27],[-174,8],[-58,-10],[-28,-11],[-47,-65],[-56,-9],[-84,33],[-25,9],[-21,3],[-23,4],[-52,-24]],[[93642,29926],[-3,-2],[0,-1],[3,3]],[[93164,30016],[-1,6],[1,-6]],[[93704,30233],[-10,7],[10,-16],[0,9]],[[93778,30163],[-1,-3],[0,-1],[1,4]],[[93724,30113],[-34,103],[-14,-53],[-34,-45],[56,-42],[26,37]],[[94111,30238],[19,-12],[-19,12]],[[93768,30647],[-1,7],[-25,1],[26,-8]],[[93788,30746],[-1,7],[0,1],[1,-8]],[[93463,30437],[1,5],[-2,-4],[1,-1]],[[93415,30530],[15,15],[-15,-14],[0,-1]],[[93525,30273],[0,5],[-1,-2],[1,-3]],[[92951,29934],[-2,2],[2,-2]],[[92725,30345],[1,3],[-1,-3]],[[93335,30963],[-1,1],[1,-2],[0,1]],[[92771,29677],[-11,0],[-39,-19],[-51,41],[-19,4],[4,-77],[29,-6],[-20,-45],[-49,51],[-28,73],[-26,14],[-29,43],[-18,36],[-29,65],[4,29],[-64,69],[-1,62],[4,49],[-41,113],[20,-8],[79,6],[-56,45],[-47,-26],[-11,102],[-50,-12],[-15,61]],[[92307,30347],[35,22],[-4,7],[-45,29],[14,56],[13,19],[-33,31],[4,74],[40,30],[9,58],[-19,22],[0,13],[-30,46],[-33,75],[-26,98],[45,78],[-32,112],[-21,83],[-67,60],[-99,91],[-30,97],[8,56],[8,41],[55,-18],[22,49],[64,-60],[50,-7],[42,38],[63,159],[-3,102],[-32,24],[2,68],[38,65],[42,66],[17,77],[19,64]],[[92875,29776],[1,-1]],[[92918,29724],[-18,-27],[-20,-36],[20,-55],[-25,-10],[-55,51],[-8,9],[-41,21]],[[92605,29729],[40,-13],[-29,76],[-11,-63]],[[92552,29927],[-2,-7],[2,7]],[[93414,34639],[-21,76],[31,92],[44,72],[-4,202],[75,146],[59,34],[26,1],[7,130],[33,32],[-22,68],[46,127],[23,130],[50,72],[-41,61],[102,64],[213,118],[-30,-119],[53,-45],[116,-48],[203,-61],[159,94],[92,114],[161,70],[224,-89],[104,54],[258,17],[153,-49],[86,44],[108,-30],[69,44],[252,-28],[222,68]],[[96248,36130],[-191,3],[-11,-48],[-32,30],[-75,-17],[-59,47],[-14,-65],[-16,50],[-55,26],[-31,-76],[-37,31],[-21,-37],[-112,72],[-54,-92],[-72,-5],[-179,117],[-165,-86],[-98,62],[-53,-47],[-139,37],[-307,-114],[-272,-54],[-76,58],[41,114],[-24,83],[65,55],[-6,66],[53,110],[-20,87],[1,16],[-60,81]],[[94174,35165],[-19,-6],[19,6]],[[94359,35549],[7,3],[-7,-3]],[[93515,34863],[49,14],[-6,55],[89,88],[39,19],[-23,22],[-55,8],[-88,-108],[-5,-98]],[[93736,35002],[-24,-178],[45,140],[-21,38]],[[94054,35713],[6,1],[-6,0],[0,-1]],[[132806,30207],[-164,20],[-281,101],[-244,126],[-144,61],[-24,-39],[-96,-18],[-321,-50],[-121,23],[-94,116],[59,-38],[57,121],[17,8],[55,39],[11,8],[16,2],[13,59],[5,50],[-14,157],[-52,18],[-160,61],[-138,2],[-68,-21],[-19,-45],[-39,-66],[-38,-2],[-227,791],[-67,-6]],[[130728,31685],[-64,327],[44,-19],[40,114],[-51,189],[13,163]],[[130710,32459],[283,-60],[189,39],[56,8],[233,44],[172,79]],[[131643,32569],[149,111],[77,3],[-13,-30],[67,-29],[36,-156],[-21,-101],[-127,-57],[8,-156],[140,75],[55,-136],[150,-106],[108,82],[47,-21],[105,-25],[-86,98],[49,56],[36,-46],[36,13],[-6,-61],[62,-35],[-37,43],[34,64],[-3,-58],[84,-39],[34,-91],[62,24],[296,112],[-111,20],[-47,58],[-49,-37],[-112,91],[327,182],[119,182],[0,11],[-35,41],[48,55],[160,-5],[66,34],[161,-10],[53,-35],[81,26],[27,-40],[16,8],[26,90],[55,-50],[-3,-42],[162,-56],[140,25],[66,-95],[278,-29],[200,-110],[99,-14],[58,-143],[66,-54],[236,73],[1,-62],[-45,-16],[58,-75],[40,51],[-45,24],[80,5],[30,-113],[105,-56],[63,-26],[42,-32],[144,-55],[42,22],[30,-51]],[[135617,31895],[-59,-174],[-186,-541]],[[135372,31180],[-113,25],[-56,-16],[6,-123],[-41,-77],[-15,-167],[-59,-40],[-68,-176]],[[135026,30606],[-42,-35],[-4,-57],[-90,23],[-56,28],[-30,7],[-32,-4],[-72,-24],[-131,1],[-109,51],[-139,-27],[-95,19],[-84,9],[-88,-4],[-96,13],[-53,26],[-106,-9],[-118,38],[-80,-81],[-3,-37],[203,-215],[60,-158],[3,-110],[-52,-75],[-60,-16],[-217,61],[-91,73],[-226,81],[-173,33],[-76,-29],[-163,19]],[[131925,30938],[-6,4],[2,-6],[4,2]],[[131915,30955],[-5,12],[5,-12]],[[131761,30999],[-68,-51],[59,44],[9,7]],[[133561,32052],[-8,152],[9,-189],[-1,37]],[[132939,31599],[-31,3],[111,-9],[-80,6]],[[133284,31087],[-84,-9],[142,15],[-58,-6]],[[135171,25725],[-16,-2],[0,49],[-3,12],[30,27],[5,-23],[-16,-63]],[[135167,25756],[4,-6],[-4,22],[0,-16]],[[135714,25431],[-50,33],[21,62],[42,-26],[-13,-69]],[[135206,25569],[-45,43],[-62,-11],[-10,33],[-56,-48],[-30,60],[230,16],[19,8],[42,31],[32,-29],[26,25],[24,-39],[-29,-35],[6,-27],[-56,-14],[-91,-13]],[[134636,25772],[69,-20],[-34,-58],[-35,78]],[[135314,25647],[3,5],[-3,-5]],[[130363,29458],[-22,-87],[-62,-42],[-3,92],[-12,82],[-14,68],[-75,-51],[-73,115],[-115,45],[-52,60],[4,70],[90,72],[136,-42],[78,-59],[23,-50],[76,7],[91,-58],[15,12],[2,49],[26,94],[2,46],[59,-12],[82,-63],[-4,-38],[5,-60],[15,-139],[6,-175],[-35,-29],[-29,53],[-58,50],[-42,36],[-68,40],[-80,19],[-15,-20],[55,-48],[-6,-37]],[[130023,29517],[-55,-66],[-66,-5],[-12,-46],[-70,-15],[-48,46],[-48,-66],[-100,23],[-243,-73],[35,29],[-35,38],[30,64],[-32,60],[72,18],[-62,0],[43,65],[-17,51],[-6,33],[-13,54],[76,46],[60,43],[112,-32],[49,3],[36,14],[136,-103],[78,-17],[80,-164]],[[128697,29809],[92,68],[119,19],[107,-65],[90,16],[48,-74],[-385,-140],[15,-37],[-60,-41]],[[128723,29555],[-24,-3]],[[128699,29552],[-215,23],[51,62],[162,172]],[[128790,29506],[250,33],[124,-84],[1,-121],[-137,-10],[-187,57]],[[128841,29381],[-5,77],[-56,47]],[[128780,29505],[10,1]],[[127813,29139],[-195,76],[36,71],[123,83],[113,118],[82,1],[123,9],[19,30],[186,-15],[134,-8],[39,-144]],[[128473,29360],[-164,-24],[-154,-19],[-63,-38],[-42,-21],[-7,-6],[-80,31],[-44,-76],[-22,-22],[30,-76],[182,-106]],[[128109,29003],[-154,-79],[-76,-75],[-67,-93],[-112,-23],[49,181],[-13,109],[33,51],[44,65]],[[130844,29261],[16,28],[53,-29],[13,-80],[-18,-71],[-70,-27],[-25,104],[25,-112],[-85,11],[-13,68],[4,113],[32,9],[8,23],[29,-45],[31,8]],[[131501,30667],[8,3],[0,1],[-8,-4]],[[131807,32400],[-9,172],[-6,107],[15,-279]],[[131643,32569],[33,-471],[26,-378],[-59,849]],[[127691,29053],[-78,-120],[-84,-61],[-24,23],[-40,88],[32,59],[194,11]],[[135969,31876],[-24,-457],[-32,-329],[-43,-64],[-69,65],[-88,43]],[[135713,31134],[-17,1],[-76,-5],[-156,32],[-92,18]],[[135372,31180],[245,715]],[[135617,31895],[105,-54],[247,35]],[[134786,32118],[-5,20],[4,-14],[1,-6]],[[134626,32109],[38,-55],[-5,8],[-33,47]],[[146123,21241],[49,18],[5,-45],[-20,-75],[23,-88],[-69,-19],[-102,-43],[-72,-67],[122,-3],[71,-74],[11,-46],[4,-46],[132,-38],[5,-72],[3,-55],[40,132],[33,10],[28,-39],[51,-78],[4,-53],[1,-67],[15,-63],[-32,-25],[-48,-112],[-11,-59],[-14,-66],[-21,-67],[-52,-55],[-45,11],[-76,-35],[-68,20],[21,77],[-5,30],[10,28],[12,49],[8,38],[-39,-1],[-2,-59],[14,-74],[-15,-30],[-33,-21],[-31,-44],[-20,181],[-88,-11],[1,102],[13,137],[61,39],[2,97],[42,7],[-1,1],[-16,71],[-10,70],[-7,45],[-7,38],[-23,28],[-51,75],[-18,25],[63,109],[-5,28],[-66,-37],[-74,-74],[0,152],[54,160],[-29,6],[-37,-44],[-60,-73],[13,75],[8,42],[31,45],[10,39],[95,-54],[19,74],[63,52],[60,30],[-3,-118],[-1,-135],[-40,13],[23,75],[-30,4],[-9,-41],[-7,-66],[44,3],[53,-18],[14,64],[26,-10]],[[146949,21046],[6,78],[85,-8],[36,93],[33,-32],[1,1],[62,28],[5,54],[13,59],[56,-7],[40,100],[-69,-46],[-10,85],[29,103],[21,45],[41,83],[18,61],[6,58],[0,57],[28,105],[12,64],[28,80],[40,82],[-1,68],[44,77],[32,77],[6,69],[32,80],[29,87],[35,86],[44,-53],[78,81],[9,-60],[28,17],[54,-48],[63,-96],[-9,-64],[-6,-38],[-25,14],[-20,-24],[-25,-25],[-10,-50],[-16,-60],[-8,-34],[-11,-60],[-23,-139],[-5,-45],[-6,-42],[-33,-126],[-65,-272],[-43,-104],[-73,-132],[-29,-40],[-70,-9],[-108,-89],[-67,-72],[-42,-53],[-4,-18],[-12,-24],[-21,-31],[-62,-94],[-82,-132],[-32,-193],[-24,-80],[25,-51],[44,-66],[-17,-23],[-22,-75],[-78,-30],[-100,-173],[-6,-35],[-23,-63],[-49,-15],[-44,-17],[-31,-54],[-21,59],[24,52],[15,43],[20,67],[79,9],[40,142],[-52,20],[-25,-56],[-48,38],[23,45],[-10,55],[46,-18],[2,26],[-29,51],[68,53],[80,-30],[27,81],[5,13],[-97,26],[60,66],[63,47],[-29,67],[36,54],[21,200]],[[147584,22209],[42,-4],[12,45],[-9,30],[-24,5],[-21,-76]],[[147683,22353],[1,-10],[39,5],[27,44],[-58,6],[-9,-45]],[[145409,20283],[24,-99],[-58,-38],[-32,104],[66,33]],[[145115,19756],[46,-22],[-101,-60],[-47,108],[102,-26]],[[145999,20703],[21,-115],[-54,-9],[-76,141],[109,-17]],[[139877,12127],[-10,117],[-27,2],[-18,86],[-8,-78],[-57,37],[-25,78],[84,150],[38,11],[48,-56],[97,55],[-13,81],[-48,41],[-50,-17],[11,38],[-43,14],[100,50],[-29,37],[62,61],[-125,-35],[4,107],[-37,-54],[7,151],[93,101],[153,-177],[279,-9],[-29,64],[-202,38],[-23,73],[-80,49],[45,60],[117,53],[148,-67],[74,65],[2,94],[66,101],[97,56],[19,-38],[-50,-125],[92,-14],[35,-88],[109,72],[-4,32],[62,-4],[52,32],[50,53],[56,3],[65,40],[28,-35],[27,38],[29,11],[-2,37],[62,-7],[23,14],[39,47],[34,23],[-11,31],[9,38],[-45,29],[-51,13],[3,206],[-149,72],[-45,174],[-63,-20],[-123,85],[67,50],[-60,73],[98,47],[-43,33],[57,46],[91,-20],[25,30],[12,-39],[80,7],[-75,101],[24,38],[25,112],[43,-28],[24,94],[34,3],[123,-39],[59,-62],[210,-17],[77,-111],[-16,-90],[65,-37],[131,14],[31,-74],[-46,-180],[57,-50],[7,-66],[106,0],[28,62],[49,12],[22,-35],[-128,-66],[21,-66],[-22,-130],[-69,-3],[-4,-37],[61,-27],[-70,-181],[-64,-207],[-25,-102],[-12,-42],[-82,-8],[-44,-44],[2,-33],[-13,-9],[-22,-27],[-48,-68],[-39,-76],[-94,-72],[-187,3],[-33,-49],[36,-44],[-16,-51],[-4,-69],[-60,42],[-47,-18],[38,-132],[-112,-16],[-47,-48],[-111,90],[-194,38],[-242,150],[-1,-90],[-99,-97],[425,-197],[46,-45],[-57,-53],[13,-60],[58,-11],[-50,-52],[-63,8],[-37,-28],[-28,-55],[-120,12],[-6,61],[-54,-59],[-52,-51],[-258,86],[-7,-46],[-79,-38],[2,-188],[-37,-51],[-255,-7],[-26,133],[59,160]],[[140690,12024],[-9,-84],[-79,15],[27,86],[61,-17]],[[140601,11922],[76,-7],[25,-43],[-139,-158],[-24,112],[62,96]],[[139262,11025],[-48,17],[-47,-35],[-56,108],[63,39],[-76,-18],[-9,65],[42,-11],[-38,13],[8,52],[77,63],[28,-59],[115,19],[50,-48],[77,72],[19,-33],[41,-79],[107,-82],[18,-97],[-62,22],[-218,-152],[-82,61],[-9,83]],[[138772,10617],[240,148],[13,-97],[-267,-129],[-28,-76],[-80,-19],[-53,-4],[-21,33],[-44,-36],[-50,36],[165,156],[3,62],[49,41],[73,-115]],[[140542,12919],[348,-216],[109,7],[20,47],[-22,80],[-411,243],[-44,-161]],[[142251,15226],[-75,-10],[28,76],[121,69],[236,3],[238,27],[132,-9],[40,28],[145,-225],[68,-58],[1,-117],[51,-31],[-75,-136],[-66,-17],[-86,89],[-68,2],[-35,176],[-143,75],[-175,16],[-40,-9],[-5,-43],[-140,33],[-43,-63],[-109,124]],[[143130,15621],[-122,-103],[-58,-9],[-22,41],[29,86],[107,67],[32,33],[83,93],[136,52],[-107,-90],[-53,-96],[-25,-74]],[[140278,14417],[-5,77],[70,-26],[17,71],[-28,40],[69,39],[81,-118],[42,-8],[-27,53],[33,-7],[50,-64],[-95,-12],[-61,-60],[-2,-37],[51,-32],[-22,-20],[-196,41],[-44,43],[67,20]],[[141610,16979],[101,147],[114,-25],[-12,-104],[-72,-88],[-94,70],[-50,-55],[-26,-76],[36,-77],[71,40],[34,-18],[-36,-77],[-213,-107],[83,149],[10,85],[-121,-13],[117,140],[58,9]],[[141408,16336],[-26,-92],[-90,-103],[-95,14],[59,185],[51,22],[101,-26]],[[124325,30958],[53,-207],[-90,-30],[-85,94],[-97,-9],[-75,-6],[-1,-39],[33,-54],[8,-57],[34,-134],[90,55],[-10,-144],[20,-64],[157,-33],[73,14],[18,101],[79,66],[85,-76],[145,-5],[152,-64],[39,-82],[-58,-89],[-19,-160],[10,-313],[-14,-264],[-36,-137]],[[124836,29321],[-166,97],[-142,48],[-294,94],[-62,19],[-165,52],[-248,78],[-113,36],[-106,33]],[[123540,29778],[-57,163],[87,38],[-12,132],[-150,24],[-22,-273],[-4,-47]],[[123382,29815],[-112,26],[-738,163],[-19,4],[-265,57],[-34,7],[-88,18],[-179,58],[-106,55],[-110,40],[-39,14],[-125,43],[-164,67],[-275,90],[-350,106],[-106,41],[-156,74],[0,1],[32,121],[-10,156],[-67,276],[50,20]],[[120521,31252],[175,-106],[213,-14],[7,178],[85,26],[44,-5],[151,157],[100,-27],[247,27],[39,36],[168,3],[56,-1],[86,17],[86,9],[55,23],[143,-3],[188,32],[172,-28],[114,6],[57,-67],[3,-114],[-48,-48],[68,-84],[-17,-91],[53,-71],[-8,-272],[219,3],[0,114],[2,139],[-95,162],[-100,76],[84,199],[-6,102],[111,-24],[85,13],[120,-25],[66,-41],[158,-81],[72,-112],[88,8],[20,-22],[-32,-36],[32,35],[68,-57],[140,21],[125,-42],[85,-60],[130,-71],[146,-134],[49,-44]],[[123449,31295],[29,10],[-27,10],[-2,-20]],[[123799,30083],[-1,-3],[1,-101],[0,104]],[[122249,31155],[-94,0],[-7,-174],[96,-7],[14,26],[-9,155]],[[122249,30707],[-1,-202],[245,-11],[2,-63],[95,-9],[-2,280],[-339,5]],[[137432,30735],[-64,-93],[-69,-30],[-119,-300],[141,-260],[41,-35],[136,18],[-115,84],[119,318],[33,7]],[[137535,30444],[98,-266],[59,-69],[139,-8],[127,60],[39,-37],[114,129],[42,-19],[84,29],[6,-72],[158,-69],[75,17],[-8,110],[193,-18],[144,-243],[-155,-58],[122,-225],[99,-69],[13,-21],[17,-27],[-66,-41],[-206,-76],[-300,40],[-23,-23],[22,-50],[121,-17],[59,35],[139,-34],[168,73],[-2,-44],[143,4],[-31,-117],[-90,-62],[-31,-43],[-27,33],[-9,-11],[-13,-34],[-15,-55],[-13,-48],[-24,-33],[-27,-11],[-18,-25],[-49,30],[31,41],[-20,25],[-21,-30],[-84,47],[-6,59],[-126,-6],[-103,-166],[4,-72],[0,-96],[-5,-326],[-82,67],[-105,-17],[-97,76],[-79,9],[0,78],[-81,79],[-60,18],[-7,63],[-130,56],[-61,11],[-40,7],[-96,39],[-93,40],[-19,79],[-54,74],[-167,92],[-2,224],[57,71],[-120,-42],[-42,-174],[-47,11],[11,-34],[-53,-12],[-111,47],[-22,45],[-157,73],[-180,53],[-216,76],[-97,36],[-113,67],[-89,86],[-326,73],[-85,133],[-87,92],[11,40],[-5,73],[-18,98],[-28,54],[-16,13],[-20,16],[-20,5],[-55,39],[-29,10],[-76,8],[-76,-17],[-52,11],[-60,38],[41,67]],[[135969,31876],[178,42],[83,-23],[62,-76],[248,120],[196,32],[170,-8],[149,-85],[198,-185],[12,-68],[154,-96],[13,-50],[50,-31],[114,20],[36,-35],[142,-63],[103,-122],[40,-237],[69,-106],[-219,-66],[-57,45],[-278,-149]],[[139121,28267],[11,-33],[-44,20],[-4,37],[21,19],[9,15],[13,30],[13,-22],[1,-20],[29,-8],[10,-15],[36,4],[-64,-20],[-31,-7]],[[139121,28267],[11,23],[-7,20],[-16,-24],[-1,-1],[13,-18]],[[141036,28042],[-1,-4],[0,-12],[2,-21],[24,-58],[25,-27],[11,-59],[-46,-2],[7,-18],[8,-19],[8,-21],[32,-8],[6,-14],[5,-13],[14,-35],[-10,-60],[7,-8],[0,-11],[6,-9],[5,-7],[5,-8],[8,-16],[2,-5],[-11,-24],[-16,-14],[-77,-2],[-30,48],[-65,102],[-14,42],[-20,48],[-16,28],[-22,32],[-23,45],[-15,37],[-12,50],[48,2],[13,-8],[42,17],[-15,36],[61,28],[57,-22],[-3,-10]],[[140835,27374],[98,-89],[52,-86],[-16,-34],[-69,-20],[-30,43],[-12,72],[-78,3],[-55,63],[-104,16],[-97,79],[-51,56],[11,65],[36,34],[71,-23],[209,-161],[35,-18]],[[141732,26200],[-34,46],[23,23],[59,-44],[16,-34],[-64,9]],[[141853,26008],[13,33],[-69,44],[-17,66],[123,-114],[51,-61],[45,-50],[28,-37],[25,-61],[36,-93],[-20,-49],[-19,72],[-40,-9],[2,-48],[-32,-9],[-34,43],[10,50],[-13,28],[-6,24],[65,26],[-18,30],[-60,-34],[-20,22],[-50,127]],[[141961,25907],[10,5],[18,9],[-28,-14]],[[137656,29847],[82,83]],[[137738,29930],[-82,-83]],[[138114,29869],[60,-33],[7,35],[83,-5],[1,-51],[66,-9],[68,84],[-83,67],[-7,105],[-105,34],[-17,-134],[-73,-93]],[[140299,27843],[2,-37],[-43,-20],[-56,90],[19,33],[45,25],[42,-24],[-9,-67]],[[140261,27720],[90,2],[23,-94],[-78,31],[-35,61]],[[142241,25041],[94,-71],[55,-89],[-7,-27],[-23,-28],[-34,-40],[-32,28],[-55,51],[3,34],[1,25],[-26,77],[24,40]],[[138723,28848],[-217,-23],[-137,-71],[44,74],[184,51],[-3,72],[197,-8],[8,-83],[-76,-12]],[[137535,30444],[16,186],[256,100],[210,-11],[-35,-119],[21,-185],[-101,-14],[-75,74],[-292,-31]],[[138639,30526],[-54,-5],[-74,50],[4,66],[54,34],[72,-41],[24,-58],[-26,-46]],[[129713,30029],[-108,-13],[-110,46],[-86,48],[-50,33],[-12,59],[-27,77],[-177,204],[-47,48],[-75,150],[-3,40],[-66,76],[6,68],[-35,75],[-82,53],[-17,56],[141,119],[-185,58],[-64,57],[-21,260],[-75,295],[275,135],[-188,132],[20,12],[-71,308],[45,22],[119,-58],[137,13],[33,-114],[42,-29],[39,4],[-39,58],[15,92],[109,9],[69,-173],[-37,159],[68,-30],[57,-275],[87,14],[-75,266],[29,5],[25,12],[108,32],[-11,43],[132,-20],[91,41],[60,32],[84,-13],[23,-140],[34,4],[-5,89],[59,-14],[-21,-33],[60,-135],[61,26],[-47,137],[93,9],[108,-18],[77,29],[30,22],[66,10],[144,-83],[15,0],[12,0],[8,1],[10,1],[16,1],[12,2],[30,10],[82,26]],[[130728,31685],[-131,-12],[-57,-8],[344,-836],[-71,-28],[-122,-117],[-375,931],[-135,-44],[30,-93],[-187,-72],[31,-206],[168,69],[93,-174],[86,-32],[24,-61],[-511,-244],[90,-107],[1,1],[148,135],[297,111],[39,-52],[-46,-114],[46,-88],[85,-56],[-100,-126],[-73,-72],[-15,-97],[84,-69],[10,-31],[-79,-69],[-307,28],[-76,-50],[-181,-61],[-125,-12]],[[128636,31507],[-44,-4],[-1,56],[44,1],[1,-53]],[[127816,31209],[-247,135],[0,68],[264,-136],[55,36],[240,-6],[-42,-193],[-37,-92],[-37,-424],[-313,-3],[0,-89],[169,-4],[-3,-72],[59,0],[-80,-99],[-87,27],[-35,-58],[-82,18],[77,-26],[-81,12],[-9,-32],[75,-22],[-59,-181],[-141,-115],[-11,27],[-85,-11],[69,228],[90,140],[3,114],[-98,239],[90,64],[59,-40],[90,4],[44,335],[48,86],[15,70]],[[126984,30841],[-178,215],[195,30],[16,-106],[-33,-139]],[[126110,30618],[74,144],[88,-99],[-88,-91],[-31,20],[-49,-94],[-50,9],[-52,-1],[-49,8],[-45,15],[48,77],[67,89],[50,-51],[37,-26]],[[151951,20792],[30,-11],[36,-87],[-33,-102],[40,-24],[-12,-35],[-103,-3],[-58,-42],[-75,46],[15,162],[17,132],[66,-15],[77,-21]],[[152489,19794],[-188,7],[-45,-59],[-37,8],[99,214],[36,80],[-142,70],[-25,51],[24,76],[66,-27],[-24,31],[79,39],[32,48],[-28,67],[214,17],[139,180],[76,32],[-88,80],[-76,-33],[146,210],[9,74],[249,-26],[157,-233],[-90,-45],[-14,-187],[-35,-49],[78,-149],[-31,-144],[-60,-83],[-75,-52],[-69,13],[-16,-77],[-132,-172],[-226,-5],[-3,44]],[[152116,21077],[151,-61],[5,-87],[27,41],[55,-47],[-89,-104],[-84,-17],[-13,52],[-15,-49],[-93,-10],[-41,31],[-151,126],[72,154],[82,78],[47,-66],[76,-21],[-29,-20]],[[151708,17627],[-18,14],[166,101],[4,-99],[83,-110],[-3,-133],[29,-33],[40,-6],[38,-100],[69,-12],[19,-45],[26,-23],[63,-2],[-57,5],[-33,34],[-1,35],[-70,16],[-35,67],[-14,32],[-49,12],[-3,42],[63,86],[-61,-64],[-14,116],[-71,93],[140,20],[135,172],[104,131],[80,-116],[111,181],[18,227],[12,-58],[49,-27],[56,53],[53,-14],[160,-214],[69,3],[43,-149],[85,-80],[-11,-72],[-35,-10],[-47,47],[-15,-122],[55,-20],[33,25],[-27,-67],[-181,-37],[-287,19],[58,-220],[95,14],[88,-119],[-119,-94],[121,66],[36,-18],[-20,-55],[-25,31],[3,-33],[106,-59],[-191,-125],[-66,87],[-147,76],[-82,-3],[-172,-81],[-57,-76],[71,-61],[-61,-90],[289,55],[170,-67],[-77,-29],[-36,-82],[-211,1],[-87,-38],[-3,-89],[228,-47],[48,105],[83,-24],[-182,-192],[-131,-32],[-186,-85],[-80,250],[-191,3],[33,-81],[-151,-1],[-13,-77],[-91,81],[-126,-8],[-95,133],[-61,177],[107,269],[24,179],[23,160],[6,114],[11,203],[16,213],[65,163],[58,-73],[-50,12],[55,-25],[-29,-26],[82,-43],[-53,-107],[65,-86],[81,-64]],[[152920,18846],[-110,-80],[-61,21],[11,-36],[-160,43],[-49,113],[-22,-22],[-35,25],[4,175],[-138,101],[-97,144],[-48,292],[-35,43],[77,59],[36,-201],[178,-281],[63,-44],[291,117],[162,91],[418,-78],[-58,-134],[153,-6],[17,-193],[286,-17],[151,94],[60,-70],[-55,-135],[-447,80],[-101,-22],[-48,-116]],[[153363,18809],[-63,72],[-98,35],[-97,7],[-185,-77]],[[153035,18556],[-69,-98],[-112,53],[41,116],[94,-3],[46,-68]],[[153425,18343],[-175,104],[6,-45],[-91,24],[-26,117],[23,119],[201,147]],[[153363,18809],[150,-107],[200,-165],[35,15],[21,-35],[-76,-58],[-170,-36],[-25,-34],[-41,83],[23,-128],[-55,-1]],[[153533,17947],[-41,-5],[-34,-62],[10,-74],[-38,9],[-77,-63],[-58,44],[30,114],[128,58],[28,56],[58,-15],[-6,-62]],[[152667,19620],[-105,-16],[-11,57],[14,19],[37,-53],[65,-7]],[[152360,19709],[24,-17],[-37,-78],[-15,34],[-16,44],[44,17]],[[151936,19625],[-50,-21],[-2,-158],[-64,62],[-291,59],[-11,57],[118,189],[42,-141],[128,13],[9,70],[117,8],[4,-138]],[[153610,21740],[-107,-7],[64,-189],[-112,-34],[-11,247],[36,67],[108,40],[29,-75],[0,38],[16,80],[60,-102],[92,-35],[-24,-36],[4,-43],[-155,49]],[[153490,22089],[8,25],[62,-36],[20,-86],[-21,-48],[-107,1],[-36,7],[-103,-67],[-57,26],[33,138],[102,16],[21,-50],[-4,135],[77,-25],[5,-36]],[[153124,22094],[-22,-215],[-53,36],[-93,-28],[45,105],[-34,140],[54,24],[103,-62]],[[152956,22121],[-53,-104],[-60,-28],[14,76],[103,81],[-4,-25]],[[154109,20883],[97,-14],[-119,-70],[22,84]],[[154039,20337],[6,-62],[-74,-52],[-62,-23],[-40,45],[94,152],[76,-60]],[[153275,21733],[71,-5],[19,-172],[-19,8],[-28,-12],[-16,14],[-39,-11],[-8,37],[-62,12],[-85,-48],[50,149],[47,37],[70,-9]],[[153370,21031],[-97,131],[8,72],[-110,1],[-45,89],[-24,205],[90,62],[83,-44],[28,11],[25,-16],[20,16],[8,-27],[47,25],[55,-56],[52,-6],[25,5],[-2,-38],[4,61],[39,7],[45,-89],[19,45],[72,22],[13,-136],[-1,116],[32,-10],[-15,-42],[94,-12],[-167,-225],[-19,-136],[-65,-128],[-88,53],[-58,-46],[-68,90]],[[153696,17089],[-114,-217],[-115,-84],[48,146],[-33,45],[70,24],[52,69],[67,204],[62,-49],[-37,-138]],[[153789,16940],[18,-40],[-64,-62],[-38,-120],[-45,-27],[-87,19],[150,211],[18,134],[78,-9],[-30,-106]],[[154056,17411],[81,-115],[-35,-37],[-97,29],[-27,101],[78,22]],[[154260,17894],[88,-45],[-146,-274],[-41,53],[-95,-5],[-18,154],[85,10],[87,107],[40,0]],[[151670,18911],[-212,115],[-37,140],[80,23],[83,-50],[25,-96],[48,-43],[284,-85],[78,-128],[66,-7],[54,-84],[-128,-55],[-84,-143],[76,-240],[-143,-77],[-101,-138],[-88,-54],[-87,-16],[-86,185],[0,128],[23,-30],[85,115],[79,-14],[25,31],[-30,-30],[-26,28],[-50,-14],[-97,-77],[32,63],[33,226],[132,64],[-126,-57],[-30,139],[-91,288],[213,-107]],[[127634,11218],[174,5],[257,9],[106,3],[84,-96],[-207,-125],[-22,-87],[-56,-34],[-20,-127],[-145,-12],[-125,44],[-78,9],[-37,92],[-87,27],[-146,-3],[-313,91],[-83,76],[-16,128],[-89,108],[5,37],[191,20],[365,-104],[95,-18],[32,-37],[115,-6]],[[130075,15194],[-60,-68],[-52,123],[78,73],[79,222],[117,-45],[73,-75],[145,-20],[41,-56],[-35,-71],[-89,-48],[-123,14],[-174,-49]],[[131053,10983],[-76,67],[201,52],[107,-7],[189,0],[121,-39],[181,-66],[16,-69],[-54,-113],[-120,44],[-130,93],[-80,-11],[25,-72],[-147,17],[-233,104]],[[133908,12170],[41,160],[-28,94],[28,61],[234,135],[177,2],[187,-52],[274,-52],[91,-78],[59,-22],[-51,-42],[6,-138],[76,-42],[8,-56],[-90,-130],[-36,-47],[-53,-113],[-11,-35],[-28,-34],[-69,-173],[-145,-43],[-237,106],[-139,175],[-207,216],[-12,67],[-75,41]],[[134243,13545],[-50,45],[29,88],[87,-77],[24,-21],[126,-5],[-42,-78],[-47,16],[-48,-21],[-79,53]],[[121590,12079],[-117,-13],[-145,81],[-75,-6],[-346,-51],[-199,13],[-38,62],[-101,56],[-262,34],[-239,-60],[-121,-66],[-126,21],[-68,-72],[-24,-36],[-152,-37],[-68,-97],[-203,-69],[-54,-85],[-56,29],[17,76],[103,126],[35,166],[-76,217],[93,47],[29,56],[133,86],[16,72],[-64,69],[22,52],[70,20],[132,65],[-15,38],[77,137],[48,-33],[27,-154],[62,-86],[75,110],[44,253],[71,13],[75,-96],[63,18],[58,-38],[102,1],[181,-72],[194,-26],[206,161],[182,-32],[152,-1],[167,110],[38,125],[71,1],[57,52],[32,-40],[122,36],[100,144],[103,-8],[142,71],[220,-2],[107,65],[57,-31],[-22,-77],[28,-87],[108,-59],[75,-8],[36,-73],[61,-12],[41,-91],[145,36],[194,5],[19,-23],[-34,-72],[62,-53],[68,-167],[-67,-76],[-87,34],[-142,-17],[-168,30],[-50,-40],[-43,2],[-137,-107],[-149,-20],[-42,-37],[-237,-121],[-53,-117],[-69,-48],[-130,-362],[-82,-82],[-166,174],[-93,-4]],[[124567,11785],[-11,30],[57,33],[6,-49],[-52,-14]],[[124718,11746],[-103,13],[50,26],[48,-23],[78,-8],[-45,-8],[12,-32],[-36,-10],[-4,42]],[[126728,11110],[72,-42],[-5,-91],[-63,-45],[-63,14],[-111,-42],[-101,-52],[-114,-3],[-19,56],[-116,38],[206,165],[96,62],[103,0],[115,-60]],[[134933,11225],[40,39],[241,150],[14,-69],[-98,-99],[-66,-42],[-49,-59],[-52,-65],[-22,-59],[-59,-55],[-32,-28],[-66,17],[83,164],[66,106]],[[135774,12758],[108,-35],[-8,-58],[-46,-53],[-64,76],[-131,25],[41,50],[100,-5]],[[135476,12892],[-12,69],[56,38],[66,-91],[39,-99],[-55,-11],[-94,94]],[[133718,12345],[51,-21],[13,-89],[60,-35],[23,-57],[-41,-93],[-73,-83],[-106,102],[16,100],[3,110],[5,38],[-42,55],[16,30],[75,-57]],[[128494,10681],[-148,2],[-230,46],[-42,61],[69,116],[-4,71],[122,-40],[130,14],[166,39],[71,-35],[32,-137],[20,-109],[-186,-28]],[[125388,13812],[66,-3],[-38,-45],[42,-19],[58,60],[11,-55],[67,-4],[98,-71],[76,49],[36,-29],[4,-124],[-489,73],[26,154],[43,14]],[[124712,11984],[34,-49],[18,-42],[-103,9],[-70,0],[-25,39],[58,53],[88,-10]],[[122502,28565],[-64,-23],[-74,69],[-185,80],[-39,-2],[-110,-16],[27,52],[-81,-10],[2,106],[-100,26],[-14,52],[-78,36],[-185,115],[-47,-73],[-98,61],[-75,36],[-45,61],[-112,28],[-103,35],[-81,107],[-119,78],[-124,-24],[-125,160],[-8,139],[-44,95],[-131,107],[-170,86],[-24,52],[-112,156],[8,105],[-85,103],[-46,61],[45,96],[-47,65],[5,91],[1,202],[37,27],[-20,183],[22,81],[67,54],[129,80],[84,109],[43,-2],[95,-157]],[[123382,29815],[158,-37]],[[124836,29321],[-91,-119],[-107,-45],[-110,33],[-103,12],[-145,-81],[-197,-40],[-102,-72],[-217,-171],[-27,-66],[-62,-8],[-120,-27],[-62,-45],[-72,25],[-99,-23],[-98,-46],[-90,-37],[-83,-55],[-39,-29],[-20,-16],[-84,-88],[-38,39],[-60,0],[-24,-7],[-60,-49],[-72,20],[-24,53],[-128,86]],[[125068,28315],[150,-9],[86,-62],[66,-71],[13,-87],[-41,-63],[-101,-39],[-236,-77],[-178,-63],[-93,-53],[-138,-56],[-35,17],[0,91],[116,160],[100,167],[291,145]],[[120027,30854],[1,102],[32,38],[-33,-140]],[[128374,29004],[26,31],[30,10],[30,15],[2,7],[5,3],[18,18],[7,11],[12,11],[21,42],[16,19],[17,19],[10,10],[8,1],[113,55],[49,45],[-17,15],[-19,22],[-88,-16],[-46,-20],[-32,-26],[20,-60],[-94,-9],[-44,-18],[-162,-79],[-68,-72],[-71,-75],[-8,40]],[[128473,29360],[39,-22],[26,78],[86,93],[4,23],[19,7],[52,13]],[[128723,29555],[57,-50]],[[128841,29381],[-40,0],[-17,-43],[57,-57],[95,-86],[16,-117],[-98,-30],[-87,50],[-14,-34],[91,-60],[-28,-37],[-79,41],[-56,-43],[8,-15],[1,0],[11,-38],[8,-33],[-67,-19],[-52,4],[-187,-12],[-35,-88],[-77,-17],[-25,42],[-49,-39],[-22,18],[74,35],[30,76],[75,125]],[[128428,29035],[-1,0],[-1,-1],[2,1]],[[128497,29044],[0,-1],[1,0],[-1,1]],[[146185,21282],[-14,14],[4,32],[-7,56],[52,-13],[50,-8],[74,52],[-36,35],[25,38],[-124,-1],[41,46],[35,53],[36,65],[71,71],[-15,-124],[-7,-32],[-7,-40],[97,109],[-70,-234],[65,-272],[-62,-74],[-32,20],[35,58],[-11,85],[-28,-57],[-81,172],[-91,-51]],[[144662,21515],[-108,-8],[-24,99],[-59,78],[32,55],[124,-38],[11,-69],[51,-11],[77,62],[-4,-70],[-46,-12],[-54,-86]],[[143216,22533],[33,44],[38,7],[68,31],[30,-76],[-9,-66],[-20,-39],[-12,-26],[-9,-32],[-32,-41],[-39,-14],[-66,-45],[-32,31],[-11,75],[9,34],[11,52],[41,65]],[[125742,48160],[-17,-14],[-28,-14],[-34,-14],[-65,-26],[-37,-2],[-22,-54],[-82,62],[46,-7],[-44,90],[19,81],[54,64],[12,16],[29,104],[11,48],[-2,20],[-31,45],[-30,55],[-59,75],[26,148],[69,138],[47,76],[124,175],[68,165],[0,37],[0,26],[8,40],[28,37],[60,57],[25,32],[11,22],[3,8],[6,26],[14,47],[10,33],[12,40],[12,65],[4,51],[54,-2],[-51,161],[-20,77],[-81,-6],[67,115],[65,-16],[34,64],[-6,60],[475,-21],[47,-16],[69,81],[-426,88],[-124,15],[9,49],[17,-34],[11,38],[49,-11],[-13,42],[-5,89],[38,54],[251,322],[-112,63],[80,113],[-5,37],[44,65],[-8,85],[33,-36],[11,45],[48,40],[-17,57],[26,15],[90,127],[159,-66],[48,61],[-103,79],[52,8],[38,-52],[-1,52],[39,10],[30,-48],[42,-98],[27,-56],[-27,-20],[-86,-86],[7,-55]],[[126864,51401],[-9,-46],[-26,19],[-34,-35],[11,-54],[-9,-16]],[[126797,51269],[-30,-91],[-17,-63],[-50,-43],[-4,-74],[0,-5],[-53,-280],[34,-105],[18,-102],[66,-175],[-32,-47],[11,-212],[-67,-117],[-4,-88],[-61,-71],[-98,-28],[34,-73],[-8,-24],[-16,-35],[-33,-18],[-22,-23],[-7,-25],[1,-18],[39,-91],[19,-60],[-38,-30],[-20,-110]],[[126459,49261],[-13,-39],[-44,25],[-27,-49],[13,-89],[-12,-62],[-4,-41],[57,-27],[-10,-61],[-76,-15],[-12,-38],[46,-119],[11,-45],[-1,-26],[-1,-8],[-2,-13],[0,-4],[-1,-8],[7,-14],[18,-15],[-45,-44],[-19,-30],[0,-2],[-8,-29],[-11,-15],[-1,-12],[-5,-7],[1,-11],[6,-22],[10,-26],[2,-4],[-2,-37],[-83,-30],[22,-63],[13,-40],[6,-5],[-49,-44],[10,-82],[14,-42],[39,-49],[-40,-73],[-10,-20],[-19,-48],[-21,-96],[7,-48],[6,-25],[5,-30]],[[126236,47679],[-219,-154],[-20,-86],[-46,-24],[-11,36],[-80,-3],[-45,77],[-1,75],[65,110],[13,77],[-24,55],[-93,66],[-33,26],[43,45],[7,-27],[-6,27],[43,-11],[28,105],[-27,55],[-31,20],[-57,12]],[[126220,50721],[2,2],[-2,-2]],[[126083,50165],[-39,-9],[16,4],[23,5]],[[126329,49951],[13,-10],[-13,10]],[[126329,49951],[-26,20],[26,-20]],[[126349,47350],[-66,-22],[17,94],[19,69]],[[126319,47491],[51,-78]],[[126370,47413],[21,-20],[140,-164],[72,-50],[58,11]],[[126661,47190],[18,-41],[29,-110],[1,-2],[52,-34],[-14,-61]],[[126747,46942],[-57,23],[-135,-25],[-82,69],[-45,-6],[-45,-23],[-58,61],[-17,25]],[[126308,47066],[18,51],[29,10],[23,23],[1,77],[14,81],[-61,-27],[17,69]],[[127057,44978],[31,12],[-67,112],[1,11],[2,114],[1,4],[10,54],[-11,43],[9,78],[-60,49],[-19,56],[-23,22]],[[126931,45533],[437,-22],[55,-38],[-41,-34],[39,-88],[-75,11],[29,-30],[-55,-18],[5,-67],[-8,-28],[-11,-18],[-12,-34],[-12,-57],[18,-19],[-44,-9],[51,-26],[12,51],[34,-65],[129,-49],[-24,-8],[14,-108],[-1,-24],[22,-94],[-23,-91],[13,-63]],[[127483,44605],[-95,-2],[-8,-50],[-6,-68],[-68,-64],[-101,21],[-59,-61],[-75,94],[-103,32]],[[126968,44507],[-3,9],[16,41],[25,45],[92,109],[-36,94],[-53,75],[48,98]],[[130765,45088],[-28,-70],[-35,9],[-385,85],[-129,51],[-182,15],[-8,1],[-43,-8],[-88,81],[-95,42],[-42,25],[-63,144],[-64,6],[-34,42],[-143,-39],[-150,54],[-232,-24],[28,131],[98,72],[57,247]],[[129227,45952],[39,-13],[237,-32],[110,-32]],[[129613,45875],[39,-12],[31,-72],[30,37],[30,-18],[21,-137],[84,-37],[109,-55]],[[129957,45581],[55,-3],[29,61],[101,21],[63,30],[-18,91],[37,35],[56,129],[141,-19]],[[130421,45926],[-41,-44],[34,-55],[41,-102],[-21,-91],[-1,-145],[-8,-14],[-54,-135],[46,-95],[108,-35],[65,6],[32,-14],[55,-27],[31,-3],[49,0],[120,-19],[90,-61],[-78,-29],[-98,19],[-26,6]],[[130819,45053],[56,-19],[-10,-52],[-67,23],[-25,1],[13,54],[33,-7]],[[133315,43593],[-165,11],[-5,169],[-74,110],[-128,105],[-162,28],[-31,74],[225,-91],[246,-156],[143,-171],[26,-12],[192,-148],[202,-136],[44,-79],[67,-171],[-4,-32],[-56,-3],[15,-47],[-63,53],[13,-44],[-54,-13],[-61,56],[-52,94],[33,54],[-181,93],[40,57],[-38,77],[-52,67],[-75,10],[13,26],[-58,19]],[[128010,45786],[-68,30],[-57,-22],[6,61],[-47,-67],[-112,30],[-29,-32],[-4,49],[-81,-62],[-80,-10],[-118,-109],[7,-101],[-36,38],[-365,97],[-112,-26]],[[126914,45662],[-23,57],[27,47],[16,79],[87,1],[9,96],[36,92],[47,38],[-10,46],[30,90],[-69,79],[-13,74],[-72,88],[3,25]],[[126982,46474],[105,-8],[42,-73],[92,-19],[76,57],[67,-10],[145,-16],[29,38],[47,-26],[65,19],[80,72],[37,17],[217,-66],[54,2],[5,-93],[121,-52],[93,-36]],[[128257,46280],[116,3],[107,-20],[109,46],[62,-29],[-98,-188],[-68,-363],[-85,-20],[-67,48],[-107,-32],[-61,23],[-32,-3],[-38,66],[-85,-25]],[[129097,46038],[53,-70]],[[129150,45968],[-225,-470],[-34,-13],[-2,90],[-23,-76],[-133,49],[-14,51],[-35,-54],[-115,66],[89,62],[179,434],[178,14],[7,-29]],[[129022,46092],[20,-15],[55,-39]],[[127809,50882],[26,-18],[-29,-28],[-103,-20],[-385,-219],[124,38],[278,160],[113,16],[18,-31],[12,-28],[10,-21],[0,-30],[-59,0],[-49,-6],[0,-18],[104,-9],[-48,-29],[-18,-31],[-33,0],[-10,-32],[-2,-25],[17,-32],[-3,-32],[3,-39],[8,-21],[1,-25],[-37,9],[-9,-26],[13,-35],[9,-8],[24,11],[-2,-36],[43,-9],[-193,-40],[-5,-68],[304,36],[-4,-39],[-22,-23],[12,-34],[-36,-24],[34,-52],[-42,-230],[-25,-157],[-23,-64],[27,-37],[29,-45],[-37,-21],[-76,-30],[-20,-147],[17,-94],[54,-52],[-15,-40],[-104,-11],[-22,-83],[3,-39],[-78,-62],[-28,-74],[-66,-27],[-35,-33],[-20,-67],[-29,-117],[-12,-27],[-25,19],[21,-41],[4,-75],[-107,2],[-94,12],[-48,-23],[-16,1],[-22,-1],[-7,-1],[-14,-18],[-13,-16],[-68,-129],[-39,7],[-40,-53],[-50,-38],[-48,-70],[-89,-29],[-92,-72],[-94,-18],[-118,-45],[-15,-38],[-21,-57],[-79,-127],[13,-110],[39,-17],[-26,-24],[32,1],[-39,-51],[31,-39],[41,19],[-13,-106],[-47,-57]],[[126319,47491],[-60,79],[-23,109]],[[126459,49261],[126,61],[73,62],[51,137],[17,79],[73,132],[112,60],[70,34],[75,78],[14,75],[7,108],[122,181],[33,93],[48,74],[7,30],[6,39],[-15,35],[-14,18],[-53,28],[-37,7],[-36,-4],[576,396],[11,-6],[36,-24],[15,-31],[33,-41]],[[127187,51226],[5,-22],[42,0],[15,-65],[53,0],[31,8],[19,-42],[96,28],[59,31],[34,-21],[-504,-406],[-37,60],[-49,125],[-16,15],[-38,39],[-7,27],[-3,9],[-39,68],[-34,90],[-11,50],[-6,49]],[[126864,51401],[41,27],[23,19],[26,22],[30,30],[141,207],[3,7],[-298,104],[86,101],[73,127],[91,137],[76,73],[9,32],[127,90],[64,61],[57,49],[32,65],[63,13],[16,68],[82,57],[30,42],[-18,76],[88,-89],[8,-68],[78,26],[49,20],[148,28],[64,-20],[-39,-119],[-73,-111],[-68,-111],[-120,-124],[-96,-120],[-58,-82],[7,-76],[-24,-92],[-128,-117],[-121,-42],[-65,-58],[-56,-42],[-7,-253],[-25,-85],[0,-18],[7,-29]],[[127075,51271],[-13,16],[-3,-1],[-5,-6],[-5,-22],[19,-31],[-43,8],[-88,129],[-3,-30],[67,-70],[-1,-44],[-17,-7],[-9,-9],[4,-2],[30,0],[8,-14],[25,-26],[21,-7],[27,13],[15,9],[24,29],[-54,34],[1,31]],[[127716,50737],[-1,0],[1,-60],[0,60]],[[127632,50981],[36,18],[-561,-414],[-29,8],[-32,87],[539,331],[38,7],[9,-37]],[[127829,50994],[-66,133],[88,-107],[11,-31],[-33,5]],[[127005,52872],[-11,-82],[-86,10],[3,43],[-15,91],[102,88],[7,-150]],[[126837,52587],[-59,23],[19,78],[51,-32],[5,27],[34,-64],[39,-62],[-28,-28],[-39,49],[-22,9]],[[127882,49110],[-18,-65],[-51,-9],[69,74]],[[127362,44131],[10,-45],[-17,-94],[15,-134],[217,-450],[-280,-56],[-193,-39],[2,-6],[20,-63],[9,-30],[10,-29],[23,-60],[8,-15],[476,82],[23,-171],[27,-133],[54,-149],[50,-105],[88,-188],[62,-181],[92,-152],[-261,-124],[78,-145],[262,96],[31,-65],[61,-81],[99,-144],[59,-106],[91,-137],[124,-246],[-164,-93],[91,-61],[-74,-133],[-111,41],[-182,65],[-234,111],[-131,127],[-19,67],[-44,172],[-121,202],[-64,217],[-104,99],[-25,132],[-71,124],[157,105],[97,12],[-81,147],[-202,-69],[-19,111],[138,104],[-59,98],[-259,-243],[-42,47],[-76,-3],[-101,43],[361,379],[-38,73],[-424,-372],[-99,51],[-89,81],[-39,19],[10,63],[-60,86],[-48,62],[21,59],[35,121],[32,112],[19,142],[40,34],[-4,95],[-2,97],[-12,89],[19,82]],[[126624,43856],[40,8],[11,45],[78,7],[56,74],[80,9],[17,-90],[94,47],[62,34],[13,42],[-74,84],[-5,14],[-2,8],[-1,49],[0,20],[7,10]],[[127000,44217],[-25,57],[3,45]],[[126978,44319],[1,64],[-9,90],[-2,34]],[[127483,44605],[33,-276],[-107,-23],[-51,-66],[-7,-33],[7,-20],[4,-56]],[[125478,45392],[65,-14],[7,-13],[6,-9],[7,-7],[12,-10],[16,-20],[17,-22],[5,-18],[15,-31],[-25,-109],[-24,-32],[-63,-90],[-40,-9],[-89,14],[-90,83],[-37,48],[-2,14],[-10,28],[3,47],[45,50],[63,58],[119,42]],[[124394,44471],[40,-63],[-83,18],[-7,47],[27,23],[23,-25]],[[124744,44472],[20,-44],[-47,23],[27,21]],[[124948,43466],[-24,-75],[-136,-54],[-6,59],[58,47],[-38,85],[40,11],[1,44],[31,-29],[79,55],[21,-49],[-26,-94]],[[124787,44043],[2,-62],[-38,36],[36,26]],[[125724,44022],[-29,-36],[18,-161],[-46,26],[-31,-37],[-49,59],[40,53],[-47,58],[-66,-45],[-33,-3],[16,119],[15,154],[25,98],[19,58],[39,-9],[17,62],[78,7],[-66,-69],[14,-134],[9,-51],[74,16],[-32,-78],[35,-87]],[[125569,43933],[-24,-83],[-18,36],[42,47]],[[126334,36998],[-48,-1],[-61,-73],[-257,50],[-121,3],[-65,87],[-190,96],[-42,82],[-41,-21],[-22,34],[438,297],[250,157],[89,11],[137,16],[-53,783],[21,19],[34,-46],[14,64],[92,-76],[-4,73],[60,-49],[15,-746],[85,-2],[40,701],[44,50],[35,-34],[-32,-730],[248,-26],[309,-31],[433,-144],[-18,-110],[486,-62],[225,-69],[-3,-28],[-39,-133],[-176,-70],[-92,-83],[-185,18],[-58,-38],[-215,123],[-308,56],[-136,-61],[-188,2],[-199,43],[-71,-36],[-32,34],[-84,-10],[-68,-61],[-61,-9],[-20,-68],[-57,-26],[-109,44]],[[126248,41391],[35,-27],[121,19],[13,-46],[-254,-164],[269,152],[2,-143],[-173,-118],[29,-222],[-446,-166],[-92,-84],[-45,38],[-68,243],[7,148],[64,140],[19,25],[10,13],[20,42],[7,33],[0,45],[-5,59],[-11,1],[-35,-8],[-68,9],[61,60],[-26,90],[-102,-91],[-58,18],[16,-55],[-46,4],[-36,95],[158,175],[0,98],[0,52],[-307,-240],[9,73],[-35,-9],[-43,52],[359,203],[-15,70],[-100,-27],[-384,-113],[9,72],[-67,100],[0,50],[425,20],[-10,69],[-295,68],[63,141],[-10,73],[137,34],[-1,1],[-83,105],[78,62],[76,-92],[91,-80],[5,-78],[48,-112],[60,-38],[59,-5],[-19,51],[70,14],[32,115],[-12,28],[52,50],[-16,49],[94,42],[44,112],[42,-6],[44,-42],[-48,-122],[73,-52],[77,167],[49,-74],[-10,-55],[56,-46],[-3,-78],[63,22],[39,-154],[-316,-30],[-28,-143],[630,-18],[-98,-195],[-550,107],[-1,-30],[0,-131],[6,-171],[5,-89],[147,-13],[129,-12],[14,-130]],[[124306,42879],[-41,8],[26,73],[-39,10],[13,63],[107,12],[58,87],[30,-23],[-55,-35],[13,-86],[-112,-109]],[[125559,43755],[15,-49],[-32,-41],[-16,33],[-3,-119],[-45,4],[17,143],[28,105],[36,-76]],[[125590,42489],[-12,-35],[-45,25],[57,10]],[[124744,42388],[-323,39],[18,91],[-24,37],[373,-48],[-44,-118],[270,29],[10,-124],[-28,16],[-67,-68],[53,-128],[-24,-24],[34,-6],[-80,-78],[8,-28],[-141,44],[-102,-15],[-4,-135],[137,-13],[-64,-42],[-47,4],[-25,49],[-126,57],[-53,61],[-1,56],[-57,39],[256,-1],[51,306]],[[124591,42836],[76,49],[125,-9],[8,-145],[-73,-118],[-38,8],[-39,83],[-83,7],[-117,100],[44,56],[19,-32],[33,34],[45,-33]],[[125326,41360],[-64,9],[-45,-18],[-49,113],[40,27],[8,-49],[50,-3],[64,-19],[61,29],[37,-31],[-23,-66],[60,-29],[54,-60],[-57,3],[-61,-4],[-27,-45],[-19,75],[7,-59],[-16,25],[-18,-30],[-2,132]],[[125052,40963],[87,-117],[68,-105],[-147,-51],[-64,57],[-88,59],[31,125],[-30,79],[-73,-21],[-83,26],[-109,95],[18,56],[-27,5],[56,26],[171,-67],[174,62],[54,-40],[-49,-18],[25,-40],[-32,-26],[18,-105]],[[124882,41311],[70,-78],[-73,-42],[-33,2],[-38,87],[-41,196],[128,-3],[65,-56],[-20,-38],[-74,-6],[16,-62]],[[126768,40472],[-190,44],[-22,84],[-66,6],[231,198],[-120,75],[36,207],[148,59],[89,-26],[42,42],[105,4],[115,-77],[-8,-303],[9,303],[76,-62],[32,-2],[-6,33],[59,-42],[-92,-220],[53,-211],[-45,-5],[-94,-111],[-42,6],[-98,-46],[-72,13],[-13,-33],[-170,3],[106,25],[-63,36]],[[126517,40920],[-199,103],[63,41],[151,-73],[-15,-71]],[[128758,40706],[-90,85],[50,-21],[15,76],[-15,-38],[-61,4],[37,75],[-33,-24],[-26,-65],[-46,24],[-85,27],[75,123],[73,-49],[59,-37],[110,-110],[162,-173],[137,-112],[43,-28],[96,-49],[-7,-38],[-60,-2],[-36,-45],[-31,18],[-63,41],[-52,42],[-28,-60],[-68,-8],[-74,54],[-177,114],[15,43],[72,33],[132,-72],[-124,172]],[[129269,39734],[-69,60],[41,31],[-14,41],[131,59],[57,-123],[-67,-68],[-79,0]],[[125267,38349],[10,-83],[-40,-24],[-104,116],[44,64],[3,-70],[41,-23],[22,93],[24,-73]],[[125616,39160],[14,-97],[-61,-67],[-76,89],[-1,76],[7,69],[-54,68],[59,39],[56,-39],[56,-138]],[[125955,38953],[-79,-37],[23,-111],[-84,-9],[-92,72],[-7,55],[54,90],[95,37],[25,121],[106,-4],[41,32],[216,-155],[177,-50],[-67,-123],[-157,66],[-152,63],[-32,-15],[-67,-32]],[[120067,36245],[-112,-43],[-86,0],[-122,-70],[-96,9],[-55,49],[-36,35],[109,244],[-329,56],[-95,4],[-2,32],[125,102],[183,-13],[37,47],[113,7],[258,-20],[649,-48],[35,10],[-89,-328],[-140,43],[-81,-19],[-149,-48],[-117,-49]],[[120002,35695],[-41,-47],[6,-12],[4,-12],[-9,-29],[-13,-20],[-17,-48],[-34,-82],[-4,-11],[-19,-81],[-5,-116],[54,-169],[40,-103],[53,-89],[70,-154],[39,-121],[34,-82],[64,-149],[33,-58],[22,-51],[40,-112],[-11,-85],[-81,-102],[-237,160],[-86,163],[-27,147],[-3,97],[-39,107],[-87,133],[-95,138],[-84,116],[15,104],[13,45],[-41,177],[-64,136],[6,187],[35,89],[92,122],[54,90],[55,-9],[-18,-254],[37,2],[17,4],[15,4],[36,8],[65,16],[103,55],[13,-104]],[[117464,36584],[52,75],[97,-12],[-8,34],[-67,18],[40,61],[75,-1],[38,-233],[-25,-119],[-57,17],[-21,67],[-43,-164],[-70,23],[-46,189],[35,45]],[[117944,36496],[-128,12],[-1,128],[86,39],[26,88],[36,-5],[87,-12],[-57,-68],[39,-13],[16,-65],[39,49],[16,-59],[32,51],[26,-35],[12,68],[25,-43],[0,58],[53,43],[7,-97],[31,34],[67,-12],[85,0],[7,-35],[29,23],[64,-58],[-7,-179],[209,-31],[135,4],[303,30],[-183,-170],[9,-85],[-129,2],[-135,-8],[-225,10],[-123,-2],[-201,-77],[-59,-2],[-63,59],[-110,-35],[-18,393]],[[117647,36360],[12,-52],[-59,8],[47,44]],[[121005,36606],[-88,-237],[-113,30],[50,215],[151,-8]],[[118256,36854],[42,-89],[-54,-13],[-46,37],[-72,-26],[53,71],[25,-36],[52,56]],[[128122,48389],[51,8],[-39,19],[77,-24],[76,29],[52,-28],[60,15],[67,45],[11,43],[47,48],[20,115],[19,73],[-97,159],[-111,37],[-120,-26],[-52,-37],[-54,37],[9,103],[14,46],[60,9],[21,2],[21,16],[236,352],[75,56],[73,2],[97,104],[59,5],[231,106],[103,52],[83,152],[54,22],[281,153],[88,24],[68,6],[57,-69],[115,43],[18,69],[81,41],[192,-5],[53,54],[62,-15],[105,44],[150,-53],[56,-17],[32,-133],[-33,-48],[-32,23],[-68,15],[-1,-129],[-37,16],[-27,-54],[15,-121],[146,-227],[136,-40],[-56,-135],[-3,-220],[-111,-64],[-4,-114],[29,-72],[-67,-55],[-42,-173],[21,-200],[-33,-186],[49,-109],[-119,-24],[-148,-71],[-49,13],[-67,-56],[-158,-129],[-67,-66],[-43,-55],[-85,7],[-128,-65],[-77,-41],[-64,-66],[-99,7],[-121,-82],[-190,5],[-148,-108],[-7,-19],[-21,-11],[-25,-12],[-90,-148],[-47,11],[11,-61],[-24,3],[-21,-40],[-145,-56],[-16,-50],[78,-134],[116,-110],[4,39],[41,0],[93,-129],[-57,-4],[11,-40],[-48,17],[-46,-92],[-492,-331]],[[126982,46474],[-63,223],[-3,3],[-34,137],[-23,24]],[[126859,46861],[26,22],[-26,-22]],[[126859,46861],[0,2],[-33,71],[-74,2],[-5,6]],[[126661,47190],[-2,18],[-47,34],[-10,181],[38,-15],[19,-96],[84,-52],[21,-68],[89,-61],[108,-16],[38,-21],[48,5],[38,1],[138,59],[100,55],[30,57],[3,44],[73,16],[55,59],[48,63],[-10,128],[-13,113],[-13,76],[45,48],[-7,61],[175,13],[222,-92],[16,-84],[167,-76],[193,-192],[122,114],[-438,295],[-378,154],[87,148],[15,99],[31,15],[129,69],[183,60],[64,-13]],[[129957,45581],[29,115],[-109,152],[10,108],[-44,60],[70,194],[92,-61],[282,-30],[34,-40],[99,23],[42,-82],[-41,-94]],[[129227,45952],[-76,14],[-1,2]],[[129022,46092],[58,121],[208,193],[-18,75],[192,-46],[84,-57],[88,-73],[86,-21],[62,-14],[-67,-219],[-48,-37],[-54,-139]],[[130063,49504],[-2,-4],[3,4],[100,156],[-101,-156]],[[128925,52129],[38,52],[133,39],[12,7],[-2,19],[-151,-1],[-3,-1],[-123,7],[-59,43],[-14,67],[-12,94],[34,23],[-28,-5],[-17,90],[20,77],[-3,63],[-32,38],[30,121],[6,50],[-60,38],[-35,64],[-108,25],[117,119],[133,130],[91,124],[48,148],[2,6],[-1,129],[101,101],[149,159],[53,-8],[17,53],[47,13],[93,51],[35,72],[20,51],[12,31],[51,-13],[47,82],[32,27],[25,-40],[12,30],[79,-43],[23,-30],[90,2],[79,118],[8,85],[55,65],[41,-3],[108,-158],[42,-136],[70,-22],[7,-44],[4,-77],[51,-10],[-116,-165],[116,165],[82,-94],[14,-38],[30,30],[37,-17],[15,-330],[-109,-113],[-245,70],[-281,181],[-29,-4],[-16,-2],[-76,-14],[-23,-9],[280,-170],[395,-102],[-29,-8],[-37,-62],[-11,-83],[-1,-75],[36,-43],[-25,-49],[-78,-207],[-37,-162],[-74,-89],[-20,-69],[-32,-50],[-41,-73],[17,-70],[-27,-56],[-93,-10],[-16,-23],[-79,-95],[-80,-60],[-200,-3],[-57,11],[-98,-13],[-75,-11],[-63,-26],[-38,-13],[-17,-3],[-79,-24],[-187,-35],[4,-51],[-41,11],[15,43],[15,65],[10,14],[1,1],[-4,8]],[[128489,53275],[-16,-94],[44,-33],[-37,-63],[-106,6],[-64,64],[-38,102],[44,37],[-20,37],[51,74],[-8,61],[92,108],[49,-106],[9,-193]],[[114000,36093],[-9,-22],[9,-19],[0,-14],[81,-1],[0,57],[-81,-1]],[[113765,36071],[-113,111],[-44,77],[-8,100],[401,-1],[-401,1],[18,158],[-11,99],[39,124],[31,55],[5,37],[56,-55],[210,-5],[-16,188],[-224,41],[15,108],[29,63],[104,59],[161,-7],[95,5],[65,-310],[78,223],[-44,109],[48,29],[5,57],[71,22],[-41,-63],[19,-78],[47,64],[76,42],[43,-22],[42,-14],[105,36],[219,-25],[153,-40],[26,-9],[101,-21],[126,-35],[51,21],[27,-47],[93,-38],[-31,48],[79,-7],[118,-28],[69,14],[29,-48],[30,-32],[-40,-401],[184,-2],[54,0],[65,1],[93,-1],[62,-7],[112,-14],[331,-48],[9,285],[-90,3],[105,60],[-47,5],[21,154],[114,16],[45,-116],[0,-1],[60,86],[78,-33],[-9,-54],[41,20],[42,-48],[-91,-227],[103,-50],[88,110],[-22,124],[31,-22],[43,68],[192,-36],[11,-148],[-98,-87],[19,-27],[95,74],[81,-18],[-13,-191],[30,-230],[-61,-20],[-254,45],[-59,33],[-110,-27],[-71,-18],[-48,40],[-84,1],[-73,-6],[-103,-95],[-75,41],[-152,10],[-115,-54],[28,-76],[-47,-96],[-56,48],[-52,-38],[-51,40],[-174,13],[-144,21],[-55,90],[-39,34],[-23,-5],[-35,-7],[-35,-10],[-187,-51],[-16,-2],[-84,-67],[-155,-63],[-100,-58],[-35,-43],[-143,641],[-46,2],[180,-659],[-113,-26],[-89,-35],[-346,-94],[-6,28],[92,33],[-78,36],[71,149],[-25,523],[-94,-15],[-68,-11],[-3,-581],[-27,-84],[-105,-135],[-43,29],[-106,-27],[-181,-21],[2,143],[-53,141],[-4,32]],[[113491,36693],[-26,-22],[25,61],[10,0],[3,-28],[-12,-11]],[[125169,46924],[-43,12],[-37,49],[-31,75],[-7,26],[-1,56],[3,47],[26,64],[68,91],[34,32],[77,-38],[28,-18],[29,-18],[11,-8],[38,-21],[28,-21],[17,-14],[12,-40],[-33,-15],[-106,-24],[11,30],[1,0],[4,5],[-4,4],[-24,-3],[-20,13],[-27,7],[-22,12],[-14,-2],[-49,-32],[-13,-31],[-15,-28],[4,-48],[10,-14],[29,-49],[15,-5],[18,-3],[12,4],[26,6],[24,4],[9,5],[-4,32],[1,9],[25,42],[51,47],[87,-3],[-76,-10],[1,-9],[73,-13],[-3,-8],[-3,-13],[8,-10],[7,-14],[-12,-25],[-5,-23],[-3,-27],[-8,-5],[-13,-3],[-23,-4],[-16,-8],[1,-22],[-1,-20],[-51,-1],[-26,-8],[-36,-17],[-31,3],[-31,0]],[[125390,47012],[1,1],[-2,-1],[1,0]],[[125537,45634],[-97,14],[-48,75],[17,65],[83,36],[81,-50],[22,-42],[18,-22],[-76,-76]],[[125473,45700],[36,-7],[16,10],[0,40],[-24,23],[-35,1],[-15,-43],[22,-24]],[[121448,49189],[-30,31],[4,17],[89,87],[44,-38],[94,-44],[-63,-79],[-24,-132],[-114,158]],[[120571,47827],[31,-64],[60,-25],[-76,16],[-59,68],[44,5]],[[125109,47461],[-14,57],[54,-27],[1,-2],[10,1],[-8,49],[40,-69],[-23,-27],[-42,-1],[-18,19]],[[126036,46825],[61,34],[21,41],[36,20],[87,-78],[262,-2],[-265,163],[70,63]],[[126914,45662],[17,-129]],[[126978,44319],[-394,1],[38,59],[4,62],[-24,71],[7,128],[147,510],[-47,113],[-47,48],[-63,-27],[54,154],[-42,-3],[-116,-7],[-182,-16],[14,57],[-28,29],[82,57],[58,125],[6,65],[-81,9],[-35,-16],[-9,-90],[32,-29],[-33,-41],[-153,15],[-30,68],[-16,124],[-11,37],[-12,101],[-16,62],[-60,34],[-56,84],[23,137],[-24,96],[42,183],[36,101],[3,79],[-8,52],[-1,74]],[[126624,43856],[-9,74],[50,103],[37,96],[-9,88],[307,0]],[[125650,46529],[-22,-37],[-28,-29],[-17,-32],[-39,-24],[-49,-13],[-46,4],[-78,38],[-20,28],[-28,89],[-4,37],[38,106],[28,58],[16,88],[10,26],[44,62],[30,10],[13,-44],[137,-8],[60,-127],[-21,-118],[-13,-23],[-131,33],[1,-14],[123,-48],[3,-34],[-7,-28]],[[125466,46173],[-84,-20],[39,73],[45,-53]],[[125319,46823],[17,47],[45,-31],[-23,-39],[-39,23]],[[175983,9597],[7,-5],[-4,3],[-3,2]],[[176024,9516],[-291,301],[-60,93],[-134,61],[-137,117],[-198,209],[-7,75],[-86,25],[-190,92],[-568,451],[-183,238],[-33,173],[-53,46],[-228,-28],[-218,29],[-157,7],[-165,4],[-120,3],[-234,-63],[-67,-16],[-193,-48],[-7,-50],[-226,-109],[-77,90],[-18,191],[-74,205],[60,186],[113,13],[-113,180],[-186,-65],[47,121],[182,189],[-3,52],[-76,14],[-10,-58],[-184,-58],[-33,-52],[-61,50],[-46,-54],[28,-180],[-48,5],[-35,65],[-44,-47],[25,-44],[-70,5],[-2,57],[-33,3],[-31,-106],[-46,57],[-46,2],[-55,-28],[-5,-72],[-39,11],[36,71],[-21,22],[-114,-33],[-35,-51],[-61,121],[-121,14],[-37,-40],[45,-58],[-12,-102],[99,34],[-55,-201],[43,-113],[-54,-97],[-135,-31],[-116,-41],[-357,-93],[-20,239],[47,130],[41,338],[10,37],[-72,13],[-14,52],[-64,-47],[-171,0],[-60,61],[-124,0],[-151,-76],[-33,63],[56,110],[364,211],[114,-27],[-111,32],[25,93],[-40,258],[161,305],[74,17],[-74,-11],[24,183],[171,165],[37,-45],[-30,-32],[1,-47],[-15,11],[-11,-14],[12,12],[14,-11],[0,9],[21,-66],[-48,-1],[-42,-21],[6,-66],[-27,11],[47,-21],[-24,72],[41,22],[36,-6],[52,-41],[-47,42],[17,4],[8,26],[46,7],[-47,-5],[-11,-27],[-22,109],[27,27],[23,-23],[31,7],[1,-43],[34,76],[-64,-38],[-18,15],[-41,61],[46,36],[-43,-13],[5,90],[52,-51],[-43,59],[76,45],[10,-17],[34,-21],[-5,-15],[-21,0],[-13,-19],[-2,-14],[14,-14],[1,-19],[9,-5],[25,10],[29,-4],[7,-50],[32,-42],[-36,92],[-33,6],[-25,-9],[-7,22],[-11,9],[9,32],[20,1],[10,8],[-5,43],[12,-7],[-11,11],[-6,-26],[-31,19],[7,95],[61,28],[-16,66],[32,-24],[13,10],[1,-8],[2,9],[-17,-3],[16,28],[56,23],[18,93],[138,11],[-71,11],[42,30],[-94,-22],[7,-17],[-33,-18],[-12,-87],[-55,-20],[-13,-22],[-43,57],[23,-112],[-59,-26],[-7,-79],[-89,-53],[-21,90],[-74,73],[5,28],[-7,32],[24,-8],[6,12],[-6,-10],[-6,9],[-16,0],[-4,-4],[6,-32],[-12,-8],[11,-25],[-198,58],[7,44],[-15,-45],[-264,-16],[-125,339],[-148,353],[-117,121],[-122,55],[39,61],[36,-45],[14,35],[-15,-33],[-37,45],[-43,-63],[-69,19],[-174,152],[-301,110],[-90,74]],[[169144,14958],[2048,-437],[793,-170],[504,-107],[270,-58],[369,-79],[519,-111],[316,268],[376,319],[196,167]],[[174535,14750],[126,106],[816,692],[90,77],[397,336],[420,357],[123,104],[496,421],[597,506]],[[177600,17349],[107,-24],[-81,-72],[70,-44],[-54,-38],[29,-74],[-85,-5],[31,-99],[-27,-55],[210,-132],[-87,-64],[-31,-94],[69,-82],[73,28],[39,-37],[5,-43],[-86,-65],[74,-123],[102,-4],[48,66],[-57,-134],[60,-81],[62,83],[76,-57],[41,60],[75,0],[0,-1762],[0,-161],[0,-819],[-1,-770],[0,-1035],[0,-1105],[0,-921],[0,-353],[0,-685],[-1,-1337],[-476,132],[-282,272],[-257,321],[-382,342],[-208,219],[-261,403],[-86,202],[-48,136],[-118,79],[-119,99]],[[176098,9615],[-8,12],[24,-38],[-16,26]],[[176346,9605],[-23,-18],[30,24],[-7,-6]],[[176539,13754],[0,-1],[7,-1],[-7,2]],[[169778,12170],[114,-154],[-71,-90],[14,-63],[-12,-37],[16,-60],[41,-10],[-16,-52],[44,-101],[-639,43],[-28,91],[-141,-14],[-283,140],[-171,473],[86,36],[263,-198],[81,85],[85,12],[118,-53],[306,72],[246,-73],[-53,-47]],[[169769,13309],[91,66],[-6,-4],[-85,-62]],[[169940,13483],[-24,50],[7,10],[23,6],[1,29],[29,13],[-1,19],[26,-22],[54,-4],[16,-55],[20,6],[-18,-5],[-3,42],[-15,16],[-17,-2],[31,34],[-17,87],[31,-42],[296,-84],[-12,-30],[3,-20],[6,-4],[28,28],[-17,6],[-10,-29],[-5,1],[-3,19],[15,28],[127,1],[263,-66],[-168,-194],[-56,-115],[12,-147],[-102,-142],[-194,21],[-118,-96],[-79,6],[3,133],[-40,83],[-86,58],[-23,170],[-183,-13],[-63,-65],[-902,-750],[-255,-102],[-265,-122],[-199,-291],[143,-414],[101,-327],[182,-410],[141,-218],[-84,-29],[-2,27],[-97,-184],[-317,-196],[-390,-97],[-147,22],[-10,116],[-156,49],[-359,-24],[-628,-1],[-337,13],[-41,35],[-52,-49],[-603,-137],[-41,2],[-116,-116],[-60,49],[-20,71],[65,226],[69,343],[122,415],[49,34],[-17,25],[49,97],[156,212],[-4,40],[52,5],[7,57],[132,72],[-58,57],[2,109],[313,652],[197,311],[142,91],[25,125],[177,277],[251,237],[238,238],[456,258],[378,137],[348,66],[431,55],[237,70],[78,-13],[430,-4],[304,-143],[124,-124],[52,-174],[12,28],[167,-237],[-64,-2],[-32,40],[13,-94],[-33,-29],[-26,1],[-25,21],[-10,0],[-55,-74],[-1,-7],[26,-46]],[[176305,10447],[6,-13],[-5,14],[-1,-1]],[[172596,13898],[9,12],[-27,-38],[18,26]],[[170370,28058],[35,-82],[34,-72],[29,-68],[36,-86],[28,-73],[140,30],[5,1],[66,13],[25,6],[40,8],[166,36],[27,5],[23,4],[33,5],[43,7],[57,8],[62,10],[48,-1],[126,-8],[14,-12],[27,-23],[77,-65],[146,-111],[25,-17],[105,-79],[52,-100]],[[171839,27394],[-119,-37],[-5,-1],[-27,-6],[-158,-30],[-276,-73],[-89,-23],[-132,-31],[-121,-33],[-38,-10],[-59,-17],[-54,-15],[-19,-6],[-24,-7],[-86,-24],[-12,-4],[-70,-25],[-14,-5],[-46,-17],[-110,-47],[-31,-13],[-309,-132],[-69,-17],[-161,-39]],[[169810,26782],[-243,-120],[-65,-32],[-89,-44],[-106,-53],[10,-220],[7,-140],[4,-96],[14,-89],[7,-29],[-102,-15],[-101,-15],[-57,-9],[-115,-17],[-16,43],[-63,135],[-1,2],[-34,248],[57,109],[5,92],[67,154],[5,11],[87,122],[17,25],[108,134],[35,42],[132,136],[-117,64],[-111,47],[-24,7],[-121,20],[-119,-8]],[[168881,27286],[32,117],[88,124],[13,13],[55,201],[25,44],[19,33],[7,10],[44,104],[19,45],[36,26],[3,2],[64,62],[64,93],[20,31],[2,59],[-9,13],[-7,4],[-53,35],[5,16],[13,47],[10,35]],[[169331,28400],[63,-17],[56,-20],[47,-20],[7,17],[-4,4],[-21,10],[-64,36],[-75,47]],[[169340,28457],[-12,0],[-74,3],[-82,20],[-36,2],[-28,0],[-18,-2],[-32,-4],[-22,-3],[-16,-1],[-33,-4],[-3,0],[-20,-2],[-25,-3],[-19,-2],[-30,9],[8,81]],[[168898,28551],[42,2],[48,3],[7,23],[-26,53],[-58,8]],[[168911,28640],[15,72],[1,4]],[[168927,28716],[83,13],[51,-1],[92,-12],[42,-5],[69,-4],[52,-4],[11,-2],[101,-44],[6,-5],[68,-46],[46,-23],[50,-23],[31,102],[49,153],[102,-39],[93,-48],[105,-40],[95,-25],[-26,-46],[-8,-55],[5,-58],[0,-4],[-5,-42],[-14,-44],[73,-121],[22,-40],[93,-15],[53,-22],[28,-12],[54,-42]],[[170348,28162],[22,-104]],[[169650,28447],[2,-46],[53,14],[13,65],[-79,59],[11,-92]],[[169256,28547],[61,4],[-8,25],[-42,35],[-7,7],[-85,-33],[-13,-32],[28,-4],[66,-2]],[[176535,33820],[113,-17],[107,-16],[-27,-116]],[[176728,33671],[11,-101],[-35,-102],[-12,-51],[27,-10],[13,-248],[5,-61],[25,-97]],[[176762,33001],[-33,-18],[22,-28],[-35,-67],[48,-60],[-46,-8],[-5,-50],[-64,10],[-112,51],[-49,-52],[-20,24],[-47,-26],[-145,-17],[-71,96],[-77,1],[-86,-72],[1,-39],[-226,38],[-109,-139],[4,-271],[2,-76],[7,-440],[-2,-46],[-13,-476],[30,-105],[-99,-78],[-63,-1],[-28,-67],[73,-56],[-21,-143],[-46,-69],[15,-58],[-69,-127],[13,-61],[59,7],[26,-64],[49,21],[-9,-45],[40,-6],[-32,-64],[79,27],[-11,-54],[36,-8],[-29,-67],[-52,12],[38,-16],[-10,-57],[-33,-6],[33,-30],[-30,-38],[47,5],[24,-104],[-22,-84],[-96,-90],[63,-18],[-10,-40],[60,29],[19,-63],[-31,9],[3,-33],[40,-22],[19,27],[-15,-36],[-25,1],[22,-41],[-48,18],[92,-103],[-46,-61],[32,-9],[-25,-40],[53,-68],[-32,-26],[55,-82],[-67,-81],[-20,-69],[-101,-26],[18,-58],[-37,-18],[26,-20],[64,41],[-29,-110],[57,8],[51,-46],[-8,-64]],[[175798,28909],[-43,-32],[-79,24],[-108,-60],[-10,40],[-220,66],[-506,124]],[[174832,29071],[-66,51],[-82,27],[-32,-23],[-87,136],[-96,-87],[-26,89],[-58,47],[-118,-85],[-113,65],[39,115],[-95,-2],[-45,-38],[-153,7]],[[173900,29373],[-62,74],[-61,76],[-68,-23],[-56,43],[-83,-25],[-33,17],[14,63],[-148,25],[-52,-36],[5,43],[-57,24],[12,42],[-41,-21],[-54,99],[-56,-82],[-80,58],[-30,-35],[28,-57],[-32,-19],[-28,29],[-23,78],[-112,-105],[-64,16],[-75,-1],[-40,70],[107,74],[-18,65],[-96,-26],[-126,-130],[-135,53],[-52,32],[11,74],[-40,39],[-50,-38],[6,-72],[-38,-16],[-29,96],[78,78],[-41,69],[-59,-1]],[[172222,30023],[-79,84],[10,35],[125,66],[-23,55],[80,84],[-18,27],[37,11],[3,151],[65,94],[-34,21],[20,38],[-39,10],[0,106],[-50,63],[27,176],[-49,21],[-19,44],[30,2],[-2,37],[-27,10],[91,63],[14,74],[50,35],[-50,12],[-31,73],[-133,1182],[-147,1389],[119,29]],[[172192,34015],[325,72]],[[172517,34087],[74,11],[302,64]],[[172893,34162],[59,12]],[[172952,34174],[134,30],[129,28],[11,1],[103,27],[126,-19],[401,-48],[391,-44],[2,153],[37,76],[27,-11],[-3,54]],[[174310,34421],[142,9],[145,23],[36,97],[83,36],[44,1],[-4,-62],[90,-47],[22,-2],[17,47],[-32,52],[45,1],[15,-62],[-33,-60],[4,-16],[34,5],[-16,-54],[36,11],[113,-78],[159,-140],[-18,55],[51,16],[51,13],[43,-90],[16,26],[44,-38],[60,2],[-7,-54],[42,-25],[40,21],[5,-28],[39,18],[6,-33],[35,8],[-14,-55],[25,0],[52,30],[10,38],[56,-48],[22,110],[-75,109],[-29,-30],[-25,41],[159,1],[51,-28],[72,-30],[70,10],[45,-36],[63,-44],[103,15],[16,-49],[34,-14],[94,64],[19,-41],[54,-42],[45,37],[28,-46],[64,19],[-21,-264]],[[156714,30355],[113,40],[23,21],[41,32],[24,38],[46,37],[112,117],[22,33],[24,126],[-45,9],[27,41],[84,90],[28,108],[100,99],[233,-193],[174,265],[47,-2],[2,52],[-63,77],[113,37],[68,86],[16,42],[-148,52],[15,41],[266,-124],[173,-128],[210,-15],[307,-256],[77,-2],[265,138],[389,292],[163,128],[-114,161],[-39,128],[8,173],[-207,37],[-91,-94],[-72,3],[-27,48],[-100,-45],[-57,184],[-34,12],[-13,99],[-106,21],[-20,99],[-110,-12],[-53,47],[68,184],[-59,54],[112,70],[147,189]],[[158853,32994],[19,-112],[39,-2],[62,15],[29,-85],[43,-14],[284,61],[-22,-81],[63,-10],[-32,-48],[25,-44],[6,57],[32,-42],[37,17],[-4,-40],[78,24],[-1,-64],[26,48],[58,-11],[-5,-37],[56,14],[45,-65],[-29,-32],[51,-5],[-20,-40],[45,15],[47,-16],[-51,-40],[9,-37],[36,0],[-29,44],[34,-21],[42,27],[-12,-71],[48,-38],[-27,-43],[58,67],[-10,-56],[67,1],[-32,-63],[37,-18],[-33,-23],[45,-12]],[[159967,32214],[-16,-30],[54,-3],[-25,-58],[33,18],[-11,-24],[50,-20],[-64,-44],[-33,-86],[36,-120],[90,-114],[-16,-91],[39,9],[-24,-57],[25,-127],[-83,-137],[25,-126],[65,-47],[71,-43],[43,-101],[89,-265],[-4,-303],[-173,-97]],[[160138,30348],[-723,-348],[-121,-58],[-159,-72],[-26,-12],[-197,-92],[-128,-64],[-63,-33],[-62,-52],[46,-160],[102,-117],[57,-251],[158,-126]],[[159022,28963],[-116,-35],[-133,-145],[-416,-62],[-13,-134],[-67,-62],[7,-34],[-186,5],[-107,-79],[-169,-4],[-118,-35],[-95,12],[-139,-87],[-217,-80],[-80,-109],[-123,9],[-233,201],[-100,60],[-89,-3],[-239,6],[-676,186]],[[155713,28573],[214,273],[-63,16],[-303,85],[-338,157],[-105,41],[-255,85]],[[154863,29230],[-58,369],[47,12],[90,124],[21,146],[-27,326],[117,118],[216,149],[38,-108],[53,-34],[154,43],[105,-23],[158,-2],[465,-74],[68,35],[159,45],[65,31],[180,-32]],[[153898,31925],[100,-33],[63,26],[107,-60],[-80,-349],[-317,-977]],[[153771,30532],[-127,1081],[-47,403]],[[153597,32016],[301,-91]],[[157619,32168],[166,39],[-148,-90],[-103,-25],[85,76]],[[159755,36330],[-10,-2],[-14,-14],[-15,-12],[-13,-13],[-11,-15],[0,-10],[3,-29],[-27,32],[6,42],[4,12],[0,22],[-40,33],[-26,-20],[-15,53],[-22,-15],[26,26],[-31,35],[-31,-80],[17,61],[-44,-26],[-40,-33],[-69,67],[-148,22],[-94,32],[-80,-22],[-46,41],[-91,54],[-234,51],[-39,63],[-47,5],[-1,85],[50,95],[-99,41],[-51,-114],[-44,7],[-9,145],[-86,43],[-61,-102],[-27,25],[23,79],[-122,13],[-85,53],[-98,6],[-66,-57],[-70,41],[-15,-66],[-85,89],[-10,51],[-42,-31],[-33,20],[25,79],[-88,9],[-140,-120],[-58,19],[48,54],[-15,65],[-269,58],[-24,-149],[-15,52],[-64,27],[-21,20],[-33,-57],[-102,-39],[29,88],[-66,-22],[-51,83],[-33,88],[-149,-62],[-21,121],[-129,42],[278,3],[165,-40],[244,-10],[146,-48],[141,11],[106,13],[2,-51],[33,8],[102,6],[52,-20],[12,32],[63,-9],[25,-190],[41,-5],[79,-8],[85,-9],[24,101],[55,41],[13,-24],[-16,-25],[49,21],[8,-40],[21,33],[17,-146],[66,-13],[62,-11],[35,-6],[-51,227],[93,27],[133,-40],[53,6],[30,-44],[50,35],[17,-50],[12,46],[18,-28],[79,27],[126,-42],[212,21],[413,8],[47,-50],[124,-41],[202,-56],[81,-68],[189,-55],[129,-11],[123,39],[28,50],[120,-29],[438,-81],[343,-14],[215,-39],[150,-35],[62,30],[67,-39],[163,-81],[193,-66],[23,-28],[-33,-17],[-68,-4],[-33,-63],[-40,-6],[-38,-46],[-62,21],[-208,29],[-102,-39],[-83,21],[-33,16],[-37,-13],[-64,-21],[58,-41],[-21,-37],[-80,35],[-113,-79],[-28,-55],[-90,1],[-44,15],[-60,-1],[-75,2],[-69,-17],[-115,1],[-61,40],[-40,36],[-17,-35],[78,-74],[24,-20],[-47,-33],[-49,22],[-130,-4],[-10,-42],[-71,48],[-53,-24],[-79,61],[-67,-57],[-38,62],[-31,-7],[-36,-31],[-38,55],[-71,15],[3,166]],[[160136,36582],[-69,14],[-1,-121],[12,-34],[7,-26],[-56,3],[-26,-6],[-42,-16],[-29,-49],[-64,2],[-95,-19],[-18,0]],[[160136,36582],[118,-17],[-24,151],[-90,4],[-4,-138]],[[160387,36708],[3,-169],[201,-19],[18,38],[-59,30],[-25,113],[-138,7]],[[160174,36206],[-46,-19],[15,22],[5,6],[41,40],[-15,-49]],[[159934,36214],[35,-34],[-30,-65],[-31,98],[-11,120],[47,-50],[-10,-69]],[[160192,36055],[11,-32],[-37,22],[-32,22],[79,77],[20,-40],[-41,-49]],[[162651,36492],[-71,-8],[-92,45],[125,-2],[89,16],[108,-10],[66,-66],[17,-67],[-60,25],[-50,9],[-132,58]],[[155713,37810],[-101,26],[-5,-54],[-88,19],[-29,46],[74,120],[55,1],[11,-43],[42,48],[91,9],[-31,-120],[63,-14],[30,87],[52,8],[16,-40],[-29,-41],[53,-62],[23,164],[38,-48],[101,65],[-5,-50],[28,-1],[35,-35],[97,52],[-46,-106],[-137,-37],[-133,-39],[-97,40],[-98,-38],[-10,43]],[[158994,39224],[-4,33],[-37,29],[-11,8],[-86,12],[-147,-11],[-92,1],[-40,21],[-17,-29],[-74,-39],[-46,-78],[-49,9],[-141,39],[-105,116],[-92,134],[-16,45],[63,14],[17,66],[-6,80],[11,96],[-5,17],[-22,43],[-45,41],[-44,86],[-22,96],[-3,54],[4,34],[-26,26],[-19,26],[-3,32],[-28,81],[-13,41],[33,37],[-78,130],[-19,62],[-75,102],[-83,-4],[183,93]],[[157857,40767],[89,75],[21,19],[28,24],[46,40],[1,101],[0,115]],[[158042,41141],[126,-31],[139,-83],[118,-145],[26,-24],[21,-59],[15,-20],[13,-37],[10,-14],[48,15],[26,-16],[13,-20],[41,-13],[14,-9],[10,-17],[7,-5],[5,-6],[25,-18],[20,-9],[41,-14],[14,-10],[35,-14],[41,-32],[69,-23],[35,-44],[-13,-43],[59,-6],[-20,-78],[-23,-56],[30,-25],[50,53],[57,-94],[75,-47],[0,-104],[54,-85],[99,-75],[96,-77],[2,-58],[19,-62]],[[159439,39736],[54,-35],[65,14],[95,52],[147,48],[88,-22],[93,-150],[72,-51],[44,-8],[103,47],[62,-24],[39,-16],[-3,-39],[-103,-56],[-17,-57],[-62,-46],[-50,-45],[-27,-15],[-39,-18],[-73,-24],[-41,-17],[-32,-28],[-49,-13],[-26,-15],[-17,-8],[-49,-13],[-29,2],[-40,-4],[-41,-6],[-34,-15],[-49,-10],[-90,-25],[-21,-29],[-37,-23],[-58,0],[-34,10],[-63,12],[-87,23],[-16,10],[-12,-4],[-62,26],[-31,21],[-15,39]],[[159003,39278],[9,12],[2,2],[-11,-14]],[[159182,39167],[15,-6],[-15,6]],[[159252,39135],[-10,1],[-5,0],[15,-1]],[[159063,39221],[0,-1],[0,1]],[[158987,40169],[-67,-17],[18,4],[49,13]],[[159294,39850],[-185,-16],[65,5],[120,11]],[[159020,39704],[62,15],[-16,-4],[-46,-11]],[[159439,39736],[-72,-196]],[[159367,39540],[26,70],[46,126]],[[159515,39527],[-59,-16],[-24,-6],[83,22]],[[159638,39528],[7,-9],[-32,41],[25,-32]],[[159633,38882],[-43,68],[108,6],[-65,-74]],[[159417,39422],[4,-10],[16,-39],[-20,49]],[[159367,39540],[50,-118]],[[159417,39422],[-29,69],[-21,49]],[[154329,39618],[-84,-10],[-41,55],[-72,90],[14,71],[-22,49],[198,8],[3,33],[-201,39],[37,46],[62,92],[58,35],[44,35],[69,-8],[93,-11],[52,-20],[71,-44],[53,-31],[39,-32],[17,-108],[-16,-54],[-111,-45],[-70,-37],[0,-1],[16,-72],[1,-49],[-1,29],[89,-3],[-12,-52],[17,-40],[60,12],[-2,40],[58,37],[28,25],[-28,81],[94,64],[30,-101],[-26,-55],[9,-63],[-27,-77],[-47,-102],[-55,-51],[15,-20],[-53,2],[-52,-18],[-46,-14],[-51,-14],[-76,13],[-50,15],[-41,-22],[-5,74],[-20,23],[-58,37],[33,67],[34,-6],[-27,88]],[[154425,39687],[8,-8],[-1,1],[-7,7]],[[154350,39778],[11,-11],[-5,6],[-6,5]],[[154281,40009],[25,-45],[-15,26],[-10,19]],[[154500,39819],[-177,3],[117,-2],[60,-1]],[[154519,40067],[-30,-95],[-23,-75],[53,170]],[[158334,39689],[-5,16],[11,-32],[-6,16]],[[158500,39558],[-26,-35],[3,4],[23,31]],[[158255,39716],[2,16],[2,23],[-4,-39]],[[158590,40603],[-5,3],[1,0],[4,-3]],[[158513,40626],[-3,-53],[3,44],[0,9]],[[158407,40572],[15,19],[-14,-18],[-1,-1]],[[158431,40427],[-28,-23],[43,35],[-15,-12]],[[160485,39055],[37,30],[19,-51],[0,-113],[-43,77],[-13,57]],[[160066,39012],[45,-9],[-7,-39],[-69,8],[-48,14],[79,26]],[[158803,39587],[-46,-23],[25,12],[21,11]],[[158665,39702],[44,10],[-44,-10]],[[158785,39729],[-28,-9],[2,0],[26,9]],[[159098,39300],[0,2]],[[159098,39302],[0,-2]],[[159182,39260],[0,9],[0,7],[0,-16]],[[158479,39970],[-74,-69],[59,55],[15,14]],[[158807,40154],[-48,34],[20,-15],[28,-19]],[[158091,40349],[37,38],[-37,-38]],[[154543,39355],[-3,118],[-1,28],[4,-146]],[[161197,38919],[-46,-57],[-42,50],[33,54],[55,-47]],[[161142,39071],[16,-86],[-70,-1],[-52,100],[44,35],[66,-10],[26,-36],[-30,-2]],[[161130,39284],[0,59],[24,-2],[28,-15],[-26,-52],[16,-60],[-40,-24],[-31,43],[37,-1],[-8,52]],[[160821,38971],[72,-59],[-141,13],[-6,39],[75,7]],[[166372,29158],[-6,86],[-65,-15],[-55,-39],[47,-61],[80,22],[-1,7]],[[166395,29010],[-3,11],[3,-11]],[[167325,29419],[9,0],[27,-5],[71,-16],[49,-20],[33,-64],[15,-47]],[[167529,29267],[2,-6],[15,-64],[15,-43]],[[167561,29154],[0,-2],[12,-51],[7,-21]],[[167580,29080],[3,-10],[37,-69]],[[167620,29001],[4,-16],[27,-61],[21,-24],[12,-15],[8,-20],[28,-65],[18,-38]],[[167738,28762],[-29,-37],[-73,-85],[-34,-39],[-98,-34],[-7,-2],[-99,-32],[-42,-11],[-14,-4],[-143,-10],[-79,8],[-57,6],[-20,2],[-29,-1],[-66,-1],[-44,-1],[-25,-1],[-52,0],[-127,-10],[-44,-6],[-189,-61],[-96,-58]],[[166371,28385],[-85,75],[-21,24],[-17,18],[-20,23],[-63,131],[-10,39],[-7,26],[-12,47],[-1,36],[-2,51],[-1,37],[1,48],[2,52],[1,34],[0,10],[-17,78],[-170,-68],[-98,30],[-98,64],[-52,90],[-6,27],[-90,130],[-106,42],[-7,18],[-11,-1],[-151,-4],[-24,0],[-92,4],[-136,95],[-52,54],[-130,148],[-188,110],[-106,59],[-61,94],[-28,95],[-38,140],[-20,50],[-106,186],[-175,153],[324,311],[256,206]],[[164754,31147],[48,33]],[[164802,31180],[273,233]],[[165075,31413],[354,-17],[315,-13],[428,0],[326,-87],[97,-57],[-12,-39],[1,-79],[48,-58],[0,-72],[-37,-29],[87,-72]],[[166682,30890],[14,-94],[-20,-52],[-54,-132],[10,-253],[40,-211],[-4,-79],[41,-91],[-10,-65],[72,-23],[69,-50],[-7,-75],[81,-96],[32,-23],[32,-20],[81,-35],[64,-45],[45,-45],[41,-46],[59,-36],[18,0],[39,0]],[[161163,27762],[-6,0],[-83,6],[-79,8],[-82,8],[-45,4],[-107,0],[-95,14],[-234,12],[-107,9],[-137,17],[-87,9],[-33,3],[-18,2],[-60,6],[-87,12]],[[159903,27872],[-81,6],[-58,1],[-15,1],[-65,2]],[[159684,27882],[0,74],[0,88],[-43,33],[-2,2],[-39,30],[-58,26],[-30,55],[-40,73],[-85,161],[-181,330],[-40,82],[-45,77],[-80,43],[-19,7]],[[160138,30348],[59,-85],[119,-171],[121,-202],[45,-75],[158,-248],[59,-91],[67,-102],[122,-161],[-132,-71],[-36,-97],[-90,-111],[17,-61],[65,-56],[96,87],[85,48],[143,-14],[143,0],[86,-85],[74,-79],[45,-49],[83,-89],[154,-156],[0,-76],[0,-172],[116,-1],[163,-2],[121,-1],[102,-1],[231,-1],[96,0],[104,0],[237,0],[2,0],[385,-3],[31,-1],[204,-6]],[[163413,28216],[41,-118],[17,-342]],[[163471,27756],[-308,12],[-81,-57],[-216,-154],[-295,-209],[-21,-2],[-183,-17],[-96,-8],[-252,-23],[-108,10],[-159,20],[-116,16]],[[161636,27344],[-143,75],[-12,55],[-16,140],[-31,71],[-76,30],[-141,43],[-54,4]],[[161434,28239],[33,-1],[-126,4],[93,-3]],[[159836,28145],[-33,-10],[12,4],[21,6]],[[160545,28595],[8,-15],[-8,15]],[[160572,28663],[-44,-27],[19,12],[25,15]],[[159348,29623],[208,-140],[-149,100],[-59,40]],[[159968,28124],[27,41],[-5,-8],[-22,-33]],[[159991,27902],[4,108],[-2,-59],[-2,-49]],[[159968,28124],[-28,13]],[[159940,28137],[28,-13]],[[159804,28094],[30,6],[-19,-4],[-11,-2]],[[159903,27872],[-4,104],[-3,98],[7,-202]],[[160643,28547],[-30,-15],[-23,-12],[53,27]],[[165031,24988],[31,-66]],[[165062,24922],[143,-243],[65,-52],[78,-61],[189,-59],[126,-102],[48,-39],[83,-69],[40,-33],[6,-194],[-91,-114],[-186,-120]],[[165563,23836],[-8,124],[-108,120],[-174,-133],[-34,-257]],[[165239,23690],[-104,-149],[-120,-51],[-2,-57],[96,-60],[12,-54],[-60,-34],[-145,10],[-85,-45]],[[164831,23250],[-115,54],[-109,-49],[-89,121],[-117,73],[-93,-112],[-28,59],[-67,10],[-99,83],[-115,118],[-60,127],[98,320],[103,403],[-3,7],[-405,66],[-583,392],[-236,-15],[122,-347],[-641,156],[-350,193],[-9,-298],[-59,73],[-67,-60],[-111,18],[-39,-46],[-136,8],[22,247],[-136,-35],[-103,137],[9,28],[-55,-20],[19,-147],[-45,-37],[82,-124],[-35,-63],[-192,-24],[-286,122],[-22,44],[-167,125],[-60,18],[-131,11],[-77,78],[-169,125],[-117,60],[-73,24],[-98,25],[-106,87],[-251,32],[-233,37],[-162,4],[-70,86],[-163,55],[-136,108],[-114,57],[-111,73],[-50,89],[-86,54],[-160,22],[26,258],[168,392],[83,387]],[[158624,26939],[13,-2],[102,-111],[163,-21],[96,7],[81,-69],[5,48],[49,17],[37,23]],[[159170,26831],[110,-9],[128,75],[157,-54],[52,-36],[152,-143],[57,46],[11,99],[32,-7],[9,-5],[134,-38],[65,0],[45,-91],[56,-6],[88,23],[58,-36],[127,24],[9,-99],[140,35],[92,-26],[135,25],[57,69],[-45,21],[-74,218],[-66,81],[194,-1],[455,-18],[26,0],[29,0],[126,113],[107,253]],[[163471,27756],[339,-33],[47,-217],[28,-126],[44,-175],[365,-12],[132,-4],[34,1],[66,4],[133,-3],[44,-2],[211,-10],[67,-4],[98,-4],[55,-3],[34,-1],[142,-7]],[[165310,27160],[162,79],[93,34]],[[165565,27273],[217,44],[62,6],[59,-42]],[[165903,27281],[69,-37]],[[165972,27244],[66,-14]],[[166038,27230],[182,36],[175,16]],[[166395,27282],[33,4],[42,5]],[[166470,27291],[3,0],[153,14]],[[166626,27305],[5,-175],[-53,-174],[0,-9],[0,-8],[-44,-157],[-26,-76],[-189,12],[-91,-1],[-315,15],[-136,1],[-198,13],[-85,1],[-199,8],[-4,-95],[-9,-240],[-90,7],[-75,93],[-255,2],[-155,19],[-112,14],[-77,-94],[93,-123],[-13,-60],[-36,-34],[22,-163],[435,-110],[62,-69],[75,-85],[-163,-262],[-69,-47],[-28,-173],[23,-100]],[[164919,25235],[112,-247]],[[164406,24797],[-39,194],[40,-200],[-1,6]],[[155724,26009],[-27,-16],[-337,220],[-66,4],[-134,89],[47,-14],[-30,60],[-94,-7],[-71,123],[-29,15],[-11,-38],[-219,110],[-97,80],[9,48],[-81,99],[-161,61]],[[154423,26843],[687,826]],[[155110,27669],[72,-416],[442,-14],[460,-14],[143,-88],[112,81],[131,-12],[105,-74],[62,-53],[261,-38],[100,-9],[281,-35],[163,-13],[157,101],[165,-73],[151,1],[3,0],[155,-66],[145,-9],[193,-8]],[[158411,26930],[-38,-235],[-111,-290],[-53,-473],[-177,-27],[-89,-8],[-234,-26],[-474,85],[-85,43],[-435,91],[-440,6],[-544,-113],[-7,26]],[[165903,27281],[6,-339],[1,-48],[-7,387]],[[165565,27273],[10,-390],[-2,92],[-4,146],[-4,152]],[[165791,27110],[-5,51],[2,-27],[3,-24]],[[172545,34532],[-53,85],[-30,188],[137,-10],[8,-81],[84,-13],[10,-85],[109,-16],[41,57],[79,8],[0,39],[122,-75],[149,-110],[119,-62],[187,-70],[68,-28],[254,9],[481,53]],[[172952,34174],[-59,-12]],[[172517,34087],[-20,187],[48,258]],[[169329,36390],[141,4],[27,-47],[83,-89],[39,-64],[98,-70],[170,-100],[69,-27],[107,46],[297,-67],[138,-61]],[[170498,35915],[-218,-163],[-69,-45],[32,-117],[95,30],[142,128],[209,75]],[[170689,35823],[83,-29],[-23,-15],[36,-31],[92,14],[65,-41],[16,-15]],[[170958,35706],[-36,-64],[5,-5],[69,-44],[16,73]],[[171012,35666],[212,-115],[-51,-79],[29,-28],[8,-221],[75,73],[54,172],[95,-47],[220,-85],[178,-49],[44,-24],[137,-70],[15,-501],[164,-677]],[[172222,30023],[-16,-4]],[[172206,30019],[-80,-14],[-40,67],[-202,47],[-49,-58],[73,-59],[-36,-46],[-128,-39],[-2,117],[-35,39],[-84,-99],[-106,13],[-33,112],[-60,-61],[-17,84],[80,25],[-17,42],[-63,1],[-219,-124],[-49,98],[-56,-31],[-113,48],[37,201],[-78,55],[-10,-114],[-50,-19],[-47,240],[-93,-30]],[[170729,30514],[-34,159],[63,35],[0,-93],[54,12],[-37,111],[-113,15],[-80,-69],[-18,45],[-54,-7],[8,108],[-51,60],[21,50],[-40,-6],[19,65],[-29,87],[79,30],[-18,157],[65,23],[-29,59],[51,-14],[24,86],[82,92],[18,-29],[11,64],[72,12],[118,173],[15,140],[-38,21],[14,24],[61,-28],[-15,32],[31,24],[-25,8],[31,9],[-35,13],[48,56],[-50,75]],[[170948,32113],[154,524],[-165,-518]],[[170937,32119],[-16,39],[-37,-27],[-7,33],[-45,1],[58,63],[-24,24],[-237,129],[-482,263],[-93,50],[-338,185],[-137,75],[-221,114],[-298,160],[-95,55],[156,274],[256,483],[-12,139],[-139,176],[-139,188],[-39,55]],[[169048,34598],[-49,68]],[[168999,34666],[-33,95],[-70,54],[-98,-38],[-33,33],[-141,-9],[-66,30],[5,53],[-102,31],[-81,35],[29,10],[-18,27],[-70,-5],[-23,31],[-32,-1],[13,42],[-76,-11],[21,37],[-36,2],[-7,-45],[-42,29],[26,47],[-43,-8],[-11,51],[-16,-51],[-58,59],[-35,-51],[-33,60],[-22,-24]],[[167947,35149],[-18,-56]],[[167929,35093],[-485,63],[-215,206],[-311,177],[251,118],[201,139],[43,97],[73,13],[-29,48],[-317,103],[-52,57],[-6,131],[-20,174],[55,149],[3,52],[18,37],[32,-15],[-5,84],[34,0],[-26,47],[60,125],[-36,93],[37,28],[-55,50],[5,47],[34,-9],[-27,43],[35,-5],[27,9],[-30,74],[-5,126]],[[167218,37354],[301,-151],[322,-148],[331,-111],[84,-22],[112,-32],[162,-40],[141,-30],[106,-20],[34,-10],[275,-64],[203,-157],[80,-74],[-40,-105]],[[169396,37512],[61,-133],[-115,25],[-35,52],[26,100],[63,-44]],[[169409,36125],[-6,2],[-31,11],[37,-13]],[[170410,34805],[9,-22]],[[170419,34783],[-52,124],[43,-102]],[[170419,34783],[107,-254],[-107,254]],[[172146,34866],[-60,22],[-16,81],[60,84],[66,-40],[55,43],[117,-85],[-162,-264],[-60,159]],[[178188,31117],[0,-197],[0,-111],[0,-177],[0,-485],[0,-283],[0,-292],[0,-185],[0,-165],[0,-178],[0,-212],[0,-48],[0,-383],[-2,-274]],[[178186,28127],[-65,64],[-61,-34],[-21,39],[-72,0],[-51,-55],[-48,22],[-5,-97],[-57,29],[-57,-8],[-16,39],[-10,-27],[-98,12],[-184,-21],[-111,8],[-38,51],[-54,-39],[-52,41],[-43,53],[-59,-18],[-141,39],[-210,-113],[-17,-4],[-37,-46],[-92,40],[25,47],[-99,-2],[-64,47],[-17,-28],[-20,35],[-64,-21],[-42,21],[9,31],[-85,-19],[50,-74],[-86,3],[2,29],[-104,53],[39,18],[-54,-10],[-1,48],[-36,-69],[-80,13],[-32,-43],[-44,7],[31,20],[-35,59],[52,-11],[-15,70],[65,103],[-56,37],[12,67],[3,48],[-38,-17],[-42,38]],[[175861,28602],[5,8]],[[175866,28610],[64,32],[-25,37],[-31,21],[36,31],[-57,41],[42,56],[-39,30],[22,41],[-80,10]],[[176762,33001],[44,-30],[30,-3],[27,-3],[22,-2],[24,4],[44,9],[5,1],[35,12],[27,19]],[[177020,33008],[33,30],[103,-9]],[[177156,33029],[42,-19],[146,-39],[14,-4],[189,-62],[109,-66],[410,-208],[122,-82]],[[178188,32549],[-4,-339],[4,-169],[0,-262],[0,-226],[0,-195],[0,-241]],[[177345,32111],[-1,0],[-5,-32],[6,32]],[[176597,29655],[-747,-301],[73,-141],[202,-151],[342,-143],[338,-103],[25,-7],[-3,18],[-230,828]],[[176816,32441],[-1,1],[-1,-2],[2,1]],[[178188,24196],[0,-325],[0,-365],[0,-266],[0,-75],[-1,-507]],[[178187,22658],[-322,53],[-54,8],[-320,50],[-322,50],[-33,5],[-210,31],[-76,11],[-69,10],[-249,36],[-248,36],[-72,10],[-386,55],[-50,8],[-276,40],[-48,6],[-425,68],[-146,27]],[[174881,23162],[22,413],[-78,62],[-78,-4],[-18,-37],[-126,25],[235,222],[116,79],[110,21],[113,31],[108,58],[-9,140],[-18,108],[-39,181],[19,60],[-11,52],[-17,35],[-11,23],[-7,84],[-1,2],[-4,87],[3,57],[-22,46],[-12,39],[-11,41],[-12,63],[-13,61],[-29,46],[-318,132],[-43,29],[-49,47],[-29,31],[-65,70],[-118,127],[-113,115],[-71,67],[-55,59],[-84,181],[-2,7],[8,58],[7,54],[6,41],[25,101],[11,46],[18,87],[5,33],[4,25],[11,70],[10,61],[25,96],[12,48],[-10,505],[-26,28],[19,56],[-33,13],[-24,39],[48,52],[-29,68],[38,104],[92,55],[93,98],[213,28],[-77,73],[-80,-12],[-62,50],[100,193],[133,-40],[44,61],[-11,100],[131,61],[16,-1]],[[174861,28273],[81,-102],[-81,102]],[[174861,28273],[22,102],[-57,82],[78,30],[33,78],[-103,226],[79,-23],[23,26],[-111,59],[3,52],[31,5],[-43,40],[-30,45],[36,2],[10,74]],[[175866,28610],[-5,-8]],[[178186,28127],[2,-656],[0,-442],[0,-836],[0,-37],[0,-23],[0,-72],[0,-36],[0,-74],[0,-684],[0,-127],[0,-229],[0,-96],[0,-142],[0,-166],[0,-23],[0,-46],[0,-235],[0,-7]],[[176534,26914],[-47,73],[-1,0],[48,-73]],[[176950,27727],[78,56],[-1,0],[-77,-56]],[[171839,27394],[41,8],[43,8],[51,13],[31,8],[58,14],[116,30],[131,33],[88,37],[65,18],[6,2],[58,15],[99,18],[121,49],[117,48],[62,38],[14,10],[43,32],[105,76],[24,43],[1,2],[76,144],[21,38],[11,22],[21,39],[16,30],[139,260],[33,63],[43,79],[111,208],[34,65],[71,132],[63,119],[31,58],[27,51],[52,97],[38,72]],[[174881,23162],[-43,8],[-355,83],[-538,147],[-110,30],[-326,89],[-577,156]],[[172932,23675],[-209,57],[-21,5],[-249,68],[-124,39],[-92,31],[-85,29],[-346,117],[-40,14],[-170,64],[-240,164],[-112,76],[-367,266],[-109,96],[-59,51],[-163,141],[-25,4],[-282,40],[-218,-3],[-95,-2]],[[169926,24932],[-13,242],[-33,272],[-91,207],[34,76],[16,63],[10,55],[-16,277],[0,37],[-6,218],[-1,16],[-1,38],[-5,103],[-3,77],[-5,128],[-2,41]],[[170834,26327],[4,6]],[[170838,26333],[-4,-6]],[[172924,27297],[-9,-2],[9,1],[0,1]],[[173381,25642],[-1,0],[6,-5],[-5,5]],[[171831,24851],[9,-12],[-9,12]],[[171830,24865],[4,-4],[-4,4]],[[171837,24883],[1,-1],[-1,2],[0,-1]],[[169390,29191],[-26,-29],[-4,-4],[-69,-77]],[[169291,29081],[-40,13],[-38,-58]],[[169213,29036],[-93,-13],[-11,-10],[-23,-49],[-77,-3],[-89,3]],[[168920,28964],[-34,-2],[-54,-4],[-93,-5],[-19,1],[-105,5],[-26,-2],[-29,-2],[-43,-3],[-22,-13],[-43,-26],[-32,-17],[-38,-18],[-13,-2],[-25,-5],[-36,-8]],[[168308,28863],[-29,-10],[-15,-5],[-15,-5],[-57,-8],[-55,5],[-33,-66],[-4,-10],[-18,-43],[-33,5],[-63,11],[-76,13],[-15,2],[-1,0],[-65,8],[-15,0],[-19,1],[-15,0],[-14,0],[-28,1]],[[167620,29001],[31,-10],[22,39],[63,-31],[64,35],[11,54],[-44,-8],[-21,39],[-14,-45],[-59,0],[5,93],[-75,25],[-1,57],[1,32],[-55,8],[-19,-22]],[[166682,30890],[132,-11],[39,-70],[122,0],[88,-61],[61,-33],[72,56],[32,146],[80,59],[44,28],[117,38],[234,32],[65,4],[58,4],[64,-134],[1,-1],[61,-171],[15,-52],[26,-62],[39,-77],[144,-42],[28,2],[182,12],[197,-37],[63,-5],[77,-6],[326,108],[175,86],[87,7],[77,6],[241,-246]],[[169629,30470],[-40,-69],[-7,-12],[23,-155],[-89,-257],[-24,-139],[-1,-52],[3,-403],[7,-98],[-72,-51],[-39,-43]],[[167561,29154],[39,11],[43,-82],[-63,-3]],[[168339,29354],[18,-4],[46,29],[39,64],[-7,30],[-29,-18],[-7,-1],[-18,-38],[-36,-36],[-7,-26],[1,0]],[[169139,29151],[76,-27],[40,102],[-15,12],[-88,2],[-39,-8],[39,7],[-12,-88],[-1,0]],[[167995,29207],[-32,-86],[35,14],[8,12],[10,63],[5,61],[-5,17],[-9,-3],[-11,-40],[-1,-38]],[[167931,29123],[14,89],[-32,-26],[-95,-91],[49,-75],[64,18],[0,85]],[[168122,29149],[-45,-50],[47,8],[38,42],[-40,0]],[[167853,29394],[66,0],[-8,67],[-27,9],[-86,-25],[-2,-1],[7,-9],[50,-41]],[[168282,28942],[-16,11],[8,-19],[8,8]],[[168670,29259],[52,67],[-77,13],[-27,-62],[36,-9],[16,-9]],[[169131,29376],[1,-1],[-1,1]],[[168743,29383],[-8,86],[-68,-20],[-9,-28],[85,-38]],[[167759,29164],[-3,-17],[4,17],[-1,0]],[[168144,29067],[-25,-73],[49,4],[24,50],[44,-1],[27,6],[4,15],[-47,73],[0,6],[-30,-11],[-3,-29],[54,-29],[-72,-22],[-25,11]],[[168098,29319],[30,21],[28,-6],[4,21],[-6,13],[-10,19],[-53,-47],[7,-21]],[[168653,29518],[-12,-11],[31,-7],[1,26],[-20,-8]],[[168722,29113],[18,24],[-18,-24]],[[167658,30380],[69,30],[-42,77],[-62,-20],[35,-87]],[[167833,30650],[-106,3],[-5,-44],[46,-28],[41,-8],[24,77]],[[168722,29509],[-19,18],[-6,-37],[31,1],[-6,18]],[[160250,34924],[19,5],[23,18],[102,75],[72,32],[24,-3],[29,-2],[19,-1],[17,-12],[60,4],[28,-2],[54,18],[53,16],[63,35],[16,-55],[50,-68],[36,-5],[112,98],[14,-23],[5,21],[-17,19],[41,17],[-34,-115],[22,-75],[54,3],[-21,-47],[26,36],[18,-56],[51,11],[77,-4],[-18,-53],[54,-61],[44,-12],[67,-13],[7,34],[-35,12],[-36,17],[-45,23],[9,53],[24,-12],[31,-12],[31,-6],[18,-8],[22,22],[51,50],[75,61],[35,-23],[-16,-78],[-19,-88],[33,-3],[37,107],[45,8],[1,-41],[46,-81],[50,12],[3,-40],[80,-15],[-20,-29],[-67,30],[-39,-31],[-2,-103],[-13,-89],[-97,-18],[-40,-49],[35,-4],[2,-141],[-52,-15],[74,-46],[44,31],[135,56],[142,127],[311,345]],[[162270,34781],[31,30],[45,-82],[-35,8],[-7,-44],[91,-25],[-44,-126],[89,-32],[-3,-38],[-41,-3],[22,-44],[-87,-1],[-8,-73],[162,-89],[63,-49],[-6,-45],[77,29],[138,-24],[37,29],[43,-101],[-22,-65],[54,2],[92,-106],[55,3],[99,-70],[0,-53],[97,-15],[46,-71],[161,-81],[5,-15],[123,-73],[65,7],[85,-140],[21,-82],[-28,-28],[1,-191],[103,-134],[-148,-168],[89,-65],[-1,-64],[-20,-13]],[[163714,32679],[-176,-50],[-74,-37],[-105,72],[-104,13],[-3,79],[-85,-50],[13,-63],[-140,3],[-10,-83],[-28,-49],[-57,116]],[[162945,32630],[-6,8],[6,-8]],[[162945,32630],[-1,0],[-49,-22],[-36,27],[1,-26],[-91,43],[-43,-42],[8,-130],[-103,-52],[-42,66],[-44,-11],[8,-214],[-91,-251],[73,-88],[45,12],[73,-28],[33,-100],[-15,-241],[113,-53],[244,49],[141,-42],[102,22]],[[163271,31549],[134,-114],[-45,-79],[-159,-36],[-28,50],[-85,-71],[7,-54],[-59,-32],[-50,-57],[-90,1],[-44,32],[-9,-60],[-143,-26],[11,54],[-46,-33],[-26,39],[-28,-68],[-36,24],[-23,-50],[-109,44],[-50,-37],[-4,40],[-60,-24],[-18,-50],[-28,44]],[[162283,31086],[-12,11],[12,-12]],[[162283,31085],[10,-87],[-54,-34],[-18,-70]],[[162221,30894],[-108,-57],[-113,-105],[-140,64],[-43,-51],[-23,21],[-155,-36],[-132,75],[-200,26],[-104,84],[-176,-56],[-141,93],[-149,-5],[-60,17],[-147,186],[-15,261],[-35,49],[9,60],[-310,215],[-22,88],[-38,16],[24,51],[23,205],[-60,10],[-41,106],[-98,3]],[[158853,32994],[20,101],[77,-10],[76,107],[269,29],[35,64],[40,-21],[158,52],[145,100],[106,187],[106,207],[15,148],[36,-28],[-54,63],[80,243],[170,148],[-12,247],[-28,102],[27,83],[100,58],[31,50]],[[159849,34979],[-80,-29],[36,58],[44,-29]],[[173749,19256],[-47,161],[-198,685]],[[173504,20102],[714,131],[-6,288],[-250,-6],[-128,57],[-90,-34],[-161,75],[-203,-83]],[[173380,20530],[-58,200]],[[173322,20730],[-1,2]],[[173321,20732],[-67,244],[0,152],[-1,201],[0,59],[-1,231],[0,62],[-2,409],[-81,787],[-104,357],[-133,441]],[[178187,22658],[1,-823],[0,-591],[0,-165],[0,-459],[0,-1653],[0,-423],[-159,-15],[34,-77],[-32,-47],[68,-41],[-135,-33],[17,-69],[94,29],[40,-26],[-155,-87],[57,-36],[-23,-60],[-91,77],[-43,-41],[15,-49],[73,-26],[-59,-45],[3,-44],[88,-6],[1,-42],[50,-28],[-120,-20],[-37,-55],[38,-133],[-31,-49],[61,-37],[-183,-4],[1,-61],[77,22],[-16,-78],[-59,-59],[-24,51],[-169,-76],[31,-30]],[[174535,14750],[8,477],[4,223],[7,447],[5,246],[1,84],[5,313],[3,162],[2,122],[5,294],[1,70],[7,365],[0,36],[9,502],[-1099,62],[43,111],[86,92],[18,18],[102,141],[21,162],[-96,68],[-36,49],[-8,133],[49,119],[134,14],[-57,196]],[[174319,22048],[0,1],[-57,-19],[57,18]],[[170222,16469],[-149,30],[-219,-51],[-175,12],[-297,-199],[-218,53],[1,175],[-188,183],[-53,149],[58,71],[115,-11],[71,42],[-29,278],[117,138],[-116,126],[-6,52],[-90,38]],[[169044,17555],[89,83],[29,102],[98,47],[191,-23],[70,61],[106,85],[83,-32],[147,21],[217,197],[66,50],[10,392],[0,2],[6,207],[4,174],[5,193],[0,2],[2,61],[6,240],[2,61],[3,143],[1,24],[5,187],[10,380],[3,128],[16,581],[92,72],[142,82],[106,60],[455,262],[271,155],[25,15],[174,131],[106,144],[101,137],[181,244],[4,8],[323,438],[20,28],[333,452],[51,70],[335,456]],[[173321,20732],[-1,-1],[2,-1]],[[173380,20530],[124,-428]],[[169144,14958],[39,74],[332,-56],[292,27],[66,90],[-15,99],[-328,140],[-308,248],[678,388],[199,220],[123,281]],[[166745,21471],[138,242],[-114,86],[-50,27],[-126,8],[-237,239],[-219,283],[-53,17],[-16,34],[-46,-4],[-69,-58],[-89,-13],[64,677],[-110,98],[-122,153],[-158,99],[-440,-342],[-260,119],[-24,26],[17,88]],[[165239,23690],[314,141],[10,5]],[[165062,24922],[-143,313]],[[164919,25235],[830,128],[255,47],[42,8],[380,33],[176,-38],[271,-57]],[[166873,25356],[50,-11]],[[166923,25345],[281,-52],[64,-15],[124,-30],[168,-40],[230,-55],[199,-45],[166,-34],[85,-17],[92,-19],[153,-31],[271,-56],[58,-12],[236,-55],[169,-3],[71,-1],[51,-1],[256,31],[329,22]],[[169044,17555],[-313,361],[-339,299],[-200,225],[38,94],[-37,51],[-66,141],[-61,205],[-24,145],[46,71],[-55,107],[-74,124],[110,5],[-110,-4],[-49,106],[-75,186],[-71,163],[-128,229],[-93,79],[-16,131],[24,88],[78,21],[16,42],[-32,58],[-149,44],[-122,4],[-108,23],[-45,63],[-26,159],[72,80],[-2,55],[-29,36],[-142,7],[-134,-54],[-18,-53],[-89,73],[-6,99],[-42,45],[-49,299],[21,109]],[[166965,22256],[1,41],[-26,93],[-68,79],[-204,-183],[76,-58],[221,28]],[[169773,21347],[28,80],[-14,-39],[-14,-41]],[[167879,24090],[150,44],[-30,-9],[-120,-35]],[[167910,22287],[-150,-69],[179,82],[-29,-13]],[[169427,21594],[-65,-83],[23,30],[42,53]],[[157216,40528],[-22,13],[-14,7],[-101,126],[-47,10],[34,227],[-121,69],[78,140],[-12,100],[50,41],[129,-25],[-20,-94],[73,8],[-10,-73],[50,54],[45,78],[42,-55],[-42,55],[41,-14],[39,44],[53,-22],[82,-69],[35,-87],[-14,-24],[47,-42],[106,56],[55,-79],[55,-46],[56,15],[42,62],[27,-5],[90,143]],[[157857,40767],[-100,60],[-121,-150],[-7,-63],[-68,-90],[-129,-173],[-106,75],[-70,71],[-40,31]],[[156867,40116],[49,-79],[-17,-23],[-59,12],[-13,144],[40,-54]],[[167929,35093],[-108,-324],[47,141],[79,239]],[[168999,34666],[36,-51],[13,-17]],[[170937,32119],[11,-6]],[[170729,30514],[-109,-228],[-165,45],[-89,-46],[-202,-105],[-179,-40],[-114,46],[-242,284]],[[165075,31413],[-213,233],[-195,-14],[-113,53],[-106,-23],[-78,44],[-8,72],[-50,29],[46,23],[-48,1],[10,55],[-107,44],[-53,71]],[[164160,32001],[-5,-2]],[[164155,31999],[6,48],[-48,21],[56,10],[-18,54],[-47,-18],[9,103],[-52,8]],[[164061,32225],[-7,14]],[[164054,32239],[35,19],[-21,96],[-317,-83],[-589,-231],[-90,71],[237,106],[587,151],[91,70],[-202,54],[-45,41],[-26,146]],[[162270,34781],[-79,164],[-25,-12],[-9,50],[-102,11],[-119,179],[111,7],[2,-93],[60,25],[300,-257],[68,-194],[163,74],[-23,55],[-38,65],[51,92],[-188,262],[14,176],[135,-44],[98,18],[105,-76],[3,-91],[53,-21],[-35,-88],[35,-76],[-21,-217],[169,-106],[201,-394],[171,-92],[558,-59],[40,64],[82,-33],[94,61],[96,-2],[87,95],[-89,61],[-81,-34],[-11,64],[-57,-50],[-159,65],[46,89],[-34,14],[0,51],[50,4],[-50,12],[30,26],[-38,44],[35,31],[-30,30],[25,26],[-65,42],[27,9],[2,119],[26,-16],[-20,28],[-169,-41],[-388,73],[-150,-46],[45,202],[-131,149],[45,22],[-56,57],[1,65],[28,52],[120,-12],[80,100],[200,90],[15,56],[-72,38],[38,79],[62,15],[43,-46],[66,60],[62,-61],[40,62],[93,3],[37,-67],[68,1],[62,40],[-44,102],[72,8],[20,103],[39,34],[38,-21],[5,54],[51,28],[50,202],[-102,54],[-66,-5],[-113,120],[-72,-59],[-89,37],[-77,-134],[-93,15],[-76,-56],[-35,81],[-66,-67],[-85,105],[41,79],[-71,54],[-15,85],[-119,124],[203,116],[148,-18],[20,62],[246,152],[73,2],[566,373],[21,35],[504,202],[263,158],[239,35],[14,82],[129,-21],[237,81],[203,-9],[23,-27],[138,52],[155,-298],[72,1],[118,-148],[209,-144],[371,-105]],[[166783,33778],[-71,4],[221,-12],[-150,8]],[[169441,31853],[125,-14],[-83,9],[-42,5]],[[168055,32121],[23,-20],[-31,26],[8,-6]],[[167034,31444],[81,-203],[-58,145],[-23,58]],[[165979,34007],[10,15],[-3,-4],[-7,-11]],[[165172,35559],[-187,-24],[190,25],[-3,-1]],[[170720,28729],[-21,-8],[-17,-7],[-20,1],[-24,1],[-9,7],[-24,17],[-37,-186],[8,-130],[26,-103],[18,-57],[-58,-22],[-25,-10],[-189,-70]],[[168927,28716],[-10,92],[-3,69],[6,87]],[[169213,29036],[63,28],[15,17]],[[172206,30019],[-226,-529],[-77,-112],[-84,-82],[-84,-66],[-23,-116],[-206,62],[13,-40],[9,-33],[-5,-23],[-12,-33],[-7,-24],[2,-26],[1,-28],[5,-19],[3,-32],[-2,-25],[-7,-26],[-22,-16],[-15,-9],[-25,-23],[-32,-5],[-36,-4],[-47,4],[-36,10],[-45,21],[-41,22],[-56,15],[-85,2],[-63,-11],[-65,-24]],[[170938,28849],[-35,-19],[-12,-11],[-24,-23],[-46,-11]],[[170821,28785],[-30,-23]],[[170791,28762],[-33,-16],[-28,-14],[-10,-3]],[[170791,28762],[134,-184],[63,-47],[104,6],[28,27],[-143,23],[-156,198]],[[170498,35915],[191,-92]],[[170958,35706],[54,-40]],[[171250,28592],[92,26],[11,33],[-13,4],[-47,42],[-26,14],[-41,24],[-41,21],[-31,-9],[-42,-11],[100,-56],[38,-88]],[[168881,27286],[-71,-170],[-103,-35]],[[168707,27081],[-46,3]],[[168661,27084],[-40,3],[-68,5],[-84,1],[-23,-1],[-54,-2],[-71,1],[-73,15],[-133,15],[-85,-4],[-39,-6],[-63,-12],[-94,-18],[-67,7],[-70,7],[-100,62],[-218,97],[-17,4],[-180,43],[-1,0],[-272,18],[-283,-14]],[[166470,27291],[-75,-9]],[[166395,27282],[-131,52],[38,116],[-105,-47],[-324,-45],[37,-32],[36,-8],[28,-29],[4,-4],[-3,-41],[63,-14]],[[165972,27244],[3,41],[-32,33],[-36,8],[-37,32],[325,45],[132,91],[-171,-57],[-232,32],[-22,46],[-29,43],[19,68],[-61,0],[-96,3],[-54,11],[-79,12],[-122,0]],[[165480,27652],[52,58],[40,41],[64,60],[31,22],[31,21],[83,50],[73,33],[28,5],[68,9],[4,0],[94,-5],[6,0],[77,20],[57,13],[8,1],[134,51],[29,45],[0,51],[0,61],[0,95],[0,16],[12,86]],[[168911,28640],[-12,-86],[-1,-3]],[[169340,28457],[-1,-25],[-8,-32]],[[168299,28217],[37,-22],[32,-33],[22,48],[-10,54],[-12,15],[-69,-62]],[[168489,28119],[17,-23],[0,13],[-17,10]],[[167382,27827],[-316,30],[46,-141],[150,-37],[116,94],[4,54]],[[166269,27644],[3,-52],[9,-8],[61,-60],[58,-22],[97,215],[-25,44],[29,49],[-91,-19],[4,-68],[-145,-79]],[[168495,28178],[-6,-10],[26,-22],[19,22],[-10,7],[-29,3]],[[166569,27430],[44,20],[116,191],[-30,25],[-49,41],[-87,-111],[6,-166]],[[166923,25345],[-6,70],[6,52],[53,24],[-5,115],[50,90],[-1,80],[-8,0],[-160,-165],[21,-255]],[[168661,27084],[-3,-105],[48,10],[1,92]],[[166940,25974],[-26,157],[-10,118],[-34,-2],[-237,-13],[-29,-87],[21,-199],[-5,-214],[248,31],[72,120],[0,89]],[[166553,26502],[-13,-47],[13,47]],[[168218,26716],[58,-30],[30,-15],[58,44],[-1,29],[-1,14],[-8,70],[-128,4],[-8,-116]],[[169681,25276],[36,145],[-4,37],[3,-37],[-35,-145]],[[163413,28216],[-66,129],[-93,113],[-44,63],[-40,60],[-1,4]],[[163169,28585],[-17,44],[-10,26],[-14,36],[-14,54],[-7,32],[-9,34],[-8,37],[1,15],[3,29],[22,116],[21,55],[13,36],[12,30],[11,32],[2,10],[7,29],[9,40],[8,33]],[[163199,29273],[8,37],[33,155],[-71,22],[-157,9],[-113,62],[-124,90],[0,201],[-158,65],[-19,150],[0,7],[0,117],[-88,19],[-25,306],[-132,111],[-132,270]],[[162283,31085],[0,1]],[[163271,31549],[92,36],[175,76],[154,140],[463,198]],[[164155,31999],[5,2]],[[164802,31180],[-5,-4],[-43,-29]],[[165480,27652],[-28,-31],[-40,-112],[-18,-73],[-84,-276]],[[165157,27463],[-28,-97],[17,59],[11,38]],[[165182,27601],[6,45],[-12,-84],[6,39]],[[164094,27855],[-110,-55],[100,50],[10,5]],[[164971,28636],[41,4],[-31,-3],[-10,-1]],[[164432,31016],[38,-45],[-37,44],[-1,1]],[[164078,30509],[-9,-38],[-17,-71],[26,109]],[[163689,30005],[-55,-16],[19,5],[36,11]],[[165748,28863],[-63,-10],[11,1],[52,9]],[[165515,28776],[-53,-8],[39,6],[14,2]],[[163706,29350],[-21,-5],[59,14],[-38,-9]],[[163565,29727],[22,-34],[-5,8],[-17,26]],[[164769,28899],[-87,-37],[25,10],[62,27]],[[164051,30060],[24,-43],[-2,5],[-22,38]],[[164428,28742],[-5,-41],[3,18],[2,23]],[[164494,28671],[-4,-9],[-13,-28],[17,37]],[[165071,28877],[19,-48],[-4,10],[-15,38]],[[165330,29336],[-14,-38],[7,18],[7,20]],[[165391,28761],[-30,-14],[-26,-12],[56,26]],[[164546,27655],[-36,5],[10,-2],[26,-3]],[[164785,27606],[-6,-12],[-16,-33],[22,45]],[[164004,29597],[35,-48],[-1,2],[-34,46]],[[164145,29808],[8,-71],[-8,72],[0,-1]],[[159684,27882],[-118,-123],[-65,13],[-40,8],[-71,-3],[-66,-32],[-48,-21],[-37,-42],[-66,-85],[-6,-20],[-1,-9],[-12,-70],[-2,-44],[-5,-226],[-7,-233],[30,-164]],[[158624,26939],[-90,2],[-101,-18],[-22,7]],[[155110,27669],[108,172],[230,364],[125,183],[140,185]],[[164054,32239],[7,-14]],[[163199,29273],[-44,5],[9,-1],[35,-4]],[[159916,27584],[0,1],[-2,-28],[2,27]],[[176888,33535],[103,-50],[-7,-42],[-13,-30],[46,-18],[37,0],[-40,-15],[6,-372]],[[176728,33671],[160,-136]],[[177156,33029],[-5,285],[109,-49],[0,89],[104,36],[-33,44],[33,48],[57,-31],[207,-33],[84,-9],[147,-36],[42,50],[287,27],[0,-901]],[[177056,33717],[-4,-17],[24,-28],[-35,-80],[-76,51],[7,26],[15,8],[-226,122],[22,41],[25,62],[19,34],[64,36],[183,-50],[114,-156],[16,-50],[-39,36],[-19,43],[-28,-35],[5,-32],[-46,-13],[-21,2]],[[141575,40815],[146,82],[181,25],[162,-1],[224,60],[89,21],[18,-37],[65,-27],[73,-39]],[[142533,40899],[-38,-57],[-3,-6]],[[142492,40836],[-103,-19],[-100,-42],[13,-48],[24,-131],[-25,-142],[49,-87],[83,30],[229,85],[227,78],[11,118],[-96,115],[15,112]],[[142819,40905],[-3,5],[-77,127],[-21,71]],[[142718,41108],[131,69],[19,32]],[[142868,41209],[76,-34],[-3,-35],[108,47]],[[143049,41187],[55,-9]],[[143104,41178],[104,-112],[31,-9],[84,-11],[103,-53],[-13,-163],[13,-65],[99,12],[45,-48],[177,-183],[244,-178],[-113,-67],[-25,-15],[-25,-97],[62,-46]],[[143890,40143],[-30,-60],[-32,-65],[-47,-95],[-594,-241],[-111,-6],[-70,493],[-260,-92],[-274,-30],[55,-198],[-19,-132],[136,-92],[143,-85]],[[142787,39540],[-139,-106],[-124,-94],[6,-7],[156,-137],[50,-72],[23,-49],[30,-62],[27,-51],[32,-55],[33,-56],[-3,-90],[-9,-82],[0,-13],[-2,-47],[-138,-126],[-81,3],[-6,-102],[-5,-9],[-4,-36],[-4,-16],[-13,-43],[3,-11],[15,-48],[59,-98],[15,-3]],[[142708,38130],[96,-10]],[[142804,38120],[-30,-107],[-23,-86],[-85,-43]],[[142666,37884],[-2,-2],[-94,-47],[-55,14]],[[142515,37849],[-48,13],[-109,55],[-50,71],[-24,80],[99,149],[-11,7],[-16,21],[-90,-109],[-35,-160],[-215,-287],[37,-1]],[[142053,37688],[-72,-53],[-210,74],[-465,226],[-54,-78],[-94,-38],[-268,224],[6,33],[191,84],[-22,36],[-88,-42],[-45,82],[-71,9],[-47,173],[-64,-19],[-71,-159],[-48,-7],[102,-170],[-121,-166],[-374,-164],[-52,32],[-37,146],[-102,98],[-113,-4],[-154,79],[-65,-39],[-213,-11],[-161,11],[-122,25],[-57,50],[10,52],[57,15],[74,105],[67,26],[66,116],[27,126],[57,48],[76,212],[166,90],[126,-23],[99,46],[105,31],[48,107],[61,140],[38,100],[83,163],[38,28],[124,-14],[-16,106],[20,108],[2,110],[-88,16],[85,90],[-41,46],[45,11],[-29,71],[3,104]],[[140465,40150],[102,9],[31,-31],[29,-12],[97,-21],[34,-10],[76,-5],[66,-5],[3,0],[118,1],[77,33],[-13,55],[-2,4],[-29,114],[-22,128],[-47,31],[-28,20],[29,39],[-62,89],[1,5],[77,24],[-42,38],[9,102]],[[140969,40758],[7,2],[42,67],[258,53],[75,50],[134,16],[28,-27],[-11,-60],[-96,-52],[23,-19],[146,27]],[[142623,38923],[-86,-117],[-71,-38],[-155,-32],[-44,-123],[-79,103],[-10,-136],[-57,-58],[-64,-25],[49,-169],[44,73],[91,9],[83,137],[148,78],[51,14],[91,36],[143,136],[-73,81],[-61,31]],[[142425,38851],[90,61],[-13,19],[-85,11],[18,70],[-1,67],[-110,104],[-114,31],[-163,-4],[-72,-88],[9,-159],[30,-38],[300,-73],[111,-1]],[[140949,39344],[3,-50],[36,-249],[-2,-31],[72,-41],[92,34],[18,46],[96,4],[-41,115],[63,-38],[48,22],[-53,110],[-90,39],[-33,-100],[-89,77],[-75,37],[-45,25]],[[139488,38637],[-28,46],[28,17],[26,-11],[-26,-52]],[[140220,38472],[-66,-177],[145,-70],[150,-1],[101,64],[-87,56],[-47,102],[-196,26]],[[140676,39909],[-2,-1]],[[140674,39908],[-22,8],[22,-8]],[[140674,39908],[2,1]],[[140550,39964],[0,1],[0,-5],[0,4]],[[141252,39734],[-90,-108],[-31,18],[1,-3],[21,-97],[53,-79],[-20,-33],[-21,-49],[88,-69],[-4,52],[-51,36],[11,36],[96,-79],[50,78],[146,58],[62,81],[153,96],[344,114],[-208,138],[-55,170],[-298,-169],[-5,-56],[-142,-83],[-20,-41],[-80,-11]],[[141437,39306],[60,-30],[61,27],[20,106],[-60,39],[-45,-79],[-36,-63]],[[141205,38672],[85,-136],[36,-9],[-1,-163],[51,-160],[66,285],[36,-63],[64,8],[75,16],[80,57],[-22,132],[-121,-47],[-150,256],[-73,-11],[-60,3],[-7,1],[-62,-161],[3,-8]],[[138547,39073],[21,145],[136,-52],[77,-73]],[[138781,39093],[8,-24]],[[138789,39069],[-109,-79],[-93,-121],[-74,-25],[-36,41],[52,75],[18,113]],[[143000,41240],[-89,18]],[[142911,41258],[42,41],[47,-59]],[[140393,38876],[-26,20],[-1,0],[27,-20]],[[142400,39651],[-198,-33],[16,-177],[75,39],[170,-74],[-63,245]],[[143420,40210],[14,453],[-26,-39],[-204,18],[0,-223],[126,-77],[93,-143],[-3,11]],[[143099,40673],[91,189],[17,200],[-86,-24],[-145,-148],[73,-168],[-21,-79],[71,30]],[[139198,38963],[-97,114]],[[139101,39077],[53,76]],[[139154,39153],[98,29],[122,-26],[134,-52],[65,-122],[-1,-128],[-82,-31],[-52,23],[-120,55],[-120,62]],[[139148,38556],[-352,153],[71,76],[179,28],[106,61],[33,-123],[87,-96],[128,-47],[-19,-43],[-88,-137],[-35,12],[0,98],[-36,75],[-74,-57]],[[150868,39986],[5,-1],[8,14],[-13,-13]],[[151015,39899],[2,20],[-3,-20],[1,0]],[[151014,39730],[-94,4],[-62,14],[-4,6],[-44,76],[-6,12],[-40,1],[-5,-87],[-44,48],[-10,12],[-17,18],[-67,-13],[-17,47],[-62,-16],[36,-70],[52,13],[-6,-155],[-121,-5],[-129,-4],[15,97],[-18,109],[18,82],[-4,84],[-15,92],[-79,20],[-53,11],[-25,5],[-126,29],[-59,10],[-26,1],[-73,9],[-73,25],[-92,33],[-76,24],[-73,3],[-44,1],[-103,14],[-152,24],[-79,11],[-172,22]],[[149065,40337],[-70,14],[2,135],[110,-9],[78,-40],[54,-44],[10,183],[-47,6],[0,23],[6,63],[3,33]],[[149211,40701],[-66,42],[-101,38],[63,77],[29,39]],[[149136,40897],[171,2],[23,12],[46,25],[-14,56],[25,16],[219,-71],[177,-10],[187,-39],[64,80],[-15,40],[78,9],[25,-41],[134,12],[30,-71],[58,-17],[28,20],[78,33],[67,18],[32,54],[71,-6],[22,-20],[5,-11],[31,-10],[6,4],[66,17],[38,-43],[4,2],[30,62],[62,-2],[26,-35],[-160,-228],[-55,-204],[18,-6],[1,-1],[64,206],[80,74],[143,59],[19,-30],[86,-92],[43,-26],[25,-36],[50,-30],[81,-26],[65,-10],[50,-79],[118,-102],[25,-16],[-5,-32],[-25,-37],[-23,19],[-141,1],[-44,36],[-9,30],[-7,-28],[6,-43],[-45,26],[-28,0],[1,-45],[16,-63],[-59,-20],[21,-91],[-91,-20],[-35,-54],[-5,-14],[-2,-33],[112,-155],[42,-45],[79,-63],[17,-54],[2,-23],[-3,-123],[43,-67],[62,-65],[5,-9],[10,-41],[48,-88],[18,-17],[18,-18],[5,-4],[7,-10],[22,-11],[9,-16],[2,-3],[60,-65],[17,-17],[107,-59]],[[151770,39115],[-383,-387]],[[151387,38728],[-58,89],[-34,50],[-45,153],[-6,57],[23,21],[59,59],[-25,24],[-45,41],[-56,52],[-10,9],[-18,16],[-53,53],[-1,0],[-30,194],[-2,28],[-158,-110],[-118,-145],[-30,22],[-21,-120],[-124,78],[0,5],[-10,49],[-6,8],[7,24],[5,20],[5,6],[-93,66],[74,49],[21,42],[104,62],[66,72],[79,-87],[127,115]],[[149932,40464],[-4,-5],[4,5]],[[151011,40502],[0,1],[0,-1]],[[151838,38986],[-71,-54],[-38,17],[31,43],[-14,12],[-1,1],[55,78]],[[151800,39083],[13,-13],[14,-16],[11,-68]],[[149211,40701],[14,0],[-14,0]],[[144505,32159],[-11,-39],[-44,46],[-43,15],[-25,-46],[-29,-6],[-25,17],[-11,6],[-13,1],[-89,10],[-68,-2],[-46,55],[-21,-87],[-45,30],[-25,15],[-15,-44],[-47,7],[-77,-10],[21,-41],[-103,15],[15,468],[-255,18],[-24,-285],[-58,-148],[-49,104],[-44,-22],[-50,59],[-20,-28],[-2,83],[116,10],[-34,88],[64,57],[-120,14],[-10,47],[54,47],[109,11],[13,57],[62,29],[-43,18],[-21,20],[-59,28],[-49,-32],[-82,0],[-8,87],[48,11],[51,66],[28,-21],[54,31],[12,14],[18,0],[35,-70],[26,2],[6,85],[44,9],[7,-64],[54,-22],[43,52],[-48,25],[55,38],[48,-29],[6,44],[47,22],[-15,-35],[59,-11],[25,19],[33,18],[22,-4],[12,14],[106,12],[19,25],[-21,2],[-59,6],[-42,3],[-147,40],[-61,-49],[-27,35],[118,101],[112,17],[53,-30],[-2,38],[40,14],[213,-20],[122,3],[290,-29],[118,-66],[206,21],[2,-43],[-78,-41],[49,-11],[29,-7],[56,-22],[-19,-35],[-33,-45],[-22,-20],[20,-18],[64,49],[45,64],[105,2],[-97,71],[94,39],[165,-17],[197,-30],[56,-57],[-8,-149],[-235,63],[2,-133],[-19,-324],[126,-89],[118,-86],[118,-72],[46,684],[44,-25],[58,-113],[35,-9],[77,-77],[33,31],[46,-64],[68,-30],[146,96],[77,-10],[-1,37],[102,75],[325,308],[467,586],[70,82],[39,-25]],[[147369,33783],[119,-106],[150,-132],[285,-248],[292,-236],[86,-69],[358,-296],[332,-200],[49,-24],[399,-316],[232,-153],[92,-108],[39,-50]],[[149802,31845],[-289,-250],[-82,-72],[-87,-72],[-48,-48],[-198,-183],[-150,-150],[-148,-153],[-43,-53],[-62,-72],[-80,-63],[-71,-70],[-46,-56]],[[148498,30603],[-580,346],[-567,340],[-449,213],[-241,118],[-274,-263],[-324,-455],[-233,-263],[-45,136],[-168,145],[-4,40],[171,14],[30,36],[-36,98],[-155,31],[27,45],[-195,56],[-5,73],[83,-2],[-33,57],[-199,175],[-139,151],[-141,98],[-93,50],[-9,39],[-82,19],[-87,49],[-36,27],[-30,14],[-40,22],[0,26],[47,18],[-22,26],[-15,26],[-17,-55],[-13,39],[-18,-1],[-27,-18],[-25,9],[-37,36],[-12,41]],[[145038,31450],[212,-59],[163,-98],[0,-48],[-262,69],[-147,138],[34,-2]],[[146276,29791],[-17,-100],[-44,83],[36,79],[25,-62]],[[145885,30068],[-113,48],[-36,62],[17,43],[125,-5],[72,-63],[9,-66],[145,-161],[7,-92],[-44,-42],[-60,-2],[-75,84],[13,156],[-60,38]],[[146213,29964],[27,61],[20,-60],[12,-37],[-32,-30],[-27,66]],[[145411,33251],[10,41],[105,-27],[-115,-14]],[[142515,37849],[-285,-308],[-177,147]],[[143400,38631],[70,-50],[83,-52],[111,-42],[33,-15],[24,-13]],[[143721,38459],[43,-25]],[[143764,38434],[-49,-161],[-26,-106],[80,-7],[113,-6],[27,-2],[106,-20],[64,-29],[1,0],[92,26],[34,12],[68,-33],[48,-33],[27,-32],[18,-18],[32,-14],[1,0],[76,-80],[7,-9],[9,-42],[7,-34],[-19,-158],[63,20],[25,-29],[270,-258],[61,-54],[76,-162],[14,-90],[48,-114],[84,-104],[28,-26],[72,-121]],[[145221,36750],[-75,-267],[-2,-2],[-17,-220],[-4,-35],[4,-153],[25,-267],[21,-158],[91,-288],[70,-133],[61,-115]],[[145395,35112],[-227,-82],[-1,0],[-366,-194],[-280,-86],[-139,142],[-74,120],[-86,93],[-176,122],[-47,58],[-135,-5],[-77,56],[-235,167],[-73,78],[6,43],[-35,-43],[15,83],[107,40],[94,75],[-72,45],[-137,-44],[-120,141],[-154,79],[49,61],[30,103],[-123,22],[-131,217],[136,112],[3,50],[-45,-68],[-100,123],[138,96],[-1,56],[77,65],[61,63],[36,-27],[51,30],[25,90],[66,15],[-120,73],[-22,111],[-43,-26],[-39,-99],[-280,-73],[-38,189],[-67,126],[71,176],[59,57],[143,78],[11,20],[-105,16],[-167,-106],[-99,8],[-87,-27],[-123,-113],[-62,30],[-47,94],[226,342]],[[142804,38120],[37,130],[-29,21],[-43,-62],[-49,11],[-12,-90]],[[142787,39540],[59,44],[-32,92],[376,-44],[204,-19]],[[143394,39613],[54,-130],[59,-145],[40,-89],[23,-185],[7,-84],[-100,-40],[-125,-23],[13,-31],[11,-118],[-29,-100],[53,-37]],[[144020,37430],[7,9],[-7,-9]],[[139180,39985],[66,74],[166,-30],[220,64],[4,-54],[84,-21],[0,-35],[-53,-38],[-4,-42],[-5,-47],[-100,-82],[-45,41],[-58,53],[-122,-43],[-179,-672]],[[139101,39077],[-312,-8]],[[138781,39093],[399,892]],[[135788,36335],[-373,-316],[-190,-117],[-61,51],[-176,38],[-207,165],[176,220],[411,35],[-67,394],[98,49],[53,-21],[113,98],[109,23],[100,-447],[215,29],[116,15],[187,16],[160,16],[297,-395],[137,-110],[111,-143],[-32,-44],[-172,57],[8,47],[56,-8],[15,80],[-82,-56],[-20,-53],[-62,-85],[-23,-21],[-26,27],[19,-53],[-30,-6],[-83,42],[33,-56],[-95,29],[71,-87],[-49,-89],[-262,-38],[0,60],[-73,59],[-376,217],[-26,378]],[[139255,43048],[-147,48],[-94,51],[-101,59],[-95,52],[-80,49],[144,161],[335,269],[66,-53],[-6,-51],[62,14],[9,26],[-34,55],[58,-22],[16,-3],[36,-4],[169,93],[21,-121],[-83,-27],[99,-31],[-118,-398],[-106,-225],[113,-36],[414,624],[171,-105],[47,-45],[6,-71],[69,-34],[58,17],[45,-49],[39,31],[32,11],[25,-58],[134,-48],[70,-151],[-89,-90],[15,-81],[172,-177],[-15,-40],[-111,-24],[-18,-67],[-73,-55],[-53,-60],[-91,26],[38,-132],[-39,-33],[-153,71],[-29,-30],[-15,97],[-68,43],[-293,50],[-12,61],[-116,-55],[-56,-89],[-41,-15],[-27,34],[-58,-87],[-44,81],[-78,14],[22,-82],[-35,-22],[-196,97],[-13,66],[133,280],[-31,191]],[[136619,41260],[45,-37],[-89,-11],[13,59],[22,9],[-5,-42],[14,22]],[[138108,42014],[10,102],[58,12],[57,-56],[-58,-76],[-62,-77],[41,-27],[-57,-73],[-38,10],[8,-29],[-208,-76],[-102,-18],[21,49],[59,2],[-9,133],[83,31],[-47,10],[-16,57],[-119,12],[39,61],[148,120],[77,-45],[76,-114],[39,-8]],[[138666,41944],[-13,38],[53,17],[-40,-55]],[[138482,42094],[-135,12],[-91,125],[13,52],[121,52],[49,191],[108,-96],[136,-243],[55,25],[30,9],[-50,36],[0,198],[183,29],[126,-88],[85,-16],[45,-55],[-195,-89],[-26,-65],[-83,6],[-77,-31],[-96,-42],[-43,26],[-33,-44],[-70,37],[-52,-29]],[[139591,45497],[95,-57],[30,-56],[-5,-71],[-88,20],[-8,0],[-8,43],[13,31],[-62,-1],[-1,58],[34,33]],[[137390,43078],[-144,29],[-86,74],[-138,-39],[-63,28],[188,55],[-19,63],[29,60],[196,1],[64,33],[1,-152],[348,102],[58,92],[121,-36],[34,-72],[-42,3],[-11,41],[-4,-53],[129,-20],[68,-71],[-192,-122],[-254,-308],[-89,177],[-194,115]],[[135168,39093],[-123,-100],[-128,-25],[-34,-38],[-42,23],[161,129],[27,-53],[103,98],[36,-34]],[[135106,39153],[-202,-74],[-74,211],[151,32],[125,-169]],[[137979,41551],[65,25],[14,-37],[-77,-9],[-102,-18],[-202,-115],[42,58],[260,96]],[[135118,42262],[74,-2],[36,-47],[-15,-135],[-57,21],[9,-120],[-130,-118],[-107,186],[10,97],[137,118],[43,0]],[[138311,43606],[-42,-95],[-88,-13],[-21,20],[68,28],[8,39],[-147,-4],[-87,40],[181,47],[128,-62]],[[137332,40372],[-89,10],[-25,47],[19,20],[41,-30],[24,55],[327,19],[185,144],[-34,-62],[30,-19],[78,68],[56,4],[46,90],[14,-56],[45,7],[-32,-48],[90,-48],[5,33],[90,2],[-63,39],[-6,42],[169,-54],[-40,-61],[54,-5],[13,-88],[268,97],[96,56],[17,-38],[-2,41],[129,64],[80,-133],[105,-12],[-100,-60],[-30,55],[-29,-82],[-50,44],[21,-58],[-57,-27],[-64,14],[-3,-30],[-63,30],[-32,-43],[-146,-4],[-32,-37],[-52,25],[-93,-52],[-383,-91],[-203,-17],[-45,40],[-39,-48],[-48,26],[-60,-35],[57,68],[-22,21],[-119,-42],[-74,41],[11,-89],[-61,80],[-129,-45],[-19,-41],[-109,-19],[85,116],[25,-34],[32,59],[131,-2],[10,53]],[[138848,40055],[-211,-83],[-72,165],[-6,33],[47,-7],[24,61],[114,31],[18,41],[106,-32],[23,41],[237,7],[-25,-80],[28,-78],[-129,-78],[-154,-21]],[[138580,39718],[-104,-503],[-88,-80],[-25,20],[33,74],[-223,212],[53,65],[96,-9],[4,38],[-41,-1],[41,38],[-66,42],[22,48],[-116,166],[-157,128],[307,-178],[264,-60]],[[139995,45911],[-4,72],[51,-23],[77,-130],[-124,81]],[[140281,46127],[-168,81],[31,24],[119,-47],[18,-58]],[[139970,45448],[-38,30],[11,78],[42,-62],[-15,-46]],[[147369,33783],[-41,31],[27,58],[171,139],[147,104],[257,26],[80,73],[135,-32],[280,-130],[-23,-216],[248,-301],[234,-58],[425,-8],[82,-141],[159,-211],[154,169],[18,123],[-30,319],[133,-124],[71,-6],[24,31],[-13,217],[102,14],[236,-60],[36,26],[-37,134],[-67,-20],[-32,22],[25,32],[-35,-30],[-32,21],[-52,86],[38,30],[-45,-7],[21,68],[493,-19],[331,-198],[-142,-283],[52,35],[39,-135],[334,-217],[113,-73],[122,117]],[[151407,33389],[43,-129],[143,-382]],[[151593,32878],[27,-101],[30,-69]],[[151650,32708],[69,-253]],[[151719,32455],[-153,49],[-560,-259],[-242,-106],[-106,-44],[-141,-59],[-58,-30],[-88,-44],[-77,-40],[-169,-85],[-221,-20],[-102,28]],[[149634,35077],[41,-124],[-38,-12],[-59,65],[-101,-37],[-26,124],[69,51],[-39,23],[-113,-196],[-134,-50],[-42,28],[-337,14],[-79,79],[-217,-16],[-184,-9],[-93,85],[-91,-37],[-123,-54],[-27,64],[-266,0],[-223,-136],[-242,-21],[-262,-217],[-90,55],[-169,1],[-109,113],[-85,34],[-142,2],[-192,-62],[-95,-54],[-83,-114],[-324,88],[-15,69],[-30,-1],[-23,160],[-90,115],[-206,5]],[[145221,36750],[68,169],[5,12],[68,199],[75,175],[61,200]],[[145498,37505],[7,37],[27,159]],[[145532,37701],[5,29],[32,190],[16,105],[16,97],[36,132],[4,8],[49,83],[87,138],[30,53],[71,124],[76,128],[88,145],[45,74],[13,91],[-39,113],[-18,30]],[[146043,39241],[444,-77],[359,-64],[178,-39],[252,-57],[6,-1],[170,-21],[137,-21],[64,-15],[346,-79],[140,-35],[17,-2],[153,-12],[160,-38]],[[148469,38780],[341,-101],[71,-19],[7,-2],[44,-13],[57,-15],[146,-33],[125,-34],[90,-23],[200,-67],[192,-49]],[[149742,38424],[4,-379],[-16,-416],[-20,-84],[-9,-19],[257,-27],[371,-22],[1,0],[201,14],[7,-69]],[[150538,37422],[-1,-327],[-111,-332]],[[150426,36763],[-2,-9],[2,-292],[46,-172],[80,-230],[0,-154],[41,-123],[323,34],[206,37]],[[151122,35854],[39,-264],[-133,-59],[-237,-18],[-53,-55],[-122,-22],[-104,53],[-63,-62],[-42,-98],[-165,-63],[-70,-65],[-137,24],[-28,22],[-25,-56],[-22,-30],[-42,-83],[-112,-3],[-33,-32],[-56,69],[-83,-35]],[[148795,33752],[48,89],[73,11],[29,-90],[-97,-16],[6,-26],[100,13],[-4,-84],[-101,46],[-79,-14],[25,71]],[[153015,32932],[-23,21],[-23,44],[11,67],[-14,82],[-11,81],[-75,71],[0,147],[-50,53],[17,171],[37,90],[153,165],[90,-271],[60,-59],[134,41],[-37,314],[87,-37],[58,-508],[21,-156],[9,-78],[6,-51],[5,-52],[7,-53],[7,-59],[7,-56],[5,-42],[7,-54],[4,-37],[4,-34],[5,-40],[3,-28],[14,-113],[8,-66],[4,-34],[2,-21],[24,-190],[15,-133],[11,-91]],[[153771,30532],[6,-56],[87,-73],[3,-180],[-352,-537]],[[153515,29686],[-183,62],[-246,85],[-435,128],[-627,288],[-105,209],[194,403],[189,260],[-18,28],[-83,134],[-246,406],[-97,323],[-13,46],[-126,397]],[[151650,32708],[459,-169],[680,-34],[-19,-39],[44,-67],[-57,-55],[-79,-251],[198,7],[5,180],[-1,113],[83,22],[-10,12],[-11,28],[40,5],[55,64],[26,110],[2,8],[3,21],[-13,34],[-18,39],[2,18],[-37,61],[13,117]],[[151811,34324],[31,15],[-6,-82],[71,-100],[-132,-5],[103,-371],[299,105],[38,-51],[73,-4],[-126,-52],[97,13],[37,-54],[-40,-18],[115,-73],[-32,-52],[32,-47],[-84,-33],[72,-29],[88,-104],[-37,-34],[62,-76],[33,4],[-30,-89],[46,-27],[34,-80],[-29,1],[43,-45],[31,-65],[33,2],[-13,-48],[-194,-10],[-833,-37]],[[151407,33389],[-69,230],[-11,274],[8,253],[-37,269],[-20,138],[-19,189],[-10,119],[-355,14],[-2,90],[-28,236],[214,-2],[142,-9],[-80,5],[4,28],[127,47],[-2,78],[224,18],[34,-164],[31,0],[-7,45],[62,-10],[12,-191],[-45,-44],[38,-44],[-35,-4],[8,-49],[64,-17],[-13,-29],[28,-12],[-29,-12],[18,-151],[66,-107],[6,-98],[80,-155]],[[152535,33743],[48,-40],[-32,-152],[-66,113],[7,99],[43,-20]],[[151248,34951],[1,-5],[-5,44],[4,-39]],[[151717,36367],[-98,-21],[3,196],[100,113],[40,-37],[-9,-45],[69,-13],[21,78],[38,-72],[-91,-309],[-3,83],[-32,-109],[-35,-5],[-3,141]],[[153094,34353],[-3,43],[39,5],[9,-52],[176,-12],[12,-71],[-282,-15],[-29,61],[51,14],[-64,36],[91,-9]],[[152350,35435],[-95,40],[16,41],[48,-7],[-45,61],[178,311],[98,21],[68,-29],[32,-170],[-61,-95],[31,-26],[-85,-45],[15,-36],[-67,-202],[-72,-95],[-65,129],[4,102]],[[151062,36790],[19,151]],[[151081,36941],[317,64],[46,-422],[18,-162],[59,-3],[-1,-75],[17,-90],[-467,-18]],[[151070,36235],[-9,95],[-130,3],[-18,439],[149,18]],[[150185,29373],[51,24],[-2,-116],[114,-234],[7,-112],[-132,123],[-131,199],[-223,-101],[58,277],[-76,150],[-67,81],[9,45],[-49,24],[-3,59],[-26,-10],[-13,67],[-34,-1],[-60,89],[48,26],[6,84],[104,13],[125,142],[-38,170],[-71,194],[35,4],[-39,310],[58,104],[86,27],[-13,152],[68,-30],[26,22],[173,-6],[26,85],[457,45],[-117,121],[74,104],[-132,166],[36,34],[17,-66],[59,-23],[44,-76],[31,-26],[-27,-32],[4,-73],[4,48],[98,-14],[-98,19],[25,51],[211,57],[48,43],[-49,-39],[-205,-50],[-25,28],[-28,44],[-27,66],[-42,56],[-22,31],[31,37],[-33,47],[-24,117],[10,65],[59,5],[-28,4],[27,28],[-54,-30],[-76,-116],[-162,-95],[-16,-70],[-138,24],[-13,-24],[-43,29],[-195,-16],[89,-21],[97,32],[42,-33],[-86,-22],[-156,-216],[-71,-113],[-75,-10],[16,-176],[27,-124],[33,-69],[-81,-99],[29,-176],[10,-105],[-6,-55],[22,-74],[-13,-59],[5,-60],[-116,-187],[-100,14],[-171,-73],[-31,39],[-47,48],[25,-107],[-128,-5],[-92,84],[-77,-9],[-46,53],[16,-54],[94,-6],[-4,-23],[232,-122],[85,-152],[102,-142],[-58,-173],[-354,-190],[49,122],[-45,78],[61,29],[-36,67],[44,66],[-60,-40],[39,-76],[-121,2],[-167,194],[-128,16],[181,-151],[-226,21],[-140,-36],[-41,42],[-229,25],[20,-30],[204,-12],[30,-35],[406,12],[65,-58],[75,-3],[37,-101],[-80,-71],[60,-85],[-127,-177],[-149,-90],[-40,-24],[-57,-189],[61,-93],[17,-124],[156,-104],[22,-136],[-93,-22],[-56,-50],[-139,-5],[-227,89],[4,64],[-29,-100],[52,19],[213,-95],[97,16],[-40,-44],[-1,-67],[-341,-402],[-137,10],[-92,47],[-117,-10],[-90,-103],[-114,-45],[-276,150],[-65,247],[-507,93],[-445,-305],[7,92],[-56,27],[-20,-35],[-50,62],[23,123],[44,-95],[81,-70],[-12,122],[-93,166],[620,659],[534,557],[191,281],[219,300],[431,512],[6,8]],[[153515,29686],[301,-103],[1047,-353]],[[154423,26843],[-219,-8],[-55,68],[-102,33],[-54,87],[-155,33],[5,97],[-55,145],[-224,13],[-103,65],[117,177],[18,-25],[113,55],[45,-14],[80,56],[-141,12],[-65,68],[13,106],[-42,121],[258,93],[144,105],[275,-81],[94,10],[37,-214],[75,-120],[159,-41],[25,37],[204,350],[-12,52],[-483,141],[-516,30],[-1021,102],[-10,-106],[-121,-111],[-94,0],[-264,163],[-55,-22],[160,-128],[-63,16],[56,-134],[-28,-79],[-146,17],[-123,105],[-52,-21],[161,-160],[89,-178],[-30,10],[-51,-96],[-82,5],[-3,78],[-65,103],[-127,125],[19,-46],[-31,-8],[-159,79],[-128,149],[32,51],[-19,74],[-30,-48],[-97,39],[-68,-53],[-32,8],[5,41],[-28,-10],[350,269],[-49,13],[-30,128],[158,78],[213,-68],[246,429],[239,303],[-480,208],[-370,-179],[-332,43],[26,26],[-46,73],[-71,11],[-7,100],[-44,38],[37,136],[-43,-136],[47,-44],[3,-97],[78,-15],[39,-67],[-26,-24],[-186,24],[-171,-375],[-74,-44],[231,-398],[-114,-77],[-50,-79],[-19,19],[-30,-104],[-55,4],[29,-31],[-41,-26],[-97,102],[-84,202],[13,130],[97,-83],[-37,85],[-68,29],[-19,84],[-19,105],[-142,147],[-101,103],[0,154],[-38,160],[-99,-88],[-82,-130],[-51,-24]],[[148031,27403],[44,-1],[2,-112],[55,-1],[43,-72],[46,-7],[59,-106],[219,-73],[18,-124],[-73,-76],[-200,-10],[9,48],[-68,113],[-120,29],[-29,89],[-89,21],[26,79],[-59,25],[47,161],[-17,54],[39,17],[48,-54]],[[150170,31516],[-26,49],[30,77],[34,-3],[30,-91],[36,-139],[-79,47],[-25,60]],[[149624,30139],[-70,-50],[-50,30],[56,50],[64,-30]],[[142868,41209],[30,34],[13,15]],[[143000,41240],[49,-53]],[[144549,40431],[-51,109],[-51,-29],[-110,22],[-92,-55],[-88,30],[-60,-82],[-73,-83],[-134,-200]],[[143104,41178],[104,51],[70,44],[177,92],[121,63],[-19,21],[-181,240],[34,13],[115,43],[54,98],[-8,79],[129,113],[94,44],[250,176],[198,35],[47,23],[5,61],[175,-7],[148,11],[84,75],[77,-15],[104,76],[83,4],[282,-59],[305,7],[372,-36],[124,35],[14,-68],[135,-56],[31,18],[50,-57],[349,-157],[81,-45],[176,-18],[141,47],[30,-47],[-30,-89],[157,-29],[53,-192],[33,66],[49,-32],[129,5],[42,11],[22,-85],[139,-60],[17,33],[94,-5],[26,-83],[92,-75],[170,-59],[110,-127],[313,-301],[172,-90],[86,-41],[164,2],[130,-7],[113,-27]],[[149065,40337],[64,-229],[47,-120],[-24,-110],[-161,-67],[-22,-145],[-26,-55],[-88,-125],[-58,-79],[-94,-155],[-89,-123],[-75,-164],[-6,-16],[-64,-169]],[[146043,39241],[-127,60],[-12,2],[-124,16],[-247,33],[-77,7],[-59,5],[-142,14],[-63,96],[-8,32]],[[145184,39506],[40,77],[211,25],[203,91],[304,356],[-38,91],[-195,39],[-58,62],[-29,-28],[-231,85],[-153,-197],[-144,-185],[-157,-23],[-145,-21],[-129,62],[61,332],[-106,-6],[-69,165]],[[142819,40905],[-157,-65],[-170,-4]],[[142533,40899],[12,14],[38,57],[-19,57],[154,81]],[[145190,41184],[-186,-212],[59,-168],[189,13],[-4,86],[-58,281]],[[150711,39123],[-18,24],[-39,44],[-17,54],[-5,26],[132,-125],[61,21],[41,20],[-1,-46],[-34,-46],[-12,-83],[-17,14],[-11,-19],[-65,-60],[-84,-18],[-13,57],[-53,60],[30,0],[0,34],[18,-3],[60,3],[4,1],[23,42]],[[143764,38434],[68,4],[45,78],[16,16],[-52,41],[-120,-114]],[[143394,39613],[100,0],[85,-4],[141,5],[138,1],[284,-14],[244,-13],[96,-8],[110,0],[107,-27],[140,-21],[164,-15],[181,-11]],[[145532,37701],[-196,10],[-73,-178],[235,-28]],[[145490,38462],[-102,119],[-69,-136],[12,-88],[-1,-75],[125,3],[12,64],[11,52],[12,61]],[[145689,38501],[-15,-22],[31,46],[-16,-24]],[[145664,38657],[60,1],[39,189],[-60,-51],[-47,-51],[8,-88]],[[144316,38491],[14,4],[60,12],[-64,41],[54,25],[-19,47],[-66,-40],[-73,-23],[9,-22],[85,-44]],[[144043,38688],[-50,-7],[39,-60],[-70,-46],[24,-19],[59,31],[96,56],[4,28],[-32,7],[-70,10]],[[144317,38968],[-3,0],[-88,8],[-33,0],[17,-120],[58,-62],[56,9],[49,21],[32,31],[-88,113]],[[144502,38781],[11,-37],[0,1],[-11,36]],[[145620,39059],[106,-83],[67,-52],[23,28],[-74,52],[10,54],[-106,30],[-26,-29]],[[145942,39119],[12,-14],[12,-15],[-24,29]],[[151238,38164],[18,28]],[[151256,38192],[143,-74],[77,37],[-107,8],[-82,171]],[[151287,38334],[178,216],[-20,49],[-21,48],[-1,3],[-10,28],[-4,10],[-21,39],[-1,1]],[[151770,39115],[30,-32]],[[151838,38986],[46,-88],[120,-178],[14,-85],[22,-24],[84,-63],[8,-57],[-58,27],[-67,-47],[-123,-191],[-24,-146],[-36,-124],[45,-129],[-47,-133],[-2,-61],[-33,17],[-6,-33],[-157,-171],[-42,-60],[-70,-113],[-67,8],[-125,-82],[39,-36],[-245,24],[-33,-300]],[[151070,36235],[52,-381]],[[150426,36763],[155,-4],[52,264],[-42,372],[-26,14],[-27,13]],[[149742,38424],[244,-67],[88,-66],[131,-148],[92,-74],[113,-113],[18,-15],[154,-127],[105,90],[135,127],[83,69],[104,92],[83,-35],[114,-41],[24,38],[8,10]],[[151825,37940],[-15,-29],[28,-12],[-13,41]],[[151733,37989],[9,14],[-41,155],[-68,41],[-56,-78],[156,-132]],[[151391,38093],[-47,0],[34,-48],[13,48]],[[151505,38272],[17,176],[-5,12],[-28,51],[-40,-127],[56,-112]],[[151969,38580],[28,6],[-28,-6]],[[151969,38580],[-6,2],[6,-2]],[[151287,38334],[-4,-99],[-27,-43]],[[150695,38481],[-2,69],[-39,-13],[-18,-12],[-81,-12],[8,-6],[-7,-14],[5,-82],[20,-146],[24,-65],[42,14],[27,83],[-6,110],[24,52],[3,22]],[[150724,38574],[-2,-12],[2,12]],[[150880,38366],[-25,-2],[-47,-25],[12,-70],[-38,-68],[88,2],[92,19],[80,111],[-13,38],[-129,-29],[-9,16],[-11,8]],[[150296,38231],[-1,0],[15,-11],[-14,11]],[[150585,39321],[0,-2]],[[150585,39319],[0,2]],[[140586,40198],[-2,17],[-42,24],[-12,31],[-6,31],[-51,6],[-24,29],[-38,46],[0,7],[-14,15],[-22,25],[4,52],[-15,26],[-22,43],[-52,48],[74,9],[116,39],[79,18],[255,103],[155,-9]],[[140465,40150],[7,65],[45,-27],[-25,32],[34,11],[60,-33]],[[140538,40343],[-1,-1],[1,0],[0,1]],[[140497,40376],[2,33],[0,43],[-25,-30],[5,-44],[18,-2]],[[140697,40303],[1,0],[7,5],[-8,-5]],[[140701,40297],[1,0],[-1,0]],[[140671,40344],[1,0]],[[140672,40344],[-1,0]],[[140217,40356],[-6,-51],[-75,-10],[81,61]],[[140250,40551],[27,-34],[-56,18],[29,16]]],"transform":{"scale":[0.00025793686855937574,0.0002492947323239051],"translate":[95.0388,-10.9431]},"objects":{"indonesia-desa":{"type":"GeometryCollection","geometries":[{"arcs":[[[0,1,2,3,4,5,6,7,8,9,10,11],[12],[13],[16],[17],[18],[19],[20],[21],[22],[24],[25]],[[23]]],"type":"MultiPolygon","properties":{"district":"ACEH SELATAN"}},{"arcs":[[[29,30,31,32,33],[27],[34],[36],[40],[41],[42],[49,50],[54,55],[56],[57],[58],[59],[61],[64],[65],[66],[67],[68],[71],[73]],[[74,75,76],[77]],[[78]],[[79]],[[80,81]],[[82]],[[83,84,85]],[[86,87]]],"type":"MultiPolygon","properties":{"district":"ACEH TENGGARA"}},{"arcs":[[93,94,95,96,97,98,99,100,101,102,103,104,105,106,107,108,109,110,111,112,113,114,115,116,117,118,119],[88],[89],[91],[92],[120],[121],[123],[124],[126],[127],[128],[131],[133],[134],[135],[136],[137],[139],[140],[141],[142],[143],[144]],"type":"Polygon","properties":{"district":"ACEH TIMUR"}},{"arcs":[[-108,145,146,147,148,149,150,151,152,153,154,155,156,157,158,159,160],[161],[162],[163],[164],[167],[169],[173],[174],[175],[177]],"type":"Polygon","properties":{"district":"ACEH TENGAH"}},{"arcs":[[178,179,180,181,182,-150,183,184,185,186,187,188,189],[191],[192],[193,194],[195],[196],[197],[198],[199],[200]],"type":"Polygon","properties":{"district":"ACEH BARAT"}},{"arcs":[[[203,204,205,206,207,208,209,210,211,212,213,214,215,216,217,218,219],[221],[222],[224],[225],[227],[228],[229],[230,231],[232],[233],[234],[235],[237],[238],[243],[244],[245],[246],[248],[249],[254],[255],[257],[259],[260],[264]],[[239]],[[261]],[[262]],[[263]]],"type":"MultiPolygon","properties":{"district":"ACEH BESAR"}},{"arcs":[[[268,269,270,271,272,273,274,275,276],[266],[267],[279],[280],[284],[285],[286],[287]],[[277]],[[278]],[[281]]],"type":"MultiPolygon","properties":{"district":"PIDIE"}},{"arcs":[[[292,293,294,295,296,297,298,-119,299,300,-118,301,-116,-115,302,-113,303,-111,304,305,306,307,308,309,310],[311],[316],[317],[325],[326],[330],[331],[332],[333],[337],[338],[341],[343],[344],[346],[348],[349,350],[352],[353],[354],[355],[356],[361],[364],[365],[369],[371]],[[322]]],"type":"MultiPolygon","properties":{"district":"ACEH UTARA"}},{"arcs":[[[372],[373],[374]],[[375]],[[376]],[[378]]],"type":"MultiPolygon","properties":{"district":"SIMEULUE"}},{"arcs":[[[379,380,381,382,-11,383,384,385],[386],[387],[388],[389],[391],[392]],[[397]]],"type":"MultiPolygon","properties":{"district":"ACEH SINGKIL"}},{"arcs":[[398,-310,399,-308,400,-306,401,402,-152,403,404,405],[408],[409],[412],[413],[414],[416],[418],[419],[420],[421],[423],[424],[425],[426],[427],[428],[429],[430],[431],[432],[434],[435],[442],[443],[445],[448],[451],[455],[458],[462],[464]],"type":"Polygon","properties":{"district":"BIREUEN"}},{"arcs":[[465,-3,-2,466,467,468,469],[470],[471],[472],[473],[476],[477]],"type":"Polygon","properties":{"district":"ACEH BARAT DAYA"}},{"arcs":[[-5,478,479,480,-148,481,-146,-107,482,483,484,-31,485],[489],[490],[493]],"type":"Polygon","properties":{"district":"GAYO LUES"}},{"arcs":[[[-164]],[[495,-219,496,-217,497,-182,498,-180,499],[500],[501],[502],[503],[504]]],"type":"MultiPolygon","properties":{"district":"ACEH JAYA"}},{"arcs":[[[-189,506,-187,507,-185,508,-480,509,-469,-468,510],[511],[513],[514],[517]],[[520]]],"type":"MultiPolygon","properties":{"district":"NAGAN RAYA"}},{"arcs":[[521,522,523,524,525,526,527,528,529,530,531,532,533,-483,534,-105,535,-103,536],[541],[542],[543],[545],[546],[547],[548],[549],[551],[552],[555],[558],[559],[560],[561],[562]],"type":"Polygon","properties":{"district":"ACEH TAMIANG"}},{"arcs":[[-153,-403,563,-109,-161,564,-159,565,-157,566,-155,567],[568],[570],[573],[574],[575],[577],[578],[580]],"type":"Polygon","properties":{"district":"BENER MERIAH"}},{"arcs":[[581,-405,582,-275,583,-273,584,-271,585,-270,586],[587],[588],[590],[593],[594],[595],[597]],"type":"Polygon","properties":{"district":"PIDIE JAYA"}},{"arcs":[[600,-215,601,-213,602,-211,603,-209,604,-207,605,-205,606],[607],[608]],"type":"Polygon","properties":{"district":"KOTA BANDA ACEH"}},{"arcs":[[619],[620]],"type":"Polygon","properties":{"district":"KOTA SABANG"}},{"arcs":[[621,-298,622,-296,623,-294,624],[625,626],[631]],"type":"Polygon","properties":{"district":"KOTA LHOKSEUMAWE"}},{"arcs":[[632,-100,-99,633,-97,634,-95,635,-524,-522,-537,-102,636,637],[638],[639],[640],[641],[642],[643],[646]],"type":"Polygon","properties":{"district":"KOTA LANGSA"}},{"arcs":[[[647,648,-384,-10,649,-8,650,651],[652],[653],[654],[655],[657]],[[-640]],[[-641]],[[-642]]],"type":"MultiPolygon","properties":{"district":"KOTA SUBULUSSALAM"}},{"arcs":[[[658,-382,659,660,661,662,663,664,665],[666]],[[-658]]],"type":"MultiPolygon","properties":{"district":"TAPANULI TENGAH"}},{"arcs":[[[-662,667,668,669,670,671,672,673,674,675,676,677,678,679,680,681,682,683,684,685,686],[687],[688],[689],[691],[692],[693],[694],[696],[697],[698],[702],[703]],[[705]]],"type":"MultiPolygon","properties":{"district":"TAPANULI UTARA"}},{"arcs":[[[-663,-687,-685,706,-683,707,708,709,710,711,712,713,714,715,716,717,718,719,720,721],[725,726,727,728,729,730],[731,732],[733],[734],[735],[736],[737],[739],[740],[741],[742],[743],[744],[745],[746],[747],[749]],[[-681,722,-679,723,724]],[[738]]],"type":"MultiPolygon","properties":{"district":"TAPANULI SELATAN"}},{"arcs":[[750,751,752,753,754,755,756,757,758],[759],[765],[766]],"type":"Polygon","properties":{"district":"NIAS"}},{"arcs":[[[769,-484,-534,770,-532,771,-530,772,-528,773,-526,774,775,776,777,778,779,780,781,782,783,784],[785],[788],[789],[790],[793],[795],[796],[797],[798],[799],[800],[801],[802],[805],[806],[807],[811]],[[810]]],"type":"MultiPolygon","properties":{"district":"LANGKAT"}},{"arcs":[[812,813,814,815,816,817,818,-82,819,-76,820,-33,821,-784,-782,822],[823],[824],[825],[826],[827]],"type":"Polygon","properties":{"district":"KARO"}},{"arcs":[[828,-813,-823,-781,829,830,831,-776,832,833,834,835,836,837,838,839,840,841,842,843,844,845,846,847,848,849,850,851,852,853],[854],[855],[856,857],[858],[859],[860],[861],[862],[863],[864],[865],[866]],"type":"Polygon","properties":{"district":"DELI SERDANG"}},{"arcs":[[867,868,869,870,871,872,873,874,875,876,877,878,879,880,881,882,883,884,885,-814,-829,-854,886,887,888,889,890,891,892,893],[894,895,896]],"type":"Polygon","properties":{"district":"SIMALUNGUN"}},{"arcs":[[[898,899,900,901,902,903,904,905,906,907,908,909,910,911,912,-884,913,914],[915],[916,917,918,919,920,921,922],[923,924],[927,928,929],[932]],[[930,931]]],"type":"MultiPolygon","properties":{"district":"ASAHAN"}},{"arcs":[[938,939,940,941,942,943,944,945,946,947,948,949,950,951,952,953],[935],[936],[937],[954],[955],[956],[957],[959],[960],[961],[963]],"type":"Polygon","properties":{"district":"LABUHANBATU"}},{"arcs":[[[964,965,966,967,-648,-652,968,-84,-86,969,-87,970,-818,971,-816,972,973,974,975],[976],[977],[979],[981],[986,987]],[[989,990,991,992,993,994]]],"type":"MultiPolygon","properties":{"district":"DAIRI"}},{"arcs":[[[995,-885,-913,996,997,-911,998,-909,999,-907,1000,-905,1001,-677,1002,-675,1003,-673,1004],[1005],[1006],[1007],[1008],[1009],[1010],[1011],[1015]],[[1012]]],"type":"MultiPolygon","properties":{"district":"TOBA SAMOSIR"}},{"arcs":[[[1016,1017,1018,1019,1020,1021,1022,1023,1024,1025,1026,1027,-721,1028,-719,-718,1029,1030],[1034],[1035],[1039]],[[1038]],[[1040]],[[1041]],[[1042]]],"type":"MultiPolygon","properties":{"district":"MANDAILING NATAL"}},{"arcs":[[[1043,1044,1045,1046,-757,1047],[1048],[1054],[1055],[1056],[1057],[1058],[1062]],[[1049]],[[1050],[1051]],[[1052]],[[1053]],[[1059]],[[1060]],[[1061]],[[1063,1064]],[[1065]],[[1066]],[[1067]],[[1068]]],"type":"MultiPolygon","properties":{"district":"NIAS SELATAN"}},{"arcs":[[-649,-968,1071,-965,-976,1072,-990,-995,1073,1074,-660,-381,1075,-385]],"type":"Polygon","properties":{"district":"PAKPAK BHARAT"}},{"arcs":[[-1075,1076,1077,-671,-670,1078,-668,-661],[1079],[1080,1081],[1083],[1084]],"type":"Polygon","properties":{"district":"HUMBANG HASUNDUTAN"}},{"arcs":[[[-994,1085,-992,1086,-974,1087,-1077,-1074],[1092]],[[1088],[1089],[1090],[1091],[1093]]],"type":"MultiPolygon","properties":{"district":"SAMOSIR"}},{"arcs":[[1094,1095,1096,-876,1097,-874,1098,-872,1099,-870,1100,-868,-894,1101,-892,1102,-890,1103,-888,1104,1105,-851,1106,-849,1107,1108,-847,1109],[1110],[1112],[1113],[1114],[1115],[1116],[1117],[1118],[1119],[1120],[1121],[1124],[1126],[1127],[1128,1129,1130,1131,1132,1133,1134,1135],[1136],[1137],[1138],[1140],[1143],[1145],[1146],[1147],[1148],[1149],[1151],[1152],[1153]],"type":"Polygon","properties":{"district":"SERDANG BEDAGAI"}},{"arcs":[[-1096,1154,-900,1155,-914,-883,1156,-881,1157,-879,1158,-877,1159],[1160],[1161],[1162],[1163],[1164]],"type":"Polygon","properties":{"district":"BATU BARA"}},{"arcs":[[-939,-954,1165,1166,1167,1168,1169,1170,1171,1172,-716,-714,1173,-712,1174,-710,1175],[-739],[1176],[1179],[1180]],"type":"Polygon","properties":{"district":"PADANG LAWAS UTARA"}},{"arcs":[[-1030,-717,-1173,1183,-1171,1184,1185,1186,1187,-1021,1188,-1019,1189,-1017,-1031,1190]],"type":"Polygon","properties":{"district":"PADANG LAWAS"}},{"arcs":[[-953,1195,-1168,1196,-1166]],"type":"Polygon","properties":{"district":"LABUHANBATU SELATAN"}},{"arcs":[[-904,1197,-902,1198,-948,1199,-946,1200,-944,1201,-942,1202,-940,-1176,-709,1203,-724,-678,-1002]],"type":"Polygon","properties":{"district":"LABUHANBATU UTARA"}},{"arcs":[[1204,1205,-751,-759,1206,1207,1208,1209],[1211],[1212],[1214]],"type":"Polygon","properties":{"district":"NIAS UTARA"}},{"arcs":[[[-1047,1217,-1045,1218,-1209,1219,1220,-1207,-758],[1221],[1225],[1226],[1230]],[[1222]],[[1223]],[[1224]]],"type":"MultiPolygon","properties":{"district":"NIAS BARAT"}},{"arcs":[[[-836,1231,1232,-843,-842,1233,-840,1234,1235,-838,1236],[1244,1245],[1248],[1250],[1251]],[[-845,1237,1238,-834,1239]]],"type":"MultiPolygon","properties":{"district":"KOTA MEDAN"}},{"arcs":[[-895,-897,1254],[1255],[1259]],"type":"Polygon","properties":{"district":"KOTA PEMATANGSIANTAR"}},{"arcs":[[-665,1260]],"type":"Polygon","properties":{"district":"KOTA SIBOLGA"}},{"arcs":[[-923,1261,-921,1262,-919,1263,-917]],"type":"Polygon","properties":{"district":"KOTA TANJUNG BALAI"}},{"arcs":[[-777,-832,1264,-830,-780,1265,-779,1266],[1267],[1272]],"type":"Polygon","properties":{"district":"KOTA BINJAI"}},{"arcs":[[-1135,1273,-1134,1274,-1132,1275,-1130,1276],[1277],[1278]],"type":"Polygon","properties":{"district":"KOTA TEBING TINGGI"}},{"arcs":[[-727,-726,-731,-729,1279],[1280],[1281]],"type":"Polygon","properties":{"district":"KOTA PADANG SIDIMPUAN"}},{"arcs":[[[1282,-755,1283,-753,-752,-1206,1284]],[[-760]]],"type":"MultiPolygon","properties":{"district":"KOTA GUNUNGSITOLI"}},{"arcs":[[[1289,1290,1291,1292,1293,1294,1295,1296,1297,1298,1299,1300,1301,1302,1303,1304],[1288],[1310]],[[1307]]],"type":"MultiPolygon","properties":{"district":"PESISIR SELATAN"}},{"arcs":[[[-1301,-1299,1312,1313,1314,1315,1316,1317,1318,1319,1320,1321,1322,1323,1324,1325,1326],[1327],[1329]],[[1328]]],"type":"MultiPolygon","properties":{"district":"SOLOK"}},{"arcs":[[-1322,1330,1331,1332,1333,1334,1335,1336,1337,1338]],"type":"Polygon","properties":{"district":"SIJUNJUNG"}},{"arcs":[[1339,1340,1341,1342,1343,1344,1345,1346,1347,-1332,1348,-1320,1349,-1318,1350,1351,1352],[1353],[1354]],"type":"Polygon","properties":{"district":"TANAH DATAR"}},{"arcs":[[[1357,1358,1359,1360,1361,1362,1363,1364,1365,1366,1367,1368,1369,1370,1371,1372,1373,1374,1375,1376,-1346,1377,-1340,-1353,1378,-1351,-1317,1379,1380],[1381],[1383],[1384]],[[1382]]],"type":"MultiPolygon","properties":{"district":"PADANG PARIAMAN"}},{"arcs":[[-1375,1385,1386,1387,1388,1389,1390,-1347,-1377,1391],[1392],[1393],[1394],[1395],[1396],[1397,1398],[1399]],"type":"Polygon","properties":{"district":"AGAM"}},{"arcs":[[-1389,1400,1401,1402,-1334,1403,-1348,-1391,1404],[1405,1406],[1407],[1408]],"type":"Polygon","properties":{"district":"LIMA PULUH KOTA"}},{"arcs":[[-1388,1409,1410,1411,1412,-1022,-1188,-1186,1413,-1401],[1414]],"type":"Polygon","properties":{"district":"PASAMAN"}},{"arcs":[[[1415]],[[1416]],[[1417]],[[1418]],[[1419]]],"type":"MultiPolygon","properties":{"district":"KEPULAUAN MENTAWAI"}},{"arcs":[[1420,-1323,-1339,1421,-1337,1422,1423,1424,1425,1426,1427,1428],[1429],[1430]],"type":"Polygon","properties":{"district":"DHARMASRAYA"}},{"arcs":[[1431,-1304,1432,-1302,-1327,1433,1434,-1324,-1421,-1429,1435],[1437,1438]],"type":"Polygon","properties":{"district":"SOLOK SELATAN"}},{"arcs":[[-1025,1440,-1024,1441,-1412,1442,-1410,-1387,1443,1444,-1027,1445]],"type":"Polygon","properties":{"district":"PASAMAN BARAT"}},{"arcs":[[[1447,-1363,1448,-1361,1449,-1359,1450,-1315,1451,-1313,-1298,1452],[1456],[1458],[1459],[1460],[1461]],[[1457]]],"type":"MultiPolygon","properties":{"district":"KOTA PADANG"}},{"arcs":[[-1314,-1452]],"type":"Polygon","properties":{"district":"KOTA SOLOK"}},{"arcs":[[-1331,-1321,-1349],[1462],[1463],[1464],[1465]],"type":"Polygon","properties":{"district":"KOTA SAWAHLUNTO"}},{"arcs":[[-1342,1466,-1344,-1343]],"type":"Polygon","properties":{"district":"KOTA PADANG PANJANG"}},{"arcs":[[-1398,-1399]],"type":"Polygon","properties":{"district":"KOTA BUKITTINGGI"}},{"arcs":[[-1408],[1467],[1470]],"type":"Polygon","properties":{"district":"KOTA PAYAKUMBUH"}},{"arcs":[[1471,-1373,1472,-1371,1473,-1369,1474,-1367,1475,-1365,1476],[1477]],"type":"Polygon","properties":{"district":"KOTA PARIAMAN"}},{"arcs":[[1478,1479,1480,1481,1482,1483,-1335,-1403,1484,1485,1486,1487,1488,1489],[1497],[1498],[1501],[1502],[1503]],"type":"Polygon","properties":{"district":"KAMPAR"}},{"arcs":[[1504,1505,1506,1507,1508,1509,1510,1511,1512,1513,1514,1515,1516,1517,1518,1519,1520],[1521],[1522]],"type":"Polygon","properties":{"district":"INDRAGIRI HULU"}},{"arcs":[[[1524]],[[1525,1526,1527,1528,1529,1530,1531,1532,1533,1534],[1536],[1541],[1542]],[[1537]],[[1540]]],"type":"MultiPolygon","properties":{"district":"BENGKALIS"}},{"arcs":[[[1543,1544,-1507,1545,1546,1547,1548,1549,1550,1551,1552,1553],[1557],[1558],[1563],[1564],[1565],[1566],[1569],[1570],[1575],[1576],[1577],[1578]],[[1554,1555,1556]],[[1559]],[[1560]],[[1561]],[[1562]],[[1567,1568]]],"type":"MultiPolygon","properties":{"district":"INDRAGIRI HILIR"}},{"arcs":[[[-1515,1579,1580,1581,1582,-1480,1583,1584,1585,1586,1587,1588,1589,1590,1591,-1547,1592,-1505,-1521,-1519,1593,-1517,1594],[1597],[1598]],[[-1549,1595]],[[-1551,1596]],[[1599]]],"type":"MultiPolygon","properties":{"district":"PELALAWAN"}},{"arcs":[[-1414,-1185,-1170,1600,-1532,1601,-1485,-1402],[1602],[1603],[1604]],"type":"Polygon","properties":{"district":"ROKAN HULU"}},{"arcs":[[[1605,1606,1607,1608,1609,1610,1611,-1533,-1601,-1169,-1196,-952,1612,-950,1613],[1617,1618],[1619],[1621],[1622],[1625],[1626]],[[1614,1615,1616]],[[1629]],[[1630]],[[1631]]],"type":"MultiPolygon","properties":{"district":"ROKAN HILIR"}},{"arcs":[[-1528,-1527,1632,-1591,1633,-1589,1634,1635,-1587,1636,-1585,1637,1638,1639,-1489,1640,-1487,1641,-1530,1642],[1643],[1644],[1645],[1646],[1648],[1649]],"type":"Polygon","properties":{"district":"SIAK"}},{"arcs":[[-1423,-1336,-1484,1650,-1482,1651,-1582,1652,-1580,-1514,1653,-1513,1654],[1655],[1660],[1661],[1663],[1664]],"type":"Polygon","properties":{"district":"KUANTAN SINGINGI"}},{"arcs":[[[1665]],[[1666,1667],[1668]],[[1669]],[[1670]]],"type":"MultiPolygon","properties":{"district":"KEPULAUAN MERANTI"}},{"arcs":[[-1490,-1640,1671,-1638,-1584,-1479]],"type":"Polygon","properties":{"district":"KOTA PEKANBARU"}},{"arcs":[[1676,-1534,-1612,1677,-1610,1678,-1608,1679,1680,-1616,1681],[1682]],"type":"Polygon","properties":{"district":"KOTA DUMAI"}},{"arcs":[[1683,1684,1685,-1294,1686,-1292,1687,-1290,-1305,-1432,-1436,-1428,1688,1689,1690],[1691],[1692],[1699],[1700],[1702]],"type":"Polygon","properties":{"district":"KERINCI"}},{"arcs":[[-1685,1704,-1690,1705,1706,1707,1708,1709,1710,1711,1712,1713,1714,1715,1716,1717,1718],[1719]],"type":"Polygon","properties":{"district":"MERANGIN"}},{"arcs":[[-1713,-1712,1720,1721,1722,1723],[1724]],"type":"Polygon","properties":{"district":"SAROLANGUN"}},{"arcs":[[1726,1727,1728,1729,1730,1731,1732,-1722,1733,1734],[1736],[1737,1738],[1739]],"type":"Polygon","properties":{"district":"BATANGHARI"}},{"arcs":[[-1728,1740,1741,1742,1743,1744,1745,1746,1747,1748,1749,-1732,1750,-1730,1751],[1752,1753,1754,1755,1756,1757,1758,1759,1760,1761,1762,1763],[1767],[1771],[1772],[1774],[1778],[1780],[1781],[1782],[1784]],"type":"Polygon","properties":{"district":"MUARO JAMBI"}},{"arcs":[[1785,1786,-1741,-1727,-1735,1787,-1544,-1554,1788,-1555,-1557,1789],[1790],[1791],[1794],[1795],[1796]],"type":"Polygon","properties":{"district":"TANJUNG JABUNG BARAT"}},{"arcs":[[[1797,1798,-1746,1799,-1744,1800,1801,-1742,-1787,1802],[1807],[1809],[1810],[1811],[1812]],[[1804]]],"type":"MultiPolygon","properties":{"district":"TANJUNG JABUNG TIMUR"}},{"arcs":[[1814,1815,1816,1817,1818,-1710,-1708,1819,-1706,-1689,-1427,1820,-1425,1821],[1825],[1827],[1828],[1829],[1830],[1831],[1832],[1833]],"type":"Polygon","properties":{"district":"BUNGO"}},{"arcs":[[-1819,1836,-1817,1837,-1815,-1822,-1424,-1655,-1512,1838,-1510,1839,-1508,-1545,-1788,-1734,-1721,-1711]],"type":"Polygon","properties":{"district":"TEBO"}},{"arcs":[[1840,-1758,1841,-1756,-1754,1842,-1763,1843,-1761,1844,-1759,1845]],"type":"Polygon","properties":{"district":"KOTA JAMBI"}},{"arcs":[[-1687,-1293],[1849],[1850]],"type":"Polygon","properties":{"district":"KOTA SUNGAI PENUH"}},{"arcs":[[1851,1852,1853,1854,1855,1856,1857,1858,1859,1860,1861,1862,1863],[1864],[1865],[1866],[1867]],"type":"Polygon","properties":{"district":"OGAN KOMERING ULU"}},{"arcs":[[1868,1869,1870,1871,1872,1873,1874,1875,1876,1877,1878,1879,1880,1881,1882,1883,1884,1885,1886,1887,1888,1889,1890,1891,1892,1893,1894],[1895],[1896],[1897],[1899]],"type":"Polygon","properties":{"district":"OGAN KOMERING ILIR"}},{"arcs":[[[-1858,1900,1901,1902,1903,1904,1905,1906,1907,1908,1909,1910,1911,1912,1913,1914,1915,1916,1917]],[[1918,1919,1920,1921,1922,1923,1924,1925,1926,1927],[1928],[1929]]],"type":"MultiPolygon","properties":{"district":"MUARA ENIM"}},{"arcs":[[[1931,1932,1933,1934,1935,-1914,1936,-1912,1937,-1910,1938,-1907,1939,-1905,1940,-1904,1941,1942,1943,1944,1945,1946,1947,1948,1949],[1964],[1966],[1967],[1968],[1969],[1972],[1973],[1974],[1975],[1976],[1977],[1978],[1979,1980],[1981],[1982],[1984],[1986],[1988,1989],[1990]],[[-1908,1950]],[[1951,1952,1953,1954,1955,1956,1957]]],"type":"MultiPolygon","properties":{"district":"LAHAT"}},{"arcs":[[1992,1993,1994,1995,1996,1997,1998,1999,2000,2001,2002,2003,2004,-1915,-1936,2005,-1934,2006,2007,2008,2009,2010,2011,2012],[2013],[2016],[2017],[2019],[2022,2023],[2025],[2028],[2030],[2031],[2032],[2036],[2037],[2038],[2040],[2042],[2043],[2044],[2046],[2047],[2048]],"type":"Polygon","properties":{"district":"MUSI RAWAS"}},{"arcs":[[2052,-2004,2053,-2002,2054,-2000,2055,2056,-1723,-1733,-1750,2057,-1748,2058,2059,2060,2061,2062],[2063],[2064]],"type":"Polygon","properties":{"district":"MUSI BANYUASIN"}},{"arcs":[[2065,-1926,2066,-2062,2067,-2060,2068,-1881,2069,-1879,2070,2071,2072,2073,2074,2075,2076],[2077],[2078],[2081],[2082],[2083]],"type":"Polygon","properties":{"district":"BANYUASIN"}},{"arcs":[[[2085,-1861,-1860,2086,2087,2088,2089,2090,2091,-1869,-1895,2092,2093,2094,2095,2096,-1853,2097,-1863,2098],[2099],[2100],[2101],[2102],[2103],[2107],[2108],[2110],[2111],[2114],[2115]],[[2113]]],"type":"MultiPolygon","properties":{"district":"OGAN KOMERING ULU TIMUR"}},{"arcs":[[-1854,-2097,2118,2119,2120,2121,2122,2123,2124,2125,2126,2127,-1901,-1857,2128,-1855],[2129],[2130],[2131],[2132],[2133],[2134],[2135],[2136],[2139],[2142],[2143]],"type":"Polygon","properties":{"district":"OGAN KOMERING ULU SELATAN"}},{"arcs":[[-1859,-1918,2145,-1923,2146,-1921,-1919,-1928,2147,2148,-1877,2149,-1875,2150,-1873,2151,-1871,2152,-2091,2153,-2089,2154,-2087],[2155],[2156],[2157],[2160],[2161],[2163],[2164],[2168],[2169]],"type":"Polygon","properties":{"district":"OGAN ILIR"}},{"arcs":[[-1932,-1950,-1953,2170,2171,2172,2173,2174,2175,2176,2177,2178,2179,2180,2181,2182,-2009,2183,-2007,-1933],[2184],[2185],[2186],[2187],[2188],[2189]],"type":"Polygon","properties":{"district":"EMPAT LAWANG"}},{"arcs":[[-2053,-2063,-2067,-1925,2192,-1916,-2005]],"type":"Polygon","properties":{"district":"PENUKAL ABAB LEMATANG ILIR"}},{"arcs":[[-1724,-2057,2193,2194,-1998,2195,-1996,2196,-1714],[2197,2198],[2200],[2202],[2203],[2206],[2207,2208,2209]],"type":"Polygon","properties":{"district":"MUSI RAWAS UTARA"}},{"arcs":[[[-2066,-2077,-2076,2212,-2074,2213,-2072,2214,-2148,-1927],[2215],[2216]],[[2218]]],"type":"MultiPolygon","properties":{"district":"KOTA PALEMBANG"}},{"arcs":[[-1948,-1947,2219,-1945,2220,-1942,-1903,2221,2222,-1955,2223],[2224],[2228]],"type":"Polygon","properties":{"district":"KOTA PAGAR ALAM"}},{"arcs":[[2229,-1993,-2013,2230],[2231]],"type":"Polygon","properties":{"district":"KOTA LUBUKLINGGAU"}},{"arcs":[[-1917,-2193,-1924,-2146]],"type":"Polygon","properties":{"district":"KOTA PRABUMULIH"}},{"arcs":[[[-2223,2238,2239,2240,-1957,-1956],[2244],[2245],[2247],[2248],[2250]],[[2241]]],"type":"MultiPolygon","properties":{"district":"BENGKULU SELATAN"}},{"arcs":[[-2012,2258,-2010,-2183,2259,-2181,2260,2261,2262,2263,2264,2265,-1994,-2230,-2231],[2266],[2267],[2268],[2269],[2273],[2274],[2275],[2276],[2277]],"type":"Polygon","properties":{"district":"REJANG LEBONG"}},{"arcs":[[[2278,2279,2280,2281,2282,2283,2284,-2265,2285,-2263,2286],[2288]],[[2287]]],"type":"MultiPolygon","properties":{"district":"BENGKULU UTARA"}},{"arcs":[[2289,-2239,-2222,-1902,-2128,2290],[2291],[2292],[2294],[2295]],"type":"Polygon","properties":{"district":"KAUR"}},{"arcs":[[2296,2297,2298,2299,2300,2301,-2173,-2172,2302,-2171,-1952,-1958,-2241,2303,2304],[2307],[2308]],"type":"Polygon","properties":{"district":"SELUMA"}},{"arcs":[[-1295,-1686,-1719,2311,-1717,2312],[2313],[2314],[2318],[2319],[2320]],"type":"Polygon","properties":{"district":"MUKOMUKO"}},{"arcs":[[-2285,2321,-2283,2322,-2281,2323,-1715,-2197,-1995,-2266],[2325],[2327],[2329]],"type":"Polygon","properties":{"district":"LEBONG"}},{"arcs":[[-2176,-2300,2331,2332,2333,2334,-2261,-2180,2335,-2178,2336],[2337],[2341]],"type":"Polygon","properties":{"district":"KEPAHIANG"}},{"arcs":[[-2298,2343,2344,-2279,-2287,-2262,-2335,2345,-2333,2346]],"type":"Polygon","properties":{"district":"BENGKULU TENGAH"}},{"arcs":[[[-2295]],[[-2344,-2297,-2305,2347],[2348],[2349],[2350],[2351],[2352],[2354],[2358]]],"type":"MultiPolygon","properties":{"district":"KOTA BENGKULU"}},{"arcs":[[2359,2360,2361,2362,2363,2364,2365,2366,2367,2368,2369,2370,2371,2372,2373,2374,2375,2376,2377,2378],[2379],[2380],[2381],[2382],[2383],[2384],[2385],[2386],[2387],[2389],[2390],[2391],[2392],[2393]],"type":"Polygon","properties":{"district":"LAMPUNG SELATAN"}},{"arcs":[[[2394,2395,2396,2397,2398,2399,2400,2401,2402,2403,2404,2405,2406,2407,2408,2409,2410,2411,2412,2413,2414,2415,2416,2417,2418,2419,2420,2421,2422,2423,2424,2425,2426,2427,2428,2429,2430],[2431],[2435],[2442,2443,2444],[2445,2446,2447],[2453],[2454],[2458],[2459],[2460],[2467],[2469],[2470],[2473],[2480],[2486],[2487],[2494],[2495],[2500],[2512]],[[2432,2433,2434]],[[2436]],[[2437,2438,2439,2440,2441]],[[2448,2449,2450,2451,2452]],[[2455,2456]],[[2457]],[[2461,2462,2463]],[[2464,2465,2466]],[[2468]],[[2471]],[[2472]],[[2474,2475,2476,2477]],[[2483,2484,2485]],[[2488]],[[2489,2490,2491]],[[2493]],[[2496,2497,2498,2499]],[[2501]],[[2502,2503,2504,2505,2506]],[[2507,2508,2509]],[[2510,2511]],[[2513,2514]],[[2515]]],"type":"MultiPolygon","properties":{"district":"LAMPUNG TENGAH"}},{"arcs":[[[2516,2517,-2476,2518,2519,2520,2521,2522,2523,2524,-2463,2525,-2497,2526,2527,2528,-2491,2529,-2411,2530,-2484,-2486,2531,-2409,2532,-2405,2533,-2403,2534,-2433,-2435,2535,-2401,2536,-2508,-2510,2537,-2399,2538,2539,2540,2541],[-2437],[2543,-2438,-2442,2544,-2440,2545,2546,2547,2548,2549],[2552,-2449,-2453,2553,2554,-2451,2555],[-2456,2556],[-2458],[-2469],[-2472],[-2473],[-2489],[-2494],[-2516],[2566],[2567,2568,2569],[2570],[2572],[2573],[2574],[2583]],[[-2436]],[[-2426,2542]],[[-2443,-2445,2550]],[[-2446,-2448,2551]],[[-2455]],[[-2468]],[[-2488]],[[-2407,2557]],[[-2495]],[[-2415,2558]],[[-2499,2559]],[[-2504,2560]],[[-2515,2561]],[[-2417,2562,2563]],[[2571]],[[2575,2576,2577]],[[2578,2579,2580]],[[2581]]],"type":"MultiPolygon","properties":{"district":"LAMPUNG UTARA"}},{"arcs":[[2584,2585,2586,-2126,2587,-2124,2588,-2122,2589,-2540,2590,-2397,2591,2592,2593],[2594],[2595],[2596],[2598],[2599],[2600,2601],[2602],[2603],[2604],[2605],[2606],[2609]],"type":"Polygon","properties":{"district":"LAMPUNG BARAT"}},{"arcs":[[2611,2612,2613,2614,2615,2616,2617,2618,2619,-1883,2620,-2413,2621,2622,2623],[2624],[2625],[2626],[2627],[2628],[2629,2630]],"type":"Polygon","properties":{"district":"TULANG BAWANG"}},{"arcs":[[[2631,-2593,2632,2633,2634,2635,2636,2637,2638,2639,2640,2641],[2642],[2644],[2650],[2654],[2655],[2658],[2660],[2661]],[[2653]]],"type":"MultiPolygon","properties":{"district":"TANGGAMUS"}},{"arcs":[[2662,-2371,-2370,2663,-2368,2664,-2366,2665,-2420,2666],[2667],[2668],[2669],[2670],[2671],[2673],[2674],[2675],[2682]],"type":"Polygon","properties":{"district":"LAMPUNG TIMUR"}},{"arcs":[[[-2120,2684,-2095,2685,-2094,2686,2687,2688,2689,2690,2691,2692,2693,-2527,-2500,-2560,-2498,-2526,-2462,-2464,-2525,2694,-2519,-2475,-2478,2695,-2517,-2542,2696,-2465,-2467,2697,-2579,-2581,2698],[-2502],[2701,2702,-2505,-2561,-2503,-2507,2703],[-2511,-2512],[-2514,-2562],[-2572],[-2578,2708,-2576],[-2582],[2711],[2716],[2717],[2719]],[[-2365,2699,-2422,2700]],[[-2434,-2535,-2402,-2536]],[[-2450,-2553,-2556]],[[-2454]],[[-2459]],[[-2474]],[[-2485,-2531,-2410,-2532]],[[-2447,-2552]],[[-2406,-2533,-2408,-2558]],[[-2496]],[[-2400,-2538,-2509,-2537]],[[-2418,-2564,2704]],[[-2569,2705]],[[-2521,2706,-2523,2707]],[[-2549,2709,-2547,2710]]],"type":"MultiPolygon","properties":{"district":"WAY KANAN"}},{"arcs":[[[2720,-2641,2721,2722,2723,2724,2725,2726,2727,2728,2729,-2427,-2543,-2425,2730,-2423,-2700,-2364,2731,-2362,2732,2733,2734],[2735],[2739,2740],[2741],[2742],[2743],[2744],[2745],[2746]],[[2747]],[[2748]],[[2749,2750,2751]],[[2752]]],"type":"MultiPolygon","properties":{"district":"PESAWARAN"}},{"arcs":[[-2725,2753,-2723,2754,-2639,2755,-2637,2756,-2636,2757,-2634,2758,-2395,-2431,2759,2760,-2428,-2730,2761,-2728,-2727,2762],[2763],[2764],[2770],[2774],[2775]],"type":"Polygon","properties":{"district":"PRINGSEWU"}},{"arcs":[[-1888,2776,-1886,2777,-1884,-2620,2778,-2618,-2617,2779,2780,-2614,-2613,2781,2782,2783,2784,2785,2786,-1893,2787,-1891,2788,2789],[2790]],"type":"Polygon","properties":{"district":"MESUJI"}},{"arcs":[[-2412,-2530,-2490,-2492,-2529,2791,-2693,2792,-2691,2793,-2689,2794,-2786,2795,-2784,2796,-2782,-2612,-2624,2797,-2622],[2798],[2799],[2800],[2802],[2803],[2804,2805],[2809],[2810],[2811],[2812]],"type":"Polygon","properties":{"district":"TULANG BAWANG BARAT"}},{"arcs":[[[2813,-2586,2814]],[[2816]]],"type":"MultiPolygon","properties":{"district":"PESISIR BARAT"}},{"arcs":[[-2379,2817,-2377,2818,-2375,2819,-2373,2820,-2750,-2752,2821,-2734,2822,-2360],[2823],[2826],[2830],[2831],[2833]],"type":"Polygon","properties":{"district":"KOTA BANDAR LAMPUNG"}},{"arcs":[[-2421,-2666,-2701]],"type":"Polygon","properties":{"district":"KOTA METRO"}},{"arcs":[[2836,2837,2838,2839,2840,2841],[2842],[2845],[2846]],"type":"Polygon","properties":{"district":"BANGKA"}},{"arcs":[[2848,2849,2850,2851,2852]],"type":"Polygon","properties":{"district":"BELITUNG"}},{"arcs":[[[2853,2854,2855,2856,2857]],[[2858]],[[2859]]],"type":"MultiPolygon","properties":{"district":"BANGKA SELATAN"}},{"arcs":[[2863,-2857,2864,-2855,2865,-2839,2866,2867,2868,2869]],"type":"Polygon","properties":{"district":"BANGKA TENGAH"}},{"arcs":[[2870,-2841,2871]],"type":"Polygon","properties":{"district":"BANGKA BARAT"}},{"arcs":[[[2872,-2852,2873,-2850,2874]],[[2875]]],"type":"MultiPolygon","properties":{"district":"BELITUNG TIMUR"}},{"arcs":[[-2867,-2838,2876,-2869,2877],[2878],[2879],[2880],[2881],[2884]],"type":"Polygon","properties":{"district":"KOTA PANGKALPINANG"}},{"arcs":[[[2885,2886,2887]],[[2888]],[[2889]]],"type":"MultiPolygon","properties":{"district":"BINTAN"}},{"arcs":[[[2890]],[[2891]],[[2892,2893]],[[2894]],[[2895]],[[2896]],[[2897]]],"type":"MultiPolygon","properties":{"district":"KARIMUN"}},{"arcs":[[[2898]],[[2899]],[[2900]],[[2901]],[[2902]],[[2903]],[[2904]],[[2905]],[[2906]],[[2907]],[[2908]]],"type":"MultiPolygon","properties":{"district":"NATUNA"}},{"arcs":[[[2909]],[[2910]],[[2911]],[[2912]],[[2913]],[[2914]],[[2915]],[[2916]]],"type":"MultiPolygon","properties":{"district":"LINGGA"}},{"arcs":[[[2917]],[[2918]],[[2919]],[[2920]],[[2921]],[[2922]]],"type":"MultiPolygon","properties":{"district":"KEPULAUAN ANAMBAS"}},{"arcs":[[[2923],[2924]],[[2925]]],"type":"MultiPolygon","properties":{"district":"KOTA BATAM"}},{"arcs":[[[2926,-2887,2927]],[[2928]]],"type":"MultiPolygon","properties":{"district":"KOTA TANJUNGPINANG"}},{"type":null,"properties":{"district":"KEPULAUAN SERIBU"}},{"arcs":[[2935,2936,2937,2938,2939,2940,2941,2942,2943,2944,2945,2946,2947,2948,2949,2950],[2929],[2930],[2934],[2952],[2953],[2954],[2958],[2960]],"type":"Polygon","properties":{"district":"JAKARTA PUSAT"}},{"arcs":[[[2961,2962,2963,2964,2965,-2945,2966,-2943,2967,-2941,2968,-2939,2969,2970],[2977],[2979]],[[2971,2972,2973,2974,2975,2976]]],"type":"MultiPolygon","properties":{"district":"JAKARTA UTARA"}},{"arcs":[[2981,2982,2983,2984,2985,2986,2987,-2972,-2977,2988,-2975,2989,-2970,-2938,2990,-2936,-2951,2991,2992,2993,2994,2995,2996,2997,2998,2999],[3000],[3002]],"type":"Polygon","properties":{"district":"JAKARTA BARAT"}},{"arcs":[[3005,3006,3007,3008,3009,3010,3011,3012,3013,3014,3015,3016,3017,3018,3019,3020,3021,3022,-2996,3023,-2994,3024,-2992,-2950,3025,-2949,3026,3027],[3032],[3034],[3037],[3041],[3042],[3043],[3047]],"type":"Polygon","properties":{"district":"JAKARTA SELATAN"}},{"arcs":[[-2946,-2966,3048,-2964,3049,3050,3051,3052,3053,3054,3055,3056,3057,3058,3059,3060,-3010,3061,-3008,3062,-3007,3063,-3027,-2948,3064]],"type":"Polygon","properties":{"district":"JAKARTA TIMUR"}},{"arcs":[[3070,3071,3072,3073,3074,3075,3076,3077,3078,3079,3080,3081,3082,3083,3084,3085,3086,3087,3088,3089,3090,3091,3092,3093,3094,3095,3096,3097,3098,3099,3100,3101,3102,3103,3104,3105,3106,3107,3108,3109,3110,3111,3112,3113,3114,3115],[3118],[3119],[3121,3122,3123,3124,3125,3126,3127,3128,3129,3130,3131],[3132],[3135],[3137],[3138],[3139,3140],[3145],[3146],[3147],[3149],[3151],[3153],[3154],[3157],[3160]],"type":"Polygon","properties":{"district":"BOGOR"}},{"arcs":[[3161,3162,3163,3164,3165,3166,-3101,3167,-3100,3168,-3097,3169,3170,3171,3172,3173,3174,3175,3176,3177,3178,3179,3180,3181,3182,3183,3184,3185],[3186],[3187],[3188],[3191],[3192],[3193],[3196],[3200],[3201],[3202,3203],[3205,3206],[3209,3210,3211],[3217],[3218],[3219],[3220],[3221,3222,3223,3224,3225,3226,3227,3228,3229,3230,3231,3232,3233,3234,3235,3236,3237],[3239],[3242],[3243],[3250]],"type":"Polygon","properties":{"district":"SUKABUMI"}},{"arcs":[[-3171,3251,-3095,3252,-3093,3253,-3091,3254,3255,3256,3257,3258,3259,3260,3261,3262,-3185,3263,-3183,3264,-3181,-3179,3265,-3177,3266,-3175,3267,-3173,3268],[3269],[3276],[3277],[3280],[3281],[3283],[3284]],"type":"Polygon","properties":{"district":"CIANJUR"}},{"arcs":[[[3286,3287,3288,3289,3290,3291,3292,3293,3294,-3259,3295,3296,3297,3298,3299,3300,3301,3302,3303,3304,3305,3306,3307,3308,3309,3310,3311,3312,3313,3314,3315,3316,3317],[3337],[3339,3340,3341,3342,3343,3344,3345,3346],[3347],[3353],[3354]],[[3318,3319,3320,3321,3322,3323,3324,3325,3326,3327,3328,3329,3330,3331]]],"type":"MultiPolygon","properties":{"district":"BANDUNG"}},{"arcs":[[3355,3356,-3262,3357,-3260,-3295,-3294,3358,3359,3360,3361,3362,3363,3364,3365,3366,3367],[3368],[3369],[3370],[3371],[3376],[3379],[3380],[3381],[3382],[3383],[3385],[3386],[3388],[3390],[3393],[3395],[3396],[3397],[3400],[3401],[3402],[3404]],"type":"Polygon","properties":{"district":"GARUT"}},{"arcs":[[-3356,-3368,3405,-3366,3406,-3364,3407,-3362,3408,3409,3410,3411,3412,3413,3414,3415,3416,3417,3418,3419,3420,3421,3422,3423,3424,3425,3426,3427,3428,3429,3430],[3432],[3433],[3434,3435],[3437],[3438],[3443]],"type":"Polygon","properties":{"district":"TASIKMALAYA"}},{"arcs":[[[-3426,3444,3445,3446,3447,3448,3449,3450,3451,-3418,3452,-3416,3453,-3414,3454,3455,3456,3457,3458,3459,3460,3461,3462,3463,3464,3465,3466,3467,3468,3469,3470,3471,3472,3473,3474,3475],[3476],[3478],[3479],[3480],[3486,3487]],[[3488]]],"type":"MultiPolygon","properties":{"district":"CIAMIS"}},{"arcs":[[-3461,3491,3492,3493,3494,3495,3496,3497,3498,3499,3500,3501,3502,3503,3504,3505,3506,3507,3508,3509,3510,3511,3512,3513],[3514],[3515]],"type":"Polygon","properties":{"district":"KUNINGAN"}},{"arcs":[[[3521,3522,3523,3524,3525,3526,3527,3528,3529,3530,-3507,3531],[3577,3578],[3579],[3580],[3583],[3585],[3586],[3587],[3588],[3589],[3590],[3593],[3634],[3636]],[[3532,-3500,3533,-3498,3534,-3496,3535,-3494,3536,3537,3538,3539,3540,3541,3542,3543,3544,3545,3546,3547,3548,3549,3550,3551,3552,3553,3554,3555,3556,3557,3558,3559,3560,3561,3562,3563,3564,3565,3566,3567,3568,3569,3570,3571,3572,3573],[3591],[3592],[3595],[3597],[3601],[3602],[3603],[3604],[3605],[3606],[3607],[3609],[3610],[3612],[3613],[3615],[3616],[3617],[3618],[3619],[3620],[3621],[3622],[3627],[3631]],[[-3502,3574,3575,-3504,3576]],[[3594]],[[3630]],[[3641]]],"type":"MultiPolygon","properties":{"district":"CIREBON"}},{"arcs":[[-3410,3642,3643,3644,3645,3646,-3552,3647,-3550,3648,-3548,3649,-3546,3650,-3544,3651,-3542,3652,-3540,3653,-3538,3654,-3492,-3460,3655,-3458,3656,-3456,3657,-3412,3658],[3659],[3661,3662],[3663],[3664,3665]],"type":"Polygon","properties":{"district":"MAJALENGKA"}},{"arcs":[[-3643,-3409,-3361,3666,-3359,-3293,3667,-3291,3668,-3289,3669,-3287,-3318,3670,3671,3672,3673,3674,3675,3676,-3646,-3645,3677],[3678],[3680],[3681]],"type":"Polygon","properties":{"district":"SUMEDANG"}},{"arcs":[[3682,3683,3684,3685,3686,3687,3688,3689,3690,-3565,3691,-3563,3692,-3561,3693,-3559,3694,-3557,3695,-3556,3696,3697,-3553,-3647,-3677,-3675,3698,-3673,3699,3700],[3701],[3702],[3704],[3706],[3707],[3708],[3709],[3710],[3713],[3714],[3715],[3716],[3717],[3719],[3720],[3721],[3724],[3725]],"type":"Polygon","properties":{"district":"INDRAMAYU"}},{"arcs":[[[3727,3728,3729,3730,3731,3732,3733,-3690,3734,-3688,3735,-3686,3736,-3684,3737,-3700,-3672,3738,3739],[3743],[3744],[3745],[3746],[3748],[3749],[3750],[3751,3752],[3758],[3759],[3761],[3762],[3763],[3764],[3765],[3766],[3767],[3770]],[[3747]]],"type":"MultiPolygon","properties":{"district":"SUBANG"}},{"arcs":[[-3731,3771,-3729,3772,3773,3774,3775,-3255,-3090,3776,3777,3778,3779,3780],[3782],[3783],[3786],[3787],[3788],[3789],[3794]],"type":"Polygon","properties":{"district":"PURWAKARTA"}},{"arcs":[[3798,3799,3800,3801,3802,3803,3804,3805,3806,3807,3808,-3733,3809,-3732,-3781,3810,-3779,3811,-3777,-3089,3812,-3087,3813,-3085,3814,-3083,3815,-3081,3816],[3817],[3818],[3820],[3821],[3826],[3827]],"type":"Polygon","properties":{"district":"KARAWANG"}},{"arcs":[[-2963,3828,-3808,3829,-3806,3830,-3804,-3802,3831,3832,-3799,-3817,-3080,3833,-3078,3834,-3076,3835,3836,-3073,3837,3838,3839,3840,3841,3842,-3050],[3846],[3849],[3851],[3852,3853],[3855],[3857],[3859],[3860],[3861]],"type":"Polygon","properties":{"district":"BEKASI"}},{"arcs":[[3863,3864,3865,3866,3867,-3308,3868,3869,3870,-3306,3871,-3304,3872,3873,3874,-3300,3875,-3298,3876,-3296,-3258,-3257,3877,-3775,3878,-3773,-3728,-3740,3879,-3328,3880],[3883],[3887],[3889],[3901],[3902],[3903]],"type":"Polygon","properties":{"district":"BANDUNG BARAT"}},{"arcs":[[3904,-3430,-3428,3905,3906,-3475,3907,-3473,3908,3909,3910],[3911],[3912],[3918]],"type":"Polygon","properties":{"district":"PANGANDARAN"}},{"arcs":[[-3130,3919,-3128,3920,-3126,3921,-3124,3922,-3122,-3132],[3924],[3925],[3926]],"type":"Polygon","properties":{"district":"KOTA BOGOR"}},{"arcs":[[-3236,3936,-3234,3937,-3232,-3230,3938,-3228,3939,-3226,-3224,3940,-3222,-3238,3941],[3942],[3943],[3947],[3949],[3952]],"type":"Polygon","properties":{"district":"KOTA SUKABUMI"}},{"arcs":[[3953,-3865,3954,-3326,3955,3956,-3323,3957,-3321,3958,-3319,-3332,3959,-3330,3960,-3315,3961,-3313,-3312,-3310,3962,3963,3964,3965,3966],[3970],[3971],[3973],[3974],[3977],[3981],[3987],[3988],[3990],[3991],[3992]],"type":"Polygon","properties":{"district":"KOTA BANDUNG"}},{"arcs":[[-3569,3996,-3567,3997,-3573,3998,-3571],[4001]],"type":"Polygon","properties":{"district":"KOTA CIREBON"}},{"arcs":[[-3841,4002,-3839,-3838,-3072,4003,-3058,-3056,4004,-3054,4005,-3052,-3051,-3843],[4008]],"type":"Polygon","properties":{"district":"KOTA BEKASI"}},{"arcs":[[-3059,-4004,-3071,-3116,4011,-3114,-3113,4012,4013,-3012,-3011,-3061,4014]],"type":"Polygon","properties":{"district":"KOTA DEPOK"}},{"arcs":[[-3309,-3868,4023,4024,-3966,4025,-3964,-3963]],"type":"Polygon","properties":{"district":"KOTA CIMAHI"}},{"arcs":[[[-3450,4026,4027,-3447,4028,-3445,-3425,4029,-3423,4030,-3421,-3419,-3452,4031],[4036],[4037],[4038]],[[4032]]],"type":"MultiPolygon","properties":{"district":"KOTA TASIKMALAYA"}},{"arcs":[[-3465,4039,-3463,4040,4041,4042,4043,4044,-3471,4045,-3469,4046,-3467,4047]],"type":"Polygon","properties":{"district":"KOTA BANJAR"}},{"arcs":[[-3909,-3472,-4045,-4043,4050,-4041,-3462,-3514,4051,4052,4053,4054,4055,4056,4057,4058,4059,4060,4061,4062,4063,4064,4065,4066,4067,4068,4069,4070,-3910],[4072],[4073],[4076],[4078],[4080],[4081],[4084],[4087],[4088]],"type":"Polygon","properties":{"district":"CILACAP"}},{"arcs":[[-4063,4097,-4061,4098,-4059,4099,4100,4101,4102,4103,4104,4105,4106,4107,4108,4109,4110,4111,4112,4113,4114,4115,4116,4117,4118,4119,4120,4121,4122,-4068,4123,-4066,-4065],[4124],[4128],[4130],[4132],[4135],[4136],[4138],[4140],[4142],[4143],[4147],[4148],[4150],[4151],[4153],[4155]],"type":"Polygon","properties":{"district":"BANYUMAS"}},{"arcs":[[-4110,4160,-4108,4161,4162,4163,4164,4165,4166,4167,4168],[4170],[4171],[4176],[4178],[4185]],"type":"Polygon","properties":{"district":"PURBALINGGA"}},{"arcs":[[4186,4187,-4111,-4169,-4167,4188,-4165,4189,4190,4191,4192,4193,4194,4195,4196,4197,4198,4199,4200,4201,4202,4203,4204,4205,4206,4207,4208,4209,4210,4211,4212],[4214],[4215],[4218],[4220],[4221],[4222],[4227],[4228],[4231]],"type":"Polygon","properties":{"district":"BANJARNEGARA"}},{"arcs":[[4232,-4070,-4069,-4123,4233,-4121,4234,-4119,4235,-4117,4236,-4115,4237,-4113,4238,-4187,-4213,4239,4240,4241,4242,4243,4244,4245,4246,4247,4248,4249,4250,4251,4252,4253,4254,4255,4256,4257,4258,4259],[4265],[4266],[4269],[4270],[4271],[4272],[4277],[4279],[4280],[4281],[4282]],"type":"Polygon","properties":{"district":"KEBUMEN"}},{"arcs":[[4283,-4259,4284,-4257,4285,-4255,4286,4287,-4253,4288,-4251,4289,-4249,4290,4291,4292,4293,4294,4295,4296,4297,4298,4299,4300,4301,4302,4303,4304],[4305,4306],[4310],[4312],[4314],[4315],[4320],[4322],[4323],[4325],[4326,4327],[4328],[4331],[4332],[4334],[4335],[4337],[4339],[4342],[4343],[4344,4345]],"type":"Polygon","properties":{"district":"PURWOREJO"}},{"arcs":[[-4240,-4212,-4211,-4209,4352,-4207,4353,-4205,4354,-4203,4355,-4201,4356,-4199,4357,-4197,4358,4359,4360,4361,4362,4363,4364,4365,4366,-4294,4367,-4292,4368,-4246,4369,-4244,4370,-4242,4371],[4372],[4375],[4377],[4380]],"type":"Polygon","properties":{"district":"WONOSOBO"}},{"arcs":[[[-4297,-4295,-4367,4383,-4365,4384,4385,4386,4387,4388,4389,4390,4391,4392,4393,4394,4395,4396,4397,4398,4399],[4400],[4401],[4402],[4403],[4405],[4406],[4407],[4409],[4410],[4415,4416,4417,4418,4419],[4420],[4421],[4422],[4423],[4427],[4428],[4429],[4430],[4431],[4432],[4433]],[[4404]]],"type":"MultiPolygon","properties":{"district":"MAGELANG"}},{"arcs":[[[-4393,4438,4439,4440,4441,4442,4443,4444,4445,4446,4447,4448,4449,4450,4451,4452,4453,4454,4455,4456,4457,4458,4459,4460,4461,4462,4463,4464,4465,4466,4467,4468,4469,4470,4471,4472,4473,4474,4475,4476,4477,4478,4479,4480,4481,4482,4483,4484,4485,4486,4487,4488,4489,4490,4491,4492,4493,4494,4495,4496,4497],[4501,4502],[4503],[4506],[4508],[4509],[4510,4511],[4513],[4523],[4526],[4527],[4528]],[[4504,4505]]],"type":"MultiPolygon","properties":{"district":"BOYOLALI"}},{"arcs":[[[4529,4530,-4496,4531,-4494,4532,-4506,4533,-4492,4534,-4490,4535,-4488,-4487,4536,4537,4538,4539,4540,4541,4542,4543,4544,4545,4546,4547,4548,4549,4550,4551,4552,4553,4554,4555,4556,4557,4558,4559,4560,4561,4562,4563,4564],[4565],[4568],[4569],[4570],[4574],[4575],[4578],[4579],[4580],[4581],[4583],[4585],[4586],[4587],[4588],[4589],[4590],[4591],[4592,4593],[4594],[4597],[4598],[4600,4601],[4602],[4603],[4607],[4610,4611],[4614],[4615],[4617],[4621],[4622],[4624],[4625],[4627],[4629],[4630],[4632],[4634],[4636],[4637],[4638],[4639],[4640]],[[4576]],[[4577]]],"type":"MultiPolygon","properties":{"district":"KLATEN"}},{"arcs":[[[-4552,4641,-4550,4642,-4548,4643,-4546,4644,-4545,4645,-4543,4646,-4541,4647,-4539,4648,-4537,-4486,-4485,4649,4650,4651,4652,4653,4654,4655,4656,4657,4658,4659,4660,4661,4662,4663,4664,4665,4666,4667,4668,4669,4670,4671,4672,4673,4674,4675,4676,4677,4678],[4679],[4681],[4682],[4686],[4687],[4688],[4689]],[[4690,4691,4692,4693,4694]]],"type":"MultiPolygon","properties":{"district":"SUKOHARJO"}},{"arcs":[[4695,-4678,4696,-4676,4697,-4674,4698,4699,4700,4701,4702,4703,4704,4705,4706,4707,4708,4709,4710,4711,4712,4713,4714,4715,4716,4717],[4718],[4721],[4722],[4723],[4731],[4733]],"type":"Polygon","properties":{"district":"WONOGIRI"}},{"arcs":[[[-4482,4734,4735,-4695,4736,-4693,4737,4738,-4652,4739]],[[-4704,4740,-4702,4741,-4700,-4699,-4673,4742,-4671,4743,-4669,4744,4745,-4666,4746,4747,4748,-4480,4749,4750,4751,4752,4753,4754,4755,4756,4757,4758,4759,4760,4761,4762,4763,4764,4765,4766,4767,4768,4769,4770,4771,4772,4773,-4708,4774,-4706,4775],[4777],[4781],[4785]]],"type":"MultiPolygon","properties":{"district":"KARANGANYAR"}},{"arcs":[[[-4479,4786,-4477,4787,4788,-4474,4789,-4472,4790,4791,4792,4793,4794,4795,4796,4797,4798,4799,4800,4801,4802,4803,4804,4805,4806,4807,4808,-4768,4809,-4766,4810,-4764,4811,-4762,4812,-4760,4813,-4758,4814,-4756,4815,-4754,4816,-4752,4817,-4750],[4819],[4820],[4821],[4822],[4825],[4827]],[[-4470,4818]]],"type":"MultiPolygon","properties":{"district":"SRAGEN"}},{"arcs":[[-4466,4828,4829,4830,4831,4832,4833,4834,4835,4836,4837,4838,4839,4840,4841,4842,4843,4844,4845,4846,4847,4848,4849,4850,4851,-4803,4852,-4801,-4799,4853,-4797,4854,-4795,4855,-4468,4856],[4857,4858],[4860],[4861],[4862],[4865],[4866],[4867]],"type":"Polygon","properties":{"district":"GROBOGAN"}},{"arcs":[[[-4850,4871,4872,-4847,4873,4874,4875,4876,4877,4878,4879,4880,4881,4882,4883,4884,4885,4886,4887,4888,4889,4890,4891,4892],[4893],[4894],[4895],[4896],[4897],[4899],[4900],[4901],[4902],[4903],[4904],[4908],[4909],[4910],[4911],[4916]],[[4898]]],"type":"MultiPolygon","properties":{"district":"BLORA"}},{"arcs":[[[-4876,4917,4918,4919,4920,4921,4922,4923,4924,4925,4926,4927,4928,4929,-4881,-4880,4930,-4878,4931],[4934],[4935],[4936],[4937],[4940],[4943,4944],[4946],[4949],[4951],[4953],[4954],[4955],[4956],[4958],[4961],[4962],[4964]],[[4945]]],"type":"MultiPolygon","properties":{"district":"REMBANG"}},{"arcs":[[[-4843,-4841,4966,4967,4968,4969,4970,4971,4972,4973,4974,4975,4976,4977,4978,-4923,4979,-4920,4980,-4918,-4875,4981,-4845,4982],[4984],[4986],[4987],[4989],[4995],[4996],[4999],[5001],[5004],[5008],[5009],[5010,5011],[5012],[5013],[5014],[5016],[5020,5021],[5023],[5026],[5027],[5028,5029],[5031],[5032],[5033],[5034],[5035],[5036],[5037],[5038],[5039],[5040],[5041],[5042]],[[5015]]],"type":"MultiPolygon","properties":{"district":"PATI"}},{"arcs":[[[-4840,5043,-4967]],[[5044,5045,5046,5047,5048,5049,5050,-4974,5051,-4973,5052,-4971,5053,-4969,5054,5055,5056,5057,5058,5059,5060,5061,5062,5063],[5064],[5069],[5072],[5073],[5074],[5076],[5077],[5079],[5080],[5081],[5082],[5085]]],"type":"MultiPolygon","properties":{"district":"KUDUS"}},{"arcs":[[[5087,5088,5089,-4975,-5051,5090,-5049,5091,5092,5093,5094,5095,5096,5097,5098,5099,5100],[5102],[5107],[5108],[5109],[5110],[5111,5112],[5113],[5116],[5117],[5118],[5121],[5122],[5124]],[[-4978,5101]]],"type":"MultiPolygon","properties":{"district":"JEPARA"}},{"arcs":[[5125,5126,5127,5128,5129,5130,5131,5132,5133,5134,5135,5136,5137,5138,5139,5140,-5088,-5101,5141,-5099,-5098,5142,-5096,-5095,5143,-5093,5144,-5047,5145,-5045,-5064,5146,-5061,5147,-5059,5148,-5057,5149,-4838,5150,-4836,5151,-4834,5152,5153,5154],[5156],[5157],[5161],[5163],[5166],[5167],[5170]],"type":"Polygon","properties":{"district":"DEMAK"}},{"arcs":[[[-4441,-4391,5171,-4389,5172,5173,5174,5175,5176,5177,5178,5179,5180,5181,5182,5183,5184,-5127,5185,-5153,-4833,5186,-4831,5187,-4829,-4465,5188,-4463,5189,-4461,5190,-4459,5191,-4449,5192,-4447,5193,5194,5195,5196,5197,5198,5199,5200,5201,-4443,5202],[5208],[5209],[5210],[5211],[5212],[5213],[5214],[5215],[5217],[5218],[5220],[5221],[5222]],[[-4457,5203,-4455,5204,-4453,5205,-4451,5206],[5223]],[[5225]],[[5226,5227,5228,5229,5230]]],"type":"MultiPolygon","properties":{"district":"SEMARANG"}},{"arcs":[[[-4387,5231,-4385,-4364,5232,-4362,5233,5234,5235,5236,5237,5238,-5174,5239],[5242],[5243],[5244],[5245],[5246,5247],[5248],[5251],[5254],[5255],[5256,5257],[5258],[5261],[5262],[5265],[5266],[5267],[5269],[5271],[5273],[5280],[5281],[5283],[5284],[5290,5291],[5292],[5294],[5295],[5296],[5300],[5301],[5302],[5308],[5309]],[[5305,5306,5307]]],"type":"MultiPolygon","properties":{"district":"TEMANGGUNG"}},{"arcs":[[[-4361,5310,5311,5312,5313,5314,5315,5316,5317,5318,5319,5320,5321,5322,5323,5324,5325,5326,5327,5328,5329,5330,-5229,5331,-5177,5332,-5237,5333,-5306,-5308,5334,-5235,5335,-5234],[5336],[5337],[5340],[5345],[5346],[5347],[5350],[5351],[5353],[5355,5356],[5358],[5359],[5361],[5368]],[[5354]],[[5365]]],"type":"MultiPolygon","properties":{"district":"KENDAL"}},{"arcs":[[5369,5370,5371,5372,5373,5374,5375,5376,5377,5378,5379,5380,-5322,5381,-5318,-5316,5382,-5314,5383,-5312,5384,-4359,-4196,5385],[5389],[5390],[5394,5395],[5396],[5397],[5398],[5401],[5402],[5404],[5405],[5406]],"type":"Polygon","properties":{"district":"BATANG"}},{"arcs":[[[-4164,5407,5408,5409,5410,5411,5412,5413,5414,5415,5416,5417,5418,5419,5420,5421,5422,5423,5424,5425,-5378,5426,-5376,5427,-5374,5428,5429,5430,-5370,-5386,-4195,5431,-4193,5432,-4191,-4190],[5433],[5436],[5438],[5442],[5443],[5444],[5445],[5448]],[[5435]]],"type":"MultiPolygon","properties":{"district":"PEKALONGAN"}},{"arcs":[[[5449,5450,5451,5452,5453,5454,-5413,5455,5456,-5410,5457,-5408,-4163,5458,-4162,-4107,5459,-4105,5460,5461,5462],[5465],[5467,5468],[5469],[5471],[5472],[5473],[5474],[5475],[5476],[5477],[5481],[5483],[5485],[5486],[5489],[5490]],[[5464]]],"type":"MultiPolygon","properties":{"district":"PEMALANG"}},{"arcs":[[5494,5495,5496,5497,5498,5499,5500,5501,5502,5503,5504,5505,5506,-5453,5507,-5451,5508,-5461,-4104,5509],[5511],[5516],[5517],[5520],[5521],[5522],[5524],[5526],[5529],[5530],[5531],[5533],[5538],[5540],[5544,5545],[5547]],"type":"Polygon","properties":{"district":"TEGAL"}},{"arcs":[[-4052,-3513,5552,-3511,5553,-3509,5554,-3530,5555,-3527,5556,-3525,5557,-3523,5558,5559,-5499,5560,-5497,5561,-5495,-5510,-4103,5562,-4101,5563,5564,-4056,5565,-4054,5566],[5570],[5571,5572],[5574],[5575],[5576],[5579],[5580],[5581],[5582],[5584],[5585],[5588,5589],[5590],[5591],[5592],[5593],[5594],[5597],[5605],[5606],[5607]],"type":"Polygon","properties":{"district":"BREBES"}},{"arcs":[[-4416,-4420,5608,-4418,5609],[5610]],"type":"Polygon","properties":{"district":"KOTA MAGELANG"}},{"arcs":[[-4657,5611,-4655,5612,-4691,5613,-4735,-4481,-4749,5614,-4747,-4665,5615,-4663,5616,-4661,5617,-4659,5618],[5623]],"type":"Polygon","properties":{"district":"KOTA SURAKARTA"}},{"arcs":[[-5197,5627,-5195,5628,-5199,5629]],"type":"Polygon","properties":{"district":"KOTA SALATIGA"}},{"arcs":[[5632,-5140,5633,-5138,5634,5635,5636,-5135,5637,-5133,5638,-5131,5639,-5129,5640,-5184,5641,5642,5643,-5180,5644,-5227,5645,-5230,-5331,5646,-5329,5647,5648,-5326,5649,-5324,5650],[5651],[5652,5653],[5655],[5656],[5658,5659],[5660],[5663],[5664],[5666],[5667],[5673],[5674],[5675],[5676],[5677],[5679],[5680]],"type":"Polygon","properties":{"district":"KOTA SEMARANG"}},{"arcs":[[5681,-5415,5682,-5380,-5379,-5426,5683,-5424,5684,-5422,5685,5686,-5419,5687,-5417,5688],[5692],[5693]],"type":"Polygon","properties":{"district":"KOTA PEKALONGAN"}},{"arcs":[[5694,-5505,5695,5696,5697,-5501,-5500,-5560,5698],[5699],[5700]],"type":"Polygon","properties":{"district":"KOTA TEGAL"}},{"arcs":[[-4304,5701,-4302,5702,-4300,5703,-4298,-4400,5704,5705,5706],[5707],[5708],[5709]],"type":"Polygon","properties":{"district":"KULON PROGO"}},{"arcs":[[-5706,5714,5715,5716,5717,5718],[5719],[5720],[5721],[5722],[5725]],"type":"Polygon","properties":{"district":"BANTUL"}},{"arcs":[[-5718,5726,-4564,5727,-4562,5728,-4560,5729,-4558,5730,-4556,-4555,5731,-4553,-4679,-4696,-4718,5732],[5733],[5736],[5737]],"type":"Polygon","properties":{"district":"GUNUNGKIDUL"}},{"arcs":[[-5715,-5705,-4399,5738,-4397,5739,-4395,-4530,-4565,-5727,-5717,5740],[5741],[5742],[5745]],"type":"Polygon","properties":{"district":"SLEMAN"}},{"arcs":[[-5741,-5716]],"type":"Polygon","properties":{"district":"KOTA YOGYAKARTA"}},{"arcs":[[[-4716,5746,5747,5748,5749,5750,5751,5752,5753],[5754],[5755],[5757],[5758]],[[5760]]],"type":"MultiPolygon","properties":{"district":"PACITAN"}},{"arcs":[[[-4714,5761]],[[-5750,5762,-5748,5763,-4712,5764,-4710,5765,5766,5767,5768,5769,5770,5771,5772,5773,5774,5775,5776,5777,5778,5779,5780],[5781],[5782],[5784],[5786],[5787],[5788],[5789],[5790],[5791],[5792],[5798],[5799],[5801],[5802],[5803],[5805],[5806],[5807],[5808],[5809],[5810],[5812],[5813],[5814],[5821],[5823],[5824]],[[5796]]],"type":"MultiPolygon","properties":{"district":"PONOROGO"}},{"arcs":[[-5753,5825,-5751,-5781,5826,-5779,5827,-5778,5828,5829,5830,5831,5832,5833,5834,5835,5836,5837,5838],[5839],[5840],[5842],[5844],[5845],[5846],[5847],[5849]],"type":"Polygon","properties":{"district":"TRENGGALEK"}},{"arcs":[[5850,5851,5852,5853,5854,5855,5856,5857,5858,-5838,5859,-5836,5860,-5834,5861,-5833,5862,-5831,5863,-5829,-5777,5864,5865,5866,5867,5868,5869,5870,5871],[5872],[5874],[5875],[5877],[5878],[5879],[5880],[5881],[5882],[5883],[5885],[5886],[5887],[5889],[5890],[5891],[5892],[5893],[5894],[5895],[5899],[5901]],"type":"Polygon","properties":{"district":"TULUNGAGUNG"}},{"arcs":[[-5871,-5869,5904,5905,5906,5907,5908,5909,5910,5911,-5858,5912,-5856,5913,-5854,5914,-5852,5915],[5916],[5917],[5918],[5919],[5920],[5921],[5923],[5926],[5927],[5929,5930,5931,5932,5933,5934,5935,5936,5937],[5938],[5939],[5940],[5942],[5943],[5946],[5947],[5948],[5949],[5950],[5951],[5954],[5955],[5956],[5957],[5958]],"type":"Polygon","properties":{"district":"BLITAR"}},{"arcs":[[-5866,5959,5960,5961,5962,5963,5964,5965,5966,5967,5968,5969,5970,5971,5972,5973,5974,5975,5976,5977,5978,-5905,-5868,5979],[5980,5981,5982,5983,5984,5985,5986,5987,5988,5989,5990,5991,5992,5993],[5994],[5996],[5999],[6000],[6001],[6002],[6004],[6009],[6011],[6012],[6013],[6016],[6017],[6018],[6020],[6022],[6028],[6029]],"type":"Polygon","properties":{"district":"KEDIRI"}},{"arcs":[[[6030,6031,-5911,6032,6033,-5909,6034,-5907,6035,-5978,6036,-5976,6037,6038,6039,6040,6041,6042,6043,6044,6045,6046,6047,6048,6049,6050,6051,6052,6053,6054,6055],[6056,6057],[6063],[6064,6065],[6069],[6071],[6073],[6078,6079],[6080],[6081],[6083],[6086],[6089],[6090],[6091],[6092],[6095],[6097],[6098],[6099,6100,6101,6102,6103,6104,6105,6106,6107,6108,6109,6110,6111,6112,6113,6114,6115],[6116],[6117],[6119],[6120],[6121],[6123],[6124],[6126],[6127],[6128],[6129],[6130],[6133],[6134],[6135]],[[6072]]],"type":"MultiPolygon","properties":{"district":"MALANG"}},{"arcs":[[-6055,6136,-6053,6137,6138,6139,6140,6141,6142,6143,6144,6145,6146,6147,6148,6149,6150,6151],[6152],[6154],[6156],[6157],[6164],[6167],[6168],[6169],[6175],[6179],[6180],[6181]],"type":"Polygon","properties":{"district":"LUMAJANG"}},{"arcs":[[-6149,6186,-6147,6187,6188,6189,6190,6191,6192,-6151,6193],[6194],[6196],[6197],[6198],[6200],[6202],[6210],[6216],[6217]],"type":"Polygon","properties":{"district":"JEMBER"}},{"arcs":[[6223,-6192,6224,6225,6226,6227,6228,6229,6230,6231,6232,6233,6234],[6238],[6240],[6241],[6242],[6243],[6246],[6249],[6251]],"type":"Polygon","properties":{"district":"BANYUWANGI"}},{"arcs":[[-6191,6254,6255,6256,6257,6258,6259,6260,6261,6262,6263,6264,-6228,6265,-6225],[6266],[6267],[6276],[6279],[6284]],"type":"Polygon","properties":{"district":"BONDOWOSO"}},{"arcs":[[6286,6287,6288,6289,6290,-6234,6291,-6232,6292,-6230,6293,-6264,-6263,6294,-6261,6295,-6258,6296,-6256,6297,6298,6299,6300],[6302],[6303],[6304],[6305],[6307],[6309],[6310],[6311,6312]],"type":"Polygon","properties":{"district":"SITUBONDO"}},{"arcs":[[[6314,6315,6316,6317,6318,6319,6320,6321,6322,6323,6324,-6290,6325,-6288,6326,-6300,6327,-6298,-6255,-6190,6328,-6188,-6146,6329,6330,-6144,6331,-6142,6332,-6140,6333,-6138,-6052,6334,6335],[6337],[6345],[6346],[6347],[6349],[6352],[6353],[6354],[6355],[6358],[6360],[6361],[6365],[6366],[6368]],[[6359]]],"type":"MultiPolygon","properties":{"district":"PROBOLINGGO"}},{"arcs":[[[-6051,6369,-6049,6370,6371,6372,6373,6374,6375,6376,6377,6378,6379,6380,6381,6382,6383,6384,6385,6386,-6318,6387,-6316,6388,-6335],[6389],[6394],[6396],[6398],[6404],[6405],[6406],[6409],[6410],[6411]],[[6397]]],"type":"MultiPolygon","properties":{"district":"PASURUAN"}},{"arcs":[[[6412,6413,6414,6415,6416,6417,6418,6419,6420,6421,6422,6423,6424,6425,6426,6427,6428,6429,6430,-6377,6431,6432,6433,6434,6435],[6439],[6440],[6442],[6443],[6444],[6445],[6446],[6453],[6454],[6455],[6456],[6457],[6458],[6461],[6464],[6471,6472],[6473],[6474],[6475],[6482],[6486],[6487],[6488],[6491],[6493],[6495],[6496],[6497],[6499],[6501],[6502],[6503],[6504],[6505],[6506],[6507],[6509],[6511]],[[6438]],[[6460]]],"type":"MultiPolygon","properties":{"district":"SIDOARJO"}},{"arcs":[[[6515,6516,6517,6518,6519,6520,6521,6522,6523,6524,6525,6526,6527,6528,6529,6530,6531,6532,6533,-6415,6534,-6413,-6436,6535,-6434,6536,-6432,6537,-6375,6538,-6373,6539,6540],[6542],[6543],[6545],[6548],[6554],[6555],[6558],[6561],[6562],[6565],[6566],[6571,6572,6573,6574,6575,6576,6577],[6581],[6582],[6584],[6591]],[[6541]]],"type":"MultiPolygon","properties":{"district":"MOJOKERTO"}},{"arcs":[[-5971,6597,6598,6599,6600,6601,6602,6603,6604,-6523,6605,-6521,6606,-6520,-6519,6607,-6517,6608,-6038,-5975,6609,-5973,6610],[6612],[6622],[6623],[6624],[6625],[6626],[6627],[6628],[6635],[6638],[6639],[6640],[6644],[6645],[6646],[6648],[6649],[6650,6651],[6652],[6654],[6656],[6658]],"type":"Polygon","properties":{"district":"JOMBANG"}},{"arcs":[[[6662,6663,6664,6665,6666,6667,6668,6669,6670,6671,6672,6673,6674,6675,6676,6677,-6602,-6601,6678,-6599,6679,-5969,6680,-5967,6681,-5965,6682,-5963,6683,-5961,-5960,-5865,-5776,6684],[6685],[6687],[6688],[6689],[6690],[6692],[6693],[6696],[6700],[6701],[6702],[6703]],[[6691]],[[6704]]],"type":"MultiPolygon","properties":{"district":"NGANJUK"}},{"arcs":[[[-5769,6706,6707,6708,6709,6710,6711,6712,6713,6714,6715,6716,6717,6718,6719,6720,6721,6722,6723,6724,6725,6726,6727,6728,6729,6730,6731,6732,6733,6734,6735,6736,6737,6738,6739,6740,6741,6742,6743,6744,6745,6746,6747,6748,6749,6750,6751,6752,6753,-6671,6754,-6667,-6665,6755,-6663,-6685,-5775,6756,-5773,6757,-5771,6758],[6760],[6761],[6765],[6766],[6769],[6770],[6771,6772],[6773],[6774],[6775,6776],[6777],[6779],[6780],[6781]],[[-6669,6759]]],"type":"MultiPolygon","properties":{"district":"MADIUN"}},{"arcs":[[-4709,-4774,6784,-4772,-4771,6785,6786,6787,6788,-6736,6789,-6734,6790,-6732,6791,-6730,6792,-6728,6793,-6710,-6709,6794,-6707,-5768,6795,-5766],[6796],[6797],[6798],[6800],[6801],[6802],[6803],[6804],[6805],[6807],[6809],[6810],[6811],[6812],[6814],[6815],[6818],[6823],[6825],[6828],[6829],[6830],[6831],[6834],[6835]],"type":"Polygon","properties":{"district":"MAGETAN"}},{"arcs":[[-4769,-4809,6838,-4807,6839,-4805,6840,-4851,-4893,6841,-4891,6842,6843,6844,-6749,6845,-6747,6846,-6745,6847,-6743,6848,-6741,6849,-6739,6850,-6737,-6789,6851,-6787,6852],[6853],[6854],[6855],[6861],[6862],[6863],[6864],[6866],[6868],[6870,6871],[6873],[6874],[6875],[6876],[6878],[6879],[6880],[6881]],"type":"Polygon","properties":{"district":"NGAWI"}},{"arcs":[[-4890,6882,-4888,6883,-4886,-4885,-4884,6884,-4883,6885,6886,6887,6888,6889,6890,6891,6892,6893,6894,6895,6896,6897,6898,6899,6900,6901,6902,6903,-6677,6904,-6675,6905,-6673,6906,-6753,6907,-6751,6908,-6843],[6909,6910],[6911],[6914,6915],[6916,6917],[6918],[6919],[6920],[6922],[6924],[6925],[6926],[6927],[6928],[6930],[6931],[6932],[6933],[6934,6935],[6937],[6938],[6939],[6941],[6942],[6943],[6946],[6949],[6950],[6951],[6952]],"type":"Polygon","properties":{"district":"BOJONEGORO"}},{"arcs":[[[-4882,-4930,6953,-4929,6954,-4927,6955,-4925,6956,6957,6958,6959,6960,6961,6962,6963,6964,6965,6966,6967,6968,-6892,6969,-6890,6970,-6888,6971,-6886],[6980],[6984],[6986],[6989],[6991],[6992,6993],[7001],[7002],[7004],[7005],[7011],[7015],[7018],[7019]],[[6973]],[[7009]]],"type":"MultiPolygon","properties":{"district":"TUBAN"}},{"arcs":[[[-5930,-5938,7021,7022,7023]],[[-5983,7024,7025,7026,7027,7028,-5987,7029,-5985,7030]],[[7031,7032,-5993,7033,-5991,7034,7035,7036]],[[-6111,7037,7038,7039]],[[-6320,7040,7041,7042,7043,7044,7045,7046,7047]],[[-6417,7048,7049,7050,7051,7052]],[[-6532,-6530,7053,7054,7055]],[[7056,-6903,7057,-6901,7058,-6899,7059,-6897,7060,-6895,7061,-6893,-6969,7062,-6967,7063,7064,7065,7066,7067,7068,7069,7070,7071,7072,7073,7074,7075,7076,7077,7078,7079,7080,7081,7082,7083,7084,7085,7086,-6525,7087,-6604,7088],[7089],[7090],[7092],[7093],[7095],[7096],[7126],[7129],[7137],[7140],[7164],[7201]],[[7097,7098,7099,7100,7101,7102,7103],[7104]],[[7105,7106,7107,7108,7109,7110,7111,7112]],[[7115,7116,7117,7118,7119,7120,7121,7122,7123,7124]],[[7130,7131,7132,7133,7134,7135,7136]],[[7141,7142,7143,7144,7145,7146,7147,7148,7149,7150,7151,7152,7153]],[[7154,7155,7156,7157,7158,7159,7160,7161],[7163]],[[7165,7166,7167,7168,7169,7170,7171,7172,7173,7174,7175,7176]],[[7177,7178,7179,7180,7181,7182,7183,7184,7185,7186,7187,7188,7189,7190,7191,7192,7193],[7197]],[[7202,7203,7204,7205,7206,7207,7208],[7209]],[[7210,7211,7212,7213]],[[7214,7215,7216,7217,7218]],[[7219,7220,7221,7222,7223]]],"type":"MultiPolygon","properties":{"district":"LAMONGAN"}},{"arcs":[[[7226,7227,-6104,7228,-6102,7229,7230,7231,-6115,7232,-6113,7233,7234,7235,7236,7237,7238,7239,7240,7241],[7372],[7373],[7374]],[[-6042,7242]],[[-6044,7243,-6040,7244,-6371,-6048,-6046]],[[-6574,7245,7246,7247,7248,-6575]],[[-6526,-7087,7249]],[[-6528,7250,-7214,7251,-7218,7252,7253,7254,7255,7256]],[[7257,-6964,7258,7259,-6961,7260,7261,7262,7263,7264,7265,7266,7267,7268],[7348]],[[-7121,7269,7270,7271,7272,7273,7274,7275,7276,-7103,7277,7278,7279,7280,-7123,7281],[7397]],[[-7145,7282,-7143,-7142,7283,7284,-7147,7285]],[[-7149,7286,7287,7288,7289,-7176,7290,7291,7292,7293,7294]],[[-7186,7295,7296,7297,7298,7299,-7190,7300,-7188,7301],[7351]],[[7302,7303,7304,7305,7306,-7216,7307,7308,7309,7310,7311,7312,7313],[7314]],[[7315,7316,7317,7318,7319]],[[7320,7321,7322,7323,7324,7325,7326,7327,7328,7329,7330],[7332]],[[7333,7334,7335,7336,7337,7338,7339,7340]],[[7341,7342,7343]],[[7344,7345,7346,7347]],[[7352,7353,7354,7355,7356]],[[7357,7358,7359,7360,7361,7362,7363,7364,7365,7366,7367,7368,7369,7370,7371],[7398]],[[7376,7377,7378,7379,7380,7381,7382,7383],[7384]],[[7386,7387,7388,7389,7390,7391,7392,7393,7394,7395]],[[7400,7401,7402,7403,7404]],[[7405,7406,7407,7408,7409,7410,7411,7412,7413]]],"type":"MultiPolygon","properties":{"district":"GRESIK"}},{"arcs":[[[-5935,7414,-5933,7415,-5931,-7024,7416,7417,7418]],[[-6116,-7232,7419,-7230,-6101,-6100]],[[-7242,7420,-7240,7421,7422,7423,7424,-6107,7425,-6105,-7228,7426]],[[-6419,7427,-7183,7428,7429,7430,-6426,7431,-6423,7432,-6421,7433],[7541]],[[7434,-7181,7435,7436,-6430,-6428,7437],[7537]],[[7438,7439,7440,-6721,7441,-6719,-6717,7442,-6715,7443,-6713,7444]],[[-7071,7445,7446,7447,7448,-7325,7449,7450,7451,7452,-7073,7453]],[[-7148,-7285,7454,-7166,-7177,-7290,7455,-7288,7456,-7287]],[[-7168,7457,7458,7459]],[[7460,7461,-7354,7462,-7296,-7185,7463,7464],[7542]],[[7465,7466,7467,7468,-7323,7469,-7309,7470]],[[-7329,7471,-7327,7472,7473,7474]],[[7475,7476,7477,-7266,7478,-7264,7479,7480,7481,7482,7483,7484,7485,7486]],[[7487,7488,7489,7490,7491,7492,7493,7494,7495,-7358,-7372,7496,7497,7498,7499,7500,7501,7502,7503,-7379,7504,7505],[7535],[7536],[7539]],[[-7254,7506,-7388,7507]],[[-7279,7508,7509,7510,7511,7512,7513],[7544]],[[7514,7515,7516,7517,7518,7519]],[[7520,7521,7522,7523,7524,7525,7526]],[[7527,7528,7529,7530]],[[7531,7532,7533]],[[7534]]],"type":"MultiPolygon","properties":{"district":"BANGKALAN"}},{"arcs":[[[-6108,-7425,7547,-7423,7548,-7520,7549,-7518,7550,-7236,7551,-7234,-6112,-7040,7552,-7038,-6110,7553]],[[-7048,7554,7555,-6323,7556,-6321]],[[-6712,7557,-7439,-7445],[7648]],[[-6723,7558,-6725]],[[-7280,-7514,7559,7560,7561,-7338,7562,7563,7564,7565,-7132,7566,7567,7568]],[[-7326,7569,-7448,7570,-7446,-7070,7571,7572,7573,-7473],[7649],[7650],[7651]],[[-7153,7574,-7161,7575,-7169,-7460,7576,7577]],[[-7159,7578,-7205,7579,7580]],[[-7207,7581,7582,7583,7584,-7368,7585],[7635],[7636]],[[-7389,-7507,-7253,-7217,-7307,7586,7587]],[[-7340,7588,-7342,-7344,7589,7590,7591,7592]],[[7593,7594,7595,7596,-7370,7597]],[[-7365,7598,7599,7600]],[[-7532,7601,7602,7603,-7491,7604,-7489,7605,7606,7607]],[[7608,7609,-7461,-7465,7610,7611]],[[7614,7615,7616,7617,7618,7619,7620,7621,7622,7623]],[[7624,7625,7626]],[[7627]],[[7628]],[[7629]],[[7630,7631]],[[7632,7633,7634]],[[7637,7638,7639,7640,7641,7642,7643,7644,7645]],[[7652,7653,7654,7655,7656]],[[7657,7658]]],"type":"MultiPolygon","properties":{"district":"SAMPANG"}},{"arcs":[[[-7184,-7428,-6418,-7053,7660,-7394,7661,-7392,7662,-7618,-7616,7663,-7611,-7464]],[[-6966,7664,7665,7666,-7066,7667,-7064]],[[-7502,7668,-7500,7669,-7498,7670,-7099,7671]],[[-7135,7672,-7133,-7566,7673,-7564,7674,-7336,7675,-7334,-7341,-7593,7676,7677,7678,7679,7680,7681,7682,7683,7684,7685,7686,7687,7688,7689,7690,7691,7692,7693,7694,7695,7696,7697,7698,7699,7700,7701,-7655,7702,7703,7704,7705,7706,7707],[7749],[7755]],[[7708,7709,7710,7711,-7173,7712,7713,7714,7715,-7600,7716,-7640,7717,7718]],[[-7345,7719,7720,-7268,7721,7722,7723,7724]],[[-7297,-7463,-7353,-7357,7725,-7355,-7462,-7610,7726,-7623,7727,7728,7729,7730,7731,7732,-7299],[7757]],[[-7526,7733,7734]],[[-7476,-7487,7735,7736]],[[7737]],[[7738]],[[7739,7740,7741]],[[7744,7745,7746,7747,7748]]],"type":"MultiPolygon","properties":{"district":"PAMEKASAN"}},{"arcs":[[[-5994,-7033,-7032,-7037,7759,-5988,-7029,7760,-7027,7761,7762,-5981]],[[-5992,-7034]],[[7763,-6533,-7056,7764,7765,-7049,-6416]],[[-7082,7766,-7080,7767,-7078,7768,-7076,7769,-7074,-7453,7770,-7451,7771,-7468,7772,-7466,-7471,-7308,-7215,-7219,-7252,-7213,7773,-7211,-7251,-6527,-7250,-7086,7774,-7084,7775],[7861],[7862]],[[-6960,7776,-6958,7777,-7480,-7263,7778,-7261],[7857]],[[-7069,7779,-7068,-7667,7780,-7665,-6965,-7258,-7269,-7721,7781,-7347,7782,7783,7784,-7572]],[[7785,7786,-7108,7787,-7383,7788,-7271,7789,7790,7791]],[[7792,-7458,-7167,-7455,-7284,-7154,-7578,7793]],[[7794,7795,-7294,7796,-7292,7797,-7174,-7712,7798,-7710,7799,7800]],[[-7366,-7601,-7716,7801,-7713,-7172,7802]],[[-7220,7803,-7529,7804]],[[-7223,7805]],[[-7486,7806,7807,7808,7809,-7522,7810,-7734,-7525,7811,-7319,7812,-7317,7813,-7312,7814,-7310,-7470,-7322,7815,-7330,-7475,7816,-7474,-7574,7817,-7736]],[[-7560,-7513,-7511,7818,-7633,7819,-7681,7820,-7679,7821,-7677,-7592,7822,-7590,-7343,-7589,-7339,-7562,7823],[7856]],[[-7603,7824,-7642,7825,7826,-7360,7827,7828,7829,7830]],[[-7410,7831]],[[-7654,7832,-7703]],[[-7659,7833]],[[-7693,7834,-7691,7835,7836,7837,7838,7839,7840,-7746,7841,7842,-7697,7843,-7695,7844]],[[7845,7846,7847,-7701,7848,7849]],[[-7683,7850,-7685,7851]],[[-7687,7852,7853]],[[7863,7864,7865,7866,7867]],[[7868,7869,7870]],[[7872]],[[7873]],[[7874]]],"type":"MultiPolygon","properties":{"district":"SUMENEP"}},{"arcs":[[[-7510,7875,-7509,-7278,-7102,7876,-7819]],[[-7643,-7825,-7602,-7534,7877]],[[-7492,-7604,-7831,7878,-7829,7879,-7495,-7494,7880]],[[-7688,-7854,7881,-7748,7882,-7840,7883,-7838,7884,-7836,-7690]],[[-7684,-7852]]],"type":"MultiPolygon","properties":{"district":"KOTA KEDIRI"}},{"arcs":[[[-6379,7886,7887,7888,7889,7890,7891,7892,7893,7894,7895]],[[-6383,7896,7897,7898,7899]],[[-7414,7900,-7412,7901,-7632,7902,-7402,7903,-7404,7904,-7408,7905,-7406]],[[-7605,-7490]],[[7906,7907,7908,-7645,7909]]],"type":"MultiPolygon","properties":{"district":"KOTA BLITAR"}},{"arcs":[[[-7898,7913,7914,7915,7916,-6386,7917,-6384,-7900,7918]],[[-7505,-7378,7919,-7106,-7113,7920,-7111,-7110,7921]],[[-7786,-7792,-7791,7922,-7119,7923,-7117,7924],[7934]],[[-7262,-7779]],[[-7484,7925,-7482,7926,-7807,-7485]],[[-7583,7927]],[[7928,-7607,7929,7930]],[[7931,-7809,7932]]],"type":"MultiPolygon","properties":{"district":"KOTA MALANG"}},{"arcs":[[[-7157,7935,-7155,7936,-7151,7937]],[[-7369,-7585,7938,-7596,7939,-7594,-7598]],[[-7382,7940,-7380,-7504,7941,-7274,7942,-7272,-7789]],[[-7622,7943,-7390,-7588,7944,-7305,7945,-7728]],[[-7361,-7827,7946]],[[-7793,-7794,-7577,-7459]],[[-7800,-7709,-7719,7947]]],"type":"MultiPolygon","properties":{"district":"KOTA PROBOLINGGO"}},{"arcs":[[[-5948]],[[-6529,-7257,7948,-7054]],[[-7050,-7766,7949,7950,-7395,-7661,-7052,7951]],[[-7320,-7812,-7524,7952]],[[-7656,-7702,-7848,-7846,7953]],[[-7888,7954,-7916,7955,-7890,7956],[7957,7958]]],"type":"MultiPolygon","properties":{"district":"KOTA PASURUAN"}},{"arcs":[[[-6578,7959,7960,-7248,-7246,-6573,7961]],[[-7124,-7281,-7569,7962]],[[-7745,7963,-7849,-7700,7964,-7698,7965,-7842],[7966]]],"type":"MultiPolygon","properties":{"district":"KOTA MOJOKERTO"}},{"arcs":[[[-7961,-6576,-7249]],[[-7107,-7920,-7377,-7384,-7788]],[[-7120,-7923,-7790,-7270]],[[-7171,7967,-7208,-7586,-7367,-7803],[7968]]],"type":"MultiPolygon","properties":{"district":"KOTA MADIUN"}},{"arcs":[[[-7023,7969,-5936,-7419,7970,-7417],[8011]],[[-5982,-7763,7971,-7025]],[[-5989,-7760,-7036,7972]],[[-7244,-6043,-7243,-6041]],[[-7556,7973,-7046,7974,-7044,7975,-7042,7976,-6324],[8010]],[[-6382,7977,-6380,-7896,7978,-7894,7979,-7892,7980,-7914,-7897]],[[-7182,-7435,-7438,-6427,7981,-7430,-7429]],[[-7441,7982,-6726,-7559,-6722]],[[-7055,-7949,-7256,7983,-7950,-7765]],[[-7051,-7952]],[[-7098,-7104,-7277,7984,-7275,-7942,-7503,-7672]],[[-7101,7985,-7634,-7877]],[[-7131,-7137,7986,-7567]],[[-7170,-7576,-7160,-7581,7987,-7203,-7209,-7968]],[[-7175,-7798,-7291]],[[-7436,-7180,7988,-7178,-7194,7989,-7192,7990]],[[-7530,-7804,-7224,-7806,-7222,7991]],[[-7314,7992,-7303]],[[-7450,-7324,-7469,-7772]],[[-7267,-7478,7993,-7722]],[[-7237,-7551,-7517,7994,-7515,-7549,-7422,-7239,7995]],[[-7391,-7944,-7621,7996,-7619,-7663]],[[-7828,-7359,-7496,-7880]],[[-7306,-7945,-7587]],[[-7527,-7735,-7811,-7521]],[[-7795,-7801,-7948,-7718,-7639,7997,-7638,-7646,-7909,7998,-7907,-7910,-7644,-7878,-7533,-7608,-7929,-7931,7999]],[[-7501,-7669]],[[-7626,8000]],[[-7707,8001,-7705,8002]],[[-7741,8003]],[[-7732,8004,-7730,8005]],[[-7869,-7871,8006,-7864,-7868,-7866,8007]]],"type":"MultiPolygon","properties":{"district":"KOTA SURABAYA"}},{"arcs":[[[-7477,-7737,-7818,-7573,-7785,8012,-7783,-7346,-7725,8013,-7723,-7994]],[[-7396,-7951,-7984,-7255,-7508,-7387]],[[-7364,8014,-7362,-7947,-7826,-7641,-7717,-7599]]],"type":"MultiPolygon","properties":{"district":"KOTA BATU"}},{"arcs":[[[8016]],[[8017,8018,8019,8020,8021,8022,8023,8024,8025],[8027],[8031],[8032],[8035],[8036,8037],[8038],[8041],[8042],[8043],[8048]],[[8039]]],"type":"MultiPolygon","properties":{"district":"PANDEGLANG"}},{"arcs":[[8052,-8025,8053,-8024,8054,-8022,8055,-8020,8056,8057,8058,8059,8060,8061,-3104,8062,-3102,-3167,8063,-3165,8064,-3163,8065],[8067],[8068],[8069],[8072],[8073],[8074],[8078],[8080],[8081],[8085],[8087]],"type":"Polygon","properties":{"district":"LEBAK"}},{"arcs":[[8088,8089,8090,8091,8092,-2973,-2988,8093,8094,8095,8096,8097,8098,8099,8100,-3111,8101,-3110,8102,-3108,8103,-3106,8104,-3105,-8062,8105,8106,8107],[8110],[8123],[8126],[8127],[8128],[8129],[8130],[8131]],"type":"Polygon","properties":{"district":"TANGERANG"}},{"arcs":[[[8132,8133,8134,8135,8136,8137,8138,8139,8140,8141,8142,8143,8144,-8092,8145,-8090,8146,-8107,8147,-8106,-8061,8148,-8059,8149,-8057,-8019,8150,8151,8152,8153,8154,8155,8156,8157,8158,8159],[8160],[8161],[8164],[8165],[8166],[8167],[8169],[8170,8171],[8177],[8180],[8181],[8187],[8188],[8189]],[[8168]]],"type":"MultiPolygon","properties":{"district":"SERANG"}},{"arcs":[[-8098,8190,-8096,8191,-8094,-2987,-2986,8192,-2984,8193,-2982,-3000,8194,-2998,8195,-2997,-3023,8196,8197,-8100,8198],[8199],[8201],[8202],[8204],[8205],[8206]],"type":"Polygon","properties":{"district":"KOTA TANGERANG"}},{"arcs":[[[-8154,8210,-8156,8211]],[[-8158,8212]],[[-8152,8213]]],"type":"MultiPolygon","properties":{"district":"KOTA CILEGON"}},{"arcs":[[-8133,-8160,8214,-8144,8215,-8142,8216,-8140,8217,-8138,8218,-8136,8219],[8220],[8225]],"type":"Polygon","properties":{"district":"KOTA SERANG"}},{"arcs":[[-8101,-8198,-8197,-3022,8227,-3020,8228,-3018,8229,-3016,8230,-3014,8231,-4013,-3112],[8232],[8233]],"type":"Polygon","properties":{"district":"KOTA TANGERANG SELATAN"}},{"arcs":[[8236,8237,8238,8239,8240,8241],[8242,8243]],"type":"Polygon","properties":{"district":"JEMBRANA"}},{"arcs":[[[-8238,8246]],[[8247,-8240,8248,8249,8250,8251,8252,8253,8254,8255,8256],[8257],[8258],[8260],[8261],[8262],[8263],[8265],[8266],[8269],[8272],[8273]]],"type":"MultiPolygon","properties":{"district":"TABANAN"}},{"arcs":[[8275,-8254,8276,-8252,8277,8278,8279,8280,8281,8282,8283,8284],[8285,8286],[8288]],"type":"Polygon","properties":{"district":"BADUNG"}},{"arcs":[[8292,8293,-8284,8294,-8282,8295,-8280,8296,8297,8298,8299,8300,8301,8302,8303,8304,8305],[8307,8308],[8309],[8317],[8320]],"type":"Polygon","properties":{"district":"GIANYAR"}},{"arcs":[[[-8305,8328,8329,8330,8331,8332,8333,8334]],[[8335]],[[8336]],[[8337]]],"type":"MultiPolygon","properties":{"district":"KLUNGKUNG"}},{"arcs":[[[-8302,8338,-8301,8339,-8300,8340,-8297,-8279,8341,8342,8343,8344,8345,8346,8347,8348,8349,8350,8351,-8331,8352,-8329,-8304,8353],[8356],[8357]],[[-8334,8354]]],"type":"MultiPolygon","properties":{"district":"BANGLI"}},{"arcs":[[[-8261]],[[-8332,-8352,8362,-8350,8363,8364,8365],[8369],[8373],[8374],[8375],[8383],[8385],[8389],[8392]],[[-8348,8366,8367,8368]]],"type":"MultiPolygon","properties":{"district":"KARANGASEM"}},{"arcs":[[[8393,-8367,-8347,8394,-8344,8395,-8342,-8278,-8251,8396,-8249,-8239,-8247,-8237,-8242,8397]],[[-8256,8398]]],"type":"MultiPolygon","properties":{"district":"BULELENG"}},{"arcs":[[8399,-8285,-8294,8400],[8402],[8404]],"type":"Polygon","properties":{"district":"KOTA DENPASAR"}},{"arcs":[[[8406,8407]],[[8408,8409,8410,8411,8412,8413,8414,8415,8416,8417,8418,8419,8420,8421,8422,8423,8424,8425,8426,8427,8428,8429,8430,8431,8432,8433],[8405],[8434],[8435],[8436],[8438]],[[8437]],[[8439]]],"type":"MultiPolygon","properties":{"district":"LOMBOK BARAT"}},{"arcs":[[[-8434,8440,8441,8442,8443,8444,8445,8446,8447,8448,8449,8450,8451,8452,8453,8454,8455,8456,8457,8458,8459,8460,-8408,8461,-8409],[8464],[8466],[8472],[8473],[8474,8475,8476],[8477],[8480]],[[-8430,8462,8463]],[[8467]],[[8470,8471]]],"type":"MultiPolygon","properties":{"district":"LOMBOK TENGAH"}},{"arcs":[[[-8433,8487,8488,8489,-8441]],[[8490,-8456,8491,-8454,8492,-8452,8493,8494,8495,-8450,8496,-8448,8497,-8445,8498,8499,8500,8501,8502],[-8438],[-8468],[8510],[8511,8512],[8513,8514,8515],[8517],[8519,8520],[8521],[8522,8523],[8524],[8525],[8527]],[[-8458,8503]],[[-8475,-8477,8504]],[[8508,8509]],[[8528,8529]]],"type":"MultiPolygon","properties":{"district":"LOMBOK TIMUR"}},{"arcs":[[[8531,8532,8533,8534,8535],[8536],[8540],[8541],[8542]],[[8544]],[[8545]]],"type":"MultiPolygon","properties":{"district":"SUMBAWA"}},{"arcs":[[[8546,8547,-8535,8548,8549,8550,8551,8552,8553,8554],[8555]],[[8559]]],"type":"MultiPolygon","properties":{"district":"DOMPU"}},{"arcs":[[[-8543]],[[8562,-8547,-8555,8563,8564,8565,8566,8567],[-8560],[8574],[8576],[8582]],[[-8556]],[[-8551,8568,-8553,8569]],[[-8550,8570]],[[8579]],[[8580]]],"type":"MultiPolygon","properties":{"district":"BIMA"}},{"arcs":[[8583,-8533,8584]],"type":"Polygon","properties":{"district":"SUMBAWA BARAT"}},{"arcs":[[[-8529,8586,-8431,-8464,8587,-8428,8588]],[[-8460,8589,-8471,8590]],[[-8501,8591,-8499,-8444,-8443,8592,-8509,8593]],[[-8495,8594]],[[-8489,8595]],[[-8514,-8516,8596]]],"type":"MultiPolygon","properties":{"district":"LOMBOK UTARA"}},{"arcs":[[[8597,-8426,8598,-8424,8599,8600,-8421,8601,-8419,8602,-8417,-8416,8603,-8413,8604,-8412,8605,-8411,8606],[-8440],[8607],[8609],[8610]],[[-8429,-8588,-8463]]],"type":"MultiPolygon","properties":{"district":"KOTA MATARAM"}},{"arcs":[[8611,-8567,8612,-8565,8613],[8618]],"type":"Polygon","properties":{"district":"KOTA BIMA"}},{"arcs":[[[8619]],[[8620]],[[8621,8622,8623,8624,8625,8626,8627,8628,8629,8630,8631],[8632],[8633],[8635],[8639],[8640],[8642],[8643],[8644],[8645],[8646],[8648]],[[8650,8651,8652,8653,8654,8655]]],"type":"MultiPolygon","properties":{"district":"KUPANG"}},{"arcs":[[[-8625,8656,-8655,-8654,8657,8658,8659,8660,8661,8662,8663,8664,8665,8666,8667,8668,-8627,8669],[8670],[8672],[8677],[8680],[8681],[8682],[8685],[8693],[8694],[8698]],[[8673,8674,8675]]],"type":"MultiPolygon","properties":{"district":"TIMOR TENGAH SELATAN"}},{"arcs":[[[-8658,-8653,8699,-8651,8700,8701,8702,8703,8704,8705,8706,8707,8708,8709,8710,8711,8712,8713,8714,8715,8716,8717,-8660,8718],[8720],[8721],[8728],[8729],[8730],[8731]],[[8724,8725,8726]]],"type":"MultiPolygon","properties":{"district":"TIMOR TENGAH UTARA"}},{"arcs":[[8732,8733,-8709,8734,-8707,8735,-8705,8736,-8702,8737,-8725,-8727,8738],[8739],[8740]],"type":"Polygon","properties":{"district":"BELU"}},{"arcs":[[[8744]],[[8747],[8750]],[[8748]],[[8749]],[[8753],[8758]],[[8759],[8760]],[[8761]]],"type":"MultiPolygon","properties":{"district":"ALOR"}},{"arcs":[[[8762,8763,8764,8765,8766],[8767]],[[8768,8769,8770]],[[8771,8772]],[[8774]],[[8775,8776,8777,8778],[8779,8780,8781],[8782],[8783],[8785],[8790],[8791],[8796]],[[8793,8794,8795]]],"type":"MultiPolygon","properties":{"district":"FLORES TIMUR"}},{"arcs":[[[8797,8798,8799,8800,-8764,8801,8802,8803],[8813],[8818]],[[8808]],[[8809]],[[8810],[8811]],[[8816]]],"type":"MultiPolygon","properties":{"district":"SIKKA"}},{"arcs":[[[8819,8820,8821,-8800,8822,-8799,8823],[8825],[8826],[8827],[8829],[8830],[8831],[8835],[8837],[8841,8842],[8844],[8845],[8846],[8848],[8849]],[[-8803,8824]],[[8828]]],"type":"MultiPolygon","properties":{"district":"ENDE"}},{"arcs":[[8850,8851,8852,8853,8854,8855,8856,8857,8858],[8859],[8861],[8865],[8866]],"type":"Polygon","properties":{"district":"NGADA"}},{"arcs":[[[8872,8873,8874,8875,8876,8877,8878,8879,8880,8881,8882,8883,8884,8885,8886,8887,8888,8889,8890,8891,8892,8893,8894],[8869],[8870],[8871],[8898],[8899],[8900],[8901],[8904],[8909],[8911],[8912],[8915],[8916]],[[8908]]],"type":"MultiPolygon","properties":{"district":"MANGGARAI"}},{"arcs":[[[8918,8919,8920,8921,8922],[8917],[8923],[8924],[8931],[8932],[8933],[8934],[8935],[8937],[8938],[8939],[8940]],[[8927,8928,8929,8930]],[[8936]]],"type":"MultiPolygon","properties":{"district":"SUMBA TIMUR"}},{"arcs":[[[-8671]],[[8942,8943,8944,-8930,8945,-8928,8946,8947,8948,8949,8950,8951,8952,8953,8954,8955,8956],[-8676,8941,-8674],[8957]]],"type":"MultiPolygon","properties":{"district":"SUMBA BARAT"}},{"arcs":[[[8959,-8794,-8796,8960,-8772,8961]],[[-8770,8962,-8766]],[[-8778,-8777,8963]]],"type":"MultiPolygon","properties":{"district":"LEMBATA"}},{"arcs":[[[8964]],[[8965]],[[8970]],[[8971]],[[8972]]],"type":"MultiPolygon","properties":{"district":"ROTE NDAO"}},{"arcs":[[[8973,-8889,8974,-8887,8975,-8885,8976,-8883,8977,-8881,8978,-8879,8979],[8980],[8981],[8986],[8987],[8988]],[[-8910]],[[8992]]],"type":"MultiPolygon","properties":{"district":"MANGGARAI BARAT"}},{"arcs":[[-8856,8994,-8821,8995,-8858,8996],[8997],[8998],[9000],[9001],[9002],[9003],[9004]],"type":"Polygon","properties":{"district":"NAGEKEO"}},{"arcs":[[[-8947,-8931,-8945,9011,-8943,-8957,9012,-8922,9013,-8920,9014,-8949,9015],[9016],[9018],[9019]],[[9017]]],"type":"MultiPolygon","properties":{"district":"SUMBA TENGAH"}},{"arcs":[[[-8955,9022,-8953,-8952,-8951,9023],[9024],[9028],[9031],[9034],[9035]],[[9025]]],"type":"MultiPolygon","properties":{"district":"SUMBA BARAT DAYA"}},{"arcs":[[[9038,-8877,9039,-8875,-8873,-8895,9040,-8893,-8891,9041,-8854,9042,-8852,9043],[9045],[9048],[9049],[9050],[9051]],[[-9004]]],"type":"MultiPolygon","properties":{"district":"MANGGARAI TIMUR"}},{"arcs":[[[9053]],[[9055]]],"type":"MultiPolygon","properties":{"district":"SABU RAIJUA"}},{"arcs":[[9057,-8667,9058,-8665,-8664,9059,-8663,9060,-8661,-8718,9061,-8716,9062,-8714,9063,-8712,9064,-8710,-8734,9065],[9066],[9067]],"type":"Polygon","properties":{"district":"MALAKA"}},{"arcs":[[9068,-8623,9069,-8631,9070],[9071]],"type":"Polygon","properties":{"district":"KOTA KUPANG"}},{"arcs":[[9082,9083,9084,9085,9086],[9077],[9087],[9088],[9089],[9091],[9092]],"type":"Polygon","properties":{"district":"SAMBAS"}},{"arcs":[[9093,9094,9095,9096,9097,9098,9099,9100,9101,9102,9103,9104,9105,9106,9107],[9108]],"type":"Polygon","properties":{"district":"MEMPAWAH"}},{"arcs":[[9109,9110,9111,9112,9113,9114,9115,9116,9117,9118],[9119],[9120]],"type":"Polygon","properties":{"district":"SANGGAU"}},{"arcs":[[9122,9123,9124,-9111,9125,9126,9127,9128,9129,9130]],"type":"Polygon","properties":{"district":"KETAPANG"}},{"arcs":[[[9131,-9127,9132,9133,9134,9135,9136,9137,9138,-9118,9139,9140,9141,9142,9143,9144],[9145],[9147],[9153],[9154],[9156],[9157]],[[9146]],[[9148]],[[9149,9150]],[[9152]],[[9155]]],"type":"MultiPolygon","properties":{"district":"SINTANG"}},{"arcs":[[9158,9159,9160,-9141,9161],[9162],[9163],[9164],[9165],[9166],[9167],[9168],[9169],[9171],[9172],[9173],[9176],[9177],[9178]],"type":"Polygon","properties":{"district":"KAPUAS HULU"}},{"arcs":[[[-9095,9179,9180,-9085,-9084,9181,-9116,9182,-9103,9183,-9101,9184,-9099,9185,-9097,9186]],[[9187]]],"type":"MultiPolygon","properties":{"district":"BENGKAYANG"}},{"arcs":[[-9113,9188,-9104,-9183,-9115,9189],[9190],[9191],[9192],[9193],[9194],[9195]],"type":"Polygon","properties":{"district":"LANDAK"}},{"arcs":[[-9119,-9139,9197,-9137,9198,-9135,9199,-9133,-9126,-9110],[9203],[9204],[9205]],"type":"Polygon","properties":{"district":"SEKADAU"}},{"arcs":[[-9128,-9132,-9145,9206,9207,9208,9209,9210],[-9149],[-9151,-9150],[-9153],[9213],[9214]],"type":"Polygon","properties":{"district":"MELAWI"}},{"arcs":[[[9215,9216,-9124,9217]],[[9218]]],"type":"MultiPolygon","properties":{"district":"KAYONG UTARA"}},{"arcs":[[[9219,9220,9221,9222,9223,9224,-9105,-9189,-9112,-9125,-9217,9225,9226],[9230]],[[9228]],[[9229]]],"type":"MultiPolygon","properties":{"district":"KUBU RAYA"}},{"arcs":[[[-9107,-9224,9231]],[[9232,-9220,-9227,9233],[9235]],[[-9222,9234]]],"type":"MultiPolygon","properties":{"district":"KOTA PONTIANAK"}},{"arcs":[[9236,-9086,-9181,9237]],"type":"Polygon","properties":{"district":"KOTA SINGKAWANG"}},{"arcs":[[9239,9240,9241,9242,9243,9244,9245,9246,9247],[9238],[9250]],"type":"Polygon","properties":{"district":"KOTAWARINGIN BARAT"}},{"arcs":[[9252,9253,9254,9255,9256,9257,9258,9259,9260,9261,9262],[9263],[9264,9265],[9266]],"type":"Polygon","properties":{"district":"KOTAWARINGIN TIMUR"}},{"arcs":[[9267,9268,9269,9270,9271,9272,9273,9274,9275,9276,9277,9278,9279,9280,9281,9282,9283,9284,9285],[9286],[9287]],"type":"Polygon","properties":{"district":"KAPUAS"}},{"arcs":[[9290,9291,9292,9293,-9284,9294,-9282,9295,-9280,9296,-9278,9297,9298,9299,9300,9301,9302]],"type":"Polygon","properties":{"district":"BARITO SELATAN"}},{"arcs":[[-9298,-9277,9306,9307,9308,9309,9310,-9300,9311],[9312],[9316]],"type":"Polygon","properties":{"district":"BARITO UTARA"}},{"arcs":[[-9253,-9263,9317,-9261,9318,-9259,9319,-9209,-9207,-9144,9320,9321,9322,9323,9324,9325],[9328]],"type":"Polygon","properties":{"district":"KATINGAN"}},{"arcs":[[-9255,9329,-9240,-9248,9330,-9246,9331,-9210,-9320,-9258,9332,-9257,9333]],"type":"Polygon","properties":{"district":"SERUYAN"}},{"arcs":[[-9130,9334,9335,9336,-9242,9337]],"type":"Polygon","properties":{"district":"SUKAMARA"}},{"arcs":[[-9129,-9211,-9332,-9245,9338,9339,-9243,-9337,9340,-9335],[9344]],"type":"Polygon","properties":{"district":"LAMANDAU"}},{"arcs":[[[-9275,9345,9346,9347,-9321,-9143,9348],[9349],[9351],[9353],[9354]],[[9350]]],"type":"MultiPolygon","properties":{"district":"GUNUNG MAS"}},{"arcs":[[-9270,9355,-9325,9356,9357,9358,9359,-9346,-9274,9360,-9272,9361],[9364],[9367]],"type":"Polygon","properties":{"district":"PULANG PISAU"}},{"arcs":[[-9276,-9349,-9142,-9161,9368,-9307]],"type":"Polygon","properties":{"district":"MURUNG RAYA"}},{"arcs":[[[-9291,-9303,-9302,9369,9370,9371,9372,9373,9374,9375,9376]],[[9377,9378,9379]]],"type":"MultiPolygon","properties":{"district":"BARITO TIMUR"}},{"arcs":[[-9358,9380,-9323,9381,-9322,9382,-9347,-9360,9383],[9384]],"type":"Polygon","properties":{"district":"KOTA PALANGKARAYA"}},{"arcs":[[9386,9387,9388,9389,9390,9391]],"type":"Polygon","properties":{"district":"TANAH LAUT"}},{"arcs":[[[9392]],[[9393]],[[9394]],[[9395]],[[9396]],[[9397,9398,9399,9400,9401,9402,9403,9404,9405,9406,9407,9408,9409]],[[9410]],[[9412]],[[9413]]],"type":"MultiPolygon","properties":{"district":"KOTABARU"}},{"arcs":[[9414,9415,9416,9417,9418,9419,9420,-9402,9421,-9390,9422,9423,9424,-9388,9425,9426],[9427]],"type":"Polygon","properties":{"district":"BANJAR"}},{"arcs":[[9428,-9268,-9286,9429,-9285,-9294,9430,9431,9432,-9418,9433,-9415,-9427,9434],[9435],[9436],[9440]],"type":"Polygon","properties":{"district":"BARITO KUALA"}},{"arcs":[[-9420,9441,-9432,9442,9443],[9444],[9445],[9448],[9449],[9450]],"type":"Polygon","properties":{"district":"TAPIN"}},{"arcs":[[-9444,9453,9454,9455,9456,-9403,-9421],[9464],[9465]],"type":"Polygon","properties":{"district":"HULU SUNGAI SELATAN"}},{"arcs":[[-9457,9466,9467,9468,-9404],[9470]],"type":"Polygon","properties":{"district":"HULU SUNGAI TENGAH"}},{"arcs":[[-9454,-9443,9473,-9292,-9377,9474,9475,-9468,9476,9477],[9480]],"type":"Polygon","properties":{"district":"HULU SUNGAI UTARA"}},{"arcs":[[-9475,-9376,9482,-9374,9483,-9378,-9380,9484,-9372,9485,-9370,-9301,-9311,9486,9487,9488,9489,9490,9491,9492,9493]],"type":"Polygon","properties":{"district":"TABALONG"}},{"arcs":[[9494,-9391,-9422,-9401,-9399,9495],[9496],[9499],[9501]],"type":"Polygon","properties":{"district":"TANAH BUMBU"}},{"arcs":[[-9492,9502,-9405,-9469,-9476,-9494,9503],[9505],[9506]],"type":"Polygon","properties":{"district":"BALANGAN"}},{"arcs":[[-9416,-9434,-9417,9509],[9511],[9517],[9519]],"type":"Polygon","properties":{"district":"KOTA BANJARMASIN"}},{"arcs":[[-9389,-9425,9523,-9423],[9524]],"type":"Polygon","properties":{"district":"KOTA BANJARBARU"}},{"arcs":[[-9491,9526,-9489,9527,-9487,-9310,9528,9529,9530,-9408,9531,-9406,-9503],[9536],[9538],[9539],[9540],[9541],[9543]],"type":"Polygon","properties":{"district":"PASER"}},{"arcs":[[[9544,9545,9546,9547,9548,9549,9550,9551,9552,9553,9554,9555,9556,9557,9558,9559,9560,9561,9562,9563,9564,9565,9566],[9578,9579]],[[9567,9568,9569,9570,9571,9572,9573,9574]],[[9580]],[[9583]]],"type":"MultiPolygon","properties":{"district":"KUTAI KARTANEGARA"}},{"arcs":[[[9584,9585,9586,9587,9588,9589,9590],[9591]],[[9593]],[[9594,9595,9596]],[[9597,9598]],[[9599]],[[9600,9601]]],"type":"MultiPolygon","properties":{"district":"BERAU"}},{"arcs":[[9602,-9546,9603,-9529,-9309,9604],[9605],[9606],[9607]],"type":"Polygon","properties":{"district":"KUTAI BARAT"}},{"arcs":[[[-9549,9608,9609,-9585,-9591,9610,-9601,9611,-9595,-9597,9612,-9598,9613,9614,9615,9616],[9619],[9620],[9621],[9623]],[[9617]],[[9618]],[[9622]]],"type":"MultiPolygon","properties":{"district":"KUTAI TIMUR"}},{"arcs":[[9625,-9530,-9604,-9545,-9567,9626,-9565,9627,-9563,9628,-9561,9629,-9559,9630,-9557,9631,9632,9633,9634,9635,9636],[9638]],"type":"Polygon","properties":{"district":"PENAJAM PASER UTARA"}},{"arcs":[[9640,-9547,-9603,-9605,-9308,-9369,-9160,9641,9642,9643,9644]],"type":"Polygon","properties":{"district":"MAHAKAM ULU"}},{"arcs":[[9645,9646,-9636,9647,-9634,9648,-9632,-9556,9649],[9650,9651],[9654],[9656]],"type":"Polygon","properties":{"district":"KOTA BALIKPAPAN"}},{"arcs":[[-9554,-9552,9660,-9551,9661,-9574,9662,-9572,9663,-9570,9664,-9568,9665],[9668],[9669]],"type":"Polygon","properties":{"district":"KOTA SAMARINDA"}},{"arcs":[[9670,9671,-9616,9672]],"type":"Polygon","properties":{"district":"KOTA BONTANG"}},{"arcs":[[[9674,-9587,9675,9676]],[[9677,-9589,9678]],[[9679]],[[9680]],[[9681]],[[9682]],[[9683]],[[9684]]],"type":"MultiPolygon","properties":{"district":"BULUNGAN"}},{"arcs":[[9685,9686,9687,-9676,-9586,-9610,9688,-9644,9689,9690,9691,9692,9693,9694],[9696],[9700],[9701],[9702]],"type":"Polygon","properties":{"district":"MALINAU"}},{"arcs":[[[9703,9704,-9693,-9692,9705],[9708],[9709]],[[9706]],[[9707]]],"type":"MultiPolygon","properties":{"district":"NUNUKAN"}},{"arcs":[[[9710,-9687,9711]],[[-9694,-9705,9712]],[[9713]],[[9714]]],"type":"MultiPolygon","properties":{"district":"TANA TIDUNG"}},{"arcs":[[9715]],"type":"Polygon","properties":{"district":"KOTA TARAKAN"}},{"arcs":[[[9716,9717,9718,9719,9720,9721,9722,9723,9724,9725,9726,9727,9728,9729,9730,9731],[9735],[9736],[9737],[9740],[9741],[9742],[9743],[9747],[9748],[9749],[9750]],[[9732,9733,9734]]],"type":"MultiPolygon","properties":{"district":"BOLAANG MONGONDOW"}},{"arcs":[[[9751,9752,9753,9754,9755,9756,9757,9758,9759,9760,9761,9762,9763,9764,9765,9766,9767,9768,9769,9770,9771,9772,9773],[9777],[9778],[9779],[9781],[9783],[9784],[9787],[9788],[9792],[9793],[9795],[9796],[9799],[9803]],[[9774]]],"type":"MultiPolygon","properties":{"district":"MINAHASA"}},{"arcs":[[[9807,9808],[9814],[9815],[9819],[9820]],[[9809]],[[9810]],[[9811]],[[9812]],[[9813]],[[9816]],[[9817]],[[9818]]],"type":"MultiPolygon","properties":{"district":"KEPULAUAN SANGIHE"}},{"arcs":[[[9821]],[[9823],[9824]],[[9825]],[[9826]],[[9827]],[[9828]]],"type":"MultiPolygon","properties":{"district":"KEPULAUAN TALAUD"}},{"arcs":[[9829,9830,-9719,9831,-9767,9832,9833,9834,9835,9836],[9841]],"type":"Polygon","properties":{"district":"MINAHASA SELATAN"}},{"arcs":[[[-9764,9847,-9773,9848,9849,9850,9851,9852,9853,9854,9855,9856],[9857],[9858,9859],[9866]],[[9861]],[[9862]],[[9863]],[[9864]]],"type":"MultiPolygon","properties":{"district":"MINAHASA UTARA"}},{"arcs":[[-9766,9867,9868,9869,9870,9871,-9833],[9872],[9873]],"type":"Polygon","properties":{"district":"MINAHASA TENGGARA"}},{"arcs":[[9874,-9733,-9735,9875,-9731,9876,9877,9878,9879,9880,9881,9882,9883]],"type":"Polygon","properties":{"district":"BOLAANG MONGONDOW UTARA"}},{"arcs":[[[9890],[9889]],[[9891]],[[9892],[9896]],[[9893]],[[9894]],[[9895]],[[9897]]],"type":"MultiPolygon","properties":{"district":"KEP. SIAU TAGULANDANG BIARO"}},{"arcs":[[[-9836,9898,9899,-9725,9900,9901,-9720,-9831,9902]],[[9903,-9834,-9872,9904,-9870,9905]]],"type":"MultiPolygon","properties":{"district":"BOLAANG MONGONDOW TIMUR"}},{"arcs":[[[-9730,9906,-9728,9907,9908,-9877],[9911]],[[9909,-9726,-9900,9910],[9913]],[[9912]]],"type":"MultiPolygon","properties":{"district":"BOLAANG MONGONDOW SELATAN"}},{"arcs":[[[9914,-9852,-9851,9915,-9849,-9772,9916,-9770,9917],[9920],[9922],[9923],[9924,9925],[9926,9927],[9928]],[[9930]]],"type":"MultiPolygon","properties":{"district":"KOTA MANADO"}},{"arcs":[[[9932,-9856,9933,-9854,9934],[9937]],[[9935]],[[9936]],[[9939]],[[9940]]],"type":"MultiPolygon","properties":{"district":"KOTA BITUNG"}},{"arcs":[[-9760,9941,-9758,-9757,9942,9943,-9755,9944,-9753,9945,-9762,9946],[9947]],"type":"Polygon","properties":{"district":"KOTA TOMOHON"}},{"arcs":[[-9721,-9902,9949,-9723,9950],[9954],[9955],[9956]],"type":"Polygon","properties":{"district":"KOTA KOTAMOBAGU"}},{"arcs":[[[9958,9959,9960,9961,9962],[9963],[9964],[9967],[9968],[9969]],[[9965]],[[9966]]],"type":"MultiPolygon","properties":{"district":"BANGGAI"}},{"arcs":[[[9972,9973,9974,9975,9976,9977,9978,9979,9980,9981,9982,9983,9984,9985,9986,9987,9988],[9989],[9991],[9993,9994],[9997],[9999],[10000],[10003,10004],[10005],[10006]],[[9998]]],"type":"MultiPolygon","properties":{"district":"POSO"}},{"arcs":[[[10007,10008,10009,10010,10011,10012]],[[10013,10014,10015,10016,10017,10018,10019,10020,10021,10022],[10023],[10030]],[[10024,10025,10026,10027,10028,10029]],[[10031]]],"type":"MultiPolygon","properties":{"district":"DONGGALA"}},{"arcs":[[[-10028,10032,-10026,10033,10034,10035,10036,10037,10038,10039,10040,10041],[10042],[10043],[10045],[10047]],[[10044]],[[10049]],[[10050,10051,10052]],[[10054,10055,10056]]],"type":"MultiPolygon","properties":{"district":"TOLITOLI"}},{"arcs":[[[10057,10058,10059,10060,10061,10062,10063,-10036,-10056,10064,10065,10066,10067,10068,10069,10070,10071],[10074,10075],[10077],[10078],[10079],[10083],[10084]],[[10080,10081,10082]],[[10086]]],"type":"MultiPolygon","properties":{"district":"BUOL"}},{"arcs":[[[10088,10089,10090,10091,10092,10093],[10087]],[[10094]],[[10095]],[[10096]],[[10097]],[[10098,10099,10100]],[[10101],[10102]],[[10103]],[[10104,10105,10106]],[[10107,10108,10109,10110,10111,10112,10113,10114]]],"type":"MultiPolygon","properties":{"district":"MOROWALI"}},{"arcs":[[[10115,10116,10117]],[[10118]]],"type":"MultiPolygon","properties":{"district":"BANGGAI KEPULAUAN"}},{"arcs":[[[10122,-10015,10123,-10029,-10042,10124,10125,-10039,10126,-10037,-10064,10127,-10062,10128,-10060,10129,10130],[10139],[10149],[10152],[10153]],[[10131,10132,10133,10134,10135,-10019,10136,-10017,10137],[10138]],[[10140,10141,10142]],[[10143,10144]],[[10145,10146,10147]]],"type":"MultiPolygon","properties":{"district":"PARIGI MOUTONG"}},{"arcs":[[[10154,-9961,10155,10156,10157,-9974,10158],[10167],[10168],[10171]],[[10159]],[[10161]],[[10162,10163]],[[10164,10165]],[[10166]],[[10174]],[[10175]],[[10178]],[[10179]],[[10180]]],"type":"MultiPolygon","properties":{"district":"TOJO UNA-UNA"}},{"arcs":[[10181,-10135,10182,-10133,10183,-9986,10184,-9984,10185,-9982,10186,-9980,10187,10188,10189,10190,10191,-10008,-10013,-10012,10192],[10193],[10194],[10195],[10198],[10199],[10201],[10202]],"type":"Polygon","properties":{"district":"SIGI"}},{"arcs":[[[10203]],[[10204]],[[10205]],[[10206]],[[10207]],[[10208]],[[10209]],[[10210]]],"type":"MultiPolygon","properties":{"district":"BANGGAI LAUT"}},{"arcs":[[10211,-10093,10212,-9977,-9975,-10158,10213,-10156,-9960,10214],[10221],[10222]],"type":"Polygon","properties":{"district":"MOROWALI UTARA"}},{"arcs":[[10223,-10022,10224,-10020,-10136,-10182,-10193,-10011,10225],[10226]],"type":"Polygon","properties":{"district":"KOTA PALU"}},{"arcs":[[[10228],[10230]],[[10229]],[[10231]],[[10232]],[[10233],[10239]],[[10234]],[[10235]],[[10236]],[[10237]],[[10238]]],"type":"MultiPolygon","properties":{"district":"KEPULAUAN SELAYAR"}},{"arcs":[[10240,10241,10242,10243,10244,10245,10246,10247,10248],[10249],[10252],[10253],[10257],[10258],[10259],[10260],[10261],[10262],[10263],[10267],[10270],[10271],[10273]],"type":"Polygon","properties":{"district":"BULUKUMBA"}},{"arcs":[[10274,10275,10276,10277,10278,-10246,10279,-10244,10280,-10242,10281],[10282],[10283]],"type":"Polygon","properties":{"district":"BANTAENG"}},{"arcs":[[[10284,10285,10286,10287,10288,10289,10290,10291,10292,10293,10294,10295,-10277,10296,-10276,10297],[10299],[10300]],[[10298]]],"type":"MultiPolygon","properties":{"district":"JENEPONTO"}},{"arcs":[[[10301,10302,10303,10304,10305,10306,10307,10308,10309,10310,10311,10312,10313,-10286,10314],[10315],[10317],[10318]],[[10316]]],"type":"MultiPolygon","properties":{"district":"TAKALAR"}},{"arcs":[[[-10312,10319,-10310,10320,-10308,10321,-10306,-10305,-10304,10322,10323,10324,10325,10326,10327,-10278,-10296,10328,-10295,10329,-10293,10330,-10291,10331,-10289,10332,-10287,-10314,10333],[-10299],[10336]],[[-10316]],[[10337,10338]]],"type":"MultiPolygon","properties":{"district":"GOWA"}},{"arcs":[[-10328,10339,-10326,10340,10341,-10247,-10279],[10344]],"type":"Polygon","properties":{"district":"SINJAI"}},{"arcs":[[-10325,10345,10346,10347,10348,10349,10350,10351,10352,10353,10354,-10338,10355,-10341],[10356],[10357],[10358],[10360],[10361],[10362],[10363],[10365],[10366],[10367],[10368],[10370]],"type":"Polygon","properties":{"district":"BONE"}},{"arcs":[[10374,10375,10376,10377,10378,10379,10380,-10346,-10324,10381],[10383]],"type":"Polygon","properties":{"district":"MAROS"}},{"arcs":[[[-10377,10384,10385,-10347,-10381,10386,-10379],[10390]],[[10387]],[[10388]],[[10389]],[[10392]]],"type":"MultiPolygon","properties":{"district":"PANGKAJENE DAN KEPULAUAN"}},{"arcs":[[-10348,-10386,10393,10394,10395,10396,10397,10398],[10399],[10400],[10401]],"type":"Polygon","properties":{"district":"BARRU"}},{"arcs":[[-10349,-10399,10402,-10397,10403,10404,10405,-10352,10406,-10350],[10407]],"type":"Polygon","properties":{"district":"SOPPENG"}},{"arcs":[[-10406,10408,10409,10410,10411,-10354,-10353],[10412],[10413],[10414],[10417],[10418],[10419],[10420],[10421],[10422]],"type":"Polygon","properties":{"district":"WAJO"}},{"arcs":[[-10410,10423,-10404,-10396,10424,10425,10426,10427,10428,10429,10430,10431,10432,10433,10434],[10436],[10439]],"type":"Polygon","properties":{"district":"SIDENRENG RAPPANG"}},{"arcs":[[10440,10441,10442,10443,10444,10445,10446,-10430,10447,10448],[10454],[10455]],"type":"Polygon","properties":{"district":"PINRANG"}},{"arcs":[[-10433,-10431,-10447,10456,10457,-10445,10458,10459,10460,10461,10462,-10434],[10463],[10464],[10466],[10467],[10468],[10469],[10472]],"type":"Polygon","properties":{"district":"ENREKANG"}},{"arcs":[[[10473,10474,10475,10476,10477,-10411,-10435,-10463,-10462,10478],[10480],[10484],[10485],[10499],[10501]],[[10488,10489,10490,10491,10492,10493,10494,10495,10496,10497,10498],[10506]]],"type":"MultiPolygon","properties":{"district":"LUWU"}},{"arcs":[[10509,-10474,-10479,-10461,10510,-10459,-10444,10511,10512,10513],[10517],[10521]],"type":"Polygon","properties":{"district":"TANA TORAJA"}},{"arcs":[[10527,-10495,10528,-10493,10529,10530,10531,-10188,-9979,10532,10533,10534,10535,10536,10537,10538,10539],[10543],[10545],[10547],[10552],[10553],[10554],[10555],[10556],[10558]],"type":"Polygon","properties":{"district":"LUWU UTARA"}},{"arcs":[[-10533,-9978,-10213,-10092,10559,-10090,10560,-10114,10561,10562,10563,10564,-10539,10565,-10537,10566,-10535,10567],[10568,10569],[10570],[10571],[10572],[10574],[10575],[10580],[10581],[10582],[10585]],"type":"Polygon","properties":{"district":"LUWU TIMUR"}},{"arcs":[[-10490,10586,-10475,-10510,-10514,10587,-10530,-10492,10588],[10589],[10592],[10594],[10597]],"type":"Polygon","properties":{"district":"TORAJA UTARA"}},{"arcs":[[10600,-10375,-10382,-10323,-10303,10601],[10604],[10610],[10611],[10613]],"type":"Polygon","properties":{"district":"KOTA MAKASSAR"}},{"arcs":[[-10395,10616,-10448,-10429,-10427,10617,-10425]],"type":"Polygon","properties":{"district":"KOTA PARE PARE"}},{"arcs":[[10619,-10477,10620,-10476,-10587,-10489,-10499,-10497,10621],[10622],[10624]],"type":"Polygon","properties":{"district":"KOTA PALOPO"}},{"arcs":[[[10626,10627,10628,10629,10630,10631,10632,10633],[10634]],[[10635,10636,10637,10638,10639,10640]]],"type":"MultiPolygon","properties":{"district":"KOLAKA"}},{"arcs":[[[-10562,-10113,10641,-10111,10642,-10109,10643,10644,10645,10646]],[[10647,10648,10649,10650,10651,10652,10653,10654,10655,10656,10657,10658,10659,10660,10661,10662,10663,10664,10665,10666,10667],[10668],[10669],[10670],[10671],[10672],[10673],[10675],[10676],[10678],[10679],[10680,10681],[10682],[10686],[10687],[10688],[10689,10690],[10691],[10692],[10694]],[[10674]],[[10677]]],"type":"MultiPolygon","properties":{"district":"KONAWE"}},{"arcs":[[[10696,10697,10698,10699,10700,10701,10702,10703],[10711]],[[10704,10705,10706,10707,10708,10709]],[[10713]],[[10714]]],"type":"MultiPolygon","properties":{"district":"MUNA"}},{"arcs":[[10715,10716,10717,10718,-10708,10719,10720,10721],[10723]],"type":"Polygon","properties":{"district":"BUTON"}},{"arcs":[[[10724,10725,10726,-10667,-10666,10727,-10664,10728,-10663,-10662,10729,10730,10731,10732],[10733],[10734],[10735],[10736],[10739,10740],[10741],[10742],[10744],[10745],[10746],[10749,10750],[10751],[10755],[10756],[10757]],[[10748]],[[10752,10753,10754]]],"type":"MultiPolygon","properties":{"district":"KONAWE SELATAN"}},{"arcs":[[[10758,-10628,10759,-10726,10760],[10761]],[[10764,10765,10766]],[[10767]]],"type":"MultiPolygon","properties":{"district":"BOMBANA"}},{"arcs":[[[10768]],[[10769]],[[10770]],[[10771]],[[10772]],[[10773]],[[10774]],[[10775]],[[10777]],[[10778]],[[10779]]],"type":"MultiPolygon","properties":{"district":"WAKATOBI"}},{"arcs":[[10780,-10564,10781,-10646,10782,10783,-10639,10784],[10785]],"type":"Polygon","properties":{"district":"KOLAKA UTARA"}},{"arcs":[[10787,-10657,10788,-10655,10789,-10653,10790,-10783,-10645,10791,-10106,10792,-10100,10793]],"type":"Polygon","properties":{"district":"KONAWE UTARA"}},{"arcs":[[[10796,10797,-10720,-10707,10798,-10705,-10710,10799]],[[10800]],[[10801]],[[10802]]],"type":"MultiPolygon","properties":{"district":"BUTON UTARA"}},{"arcs":[[-10668,-10727,-10760,-10627,-10634,10804,-10632,-10630,10805,-10637,10806,-10640,-10784,-10791,-10652,10807,-10650,10808,-10648],[10809],[10810],[10812],[10813],[10814]],"type":"Polygon","properties":{"district":"KOLAKA TIMUR"}},{"arcs":[[[10817],[10818],[10819],[10824],[10825],[10826]],[[10820]],[[10821]],[[10822]],[[10823]],[[10827]]],"type":"MultiPolygon","properties":{"district":"KONAWE KEPULAUAN"}},{"arcs":[[[10829,-10703,10830],[10831],[10832,10833],[10835],[10836]],[[10837]]],"type":"MultiPolygon","properties":{"district":"MUNA BARAT"}},{"arcs":[[[10838,-10701,10839,-10699,10840,-10698,10841]],[[-10766,10842]],[[10843]]],"type":"MultiPolygon","properties":{"district":"BUTON TENGAH"}},{"arcs":[[[10844,10845,-10717,10846,10847]],[[10848]],[[10849]],[[10850]]],"type":"MultiPolygon","properties":{"district":"BUTON SELATAN"}},{"arcs":[[[10851,-10753,-10755,10852,-10732,10853,-10730,-10661,10854,-10659,10855],[10856],[10860]],[[10857]]],"type":"MultiPolygon","properties":{"district":"KOTA KENDARI"}},{"arcs":[[10861,10862,-10718,-10846,10863],[10866],[10870],[10872]],"type":"Polygon","properties":{"district":"KOTA BAU BAU"}},{"arcs":[[[10873,10874,10875,10876,10877,10878,10879,10880,10881,10882,10883,10884,10885,10886,10887,10888,10889,10890,10891,10892,10893,10894,10895,10896,10897,10898,10899,10900,10901,10902,10903,10904],[10911],[10912],[10915]],[[10905,10906,10907,10908,10909]],[[10913]]],"type":"MultiPolygon","properties":{"district":"GORONTALO"}},{"arcs":[[-10881,10916,10917,10918,10919],[10920],[10922]],"type":"Polygon","properties":{"district":"BOALEMO"}},{"arcs":[[-10896,-10894,10924,-9880,10925,-9878,-9909,10926,10927,10928,-10906,-10910,10929],[10931],[10933],[10936],[10937],[10939],[10942],[10946]],"type":"Polygon","properties":{"district":"BONE BOLANGO"}},{"arcs":[[[-10068,10947]],[[10948,-10066,10949,-10082,10950,-10918,10951],[10959]],[[10952,-10144,10953,-10146,-10148,10954,-10142,10955,-10130,-10059,10956]],[[10957,-10070,10958]]],"type":"MultiPolygon","properties":{"district":"PAHUWATO"}},{"arcs":[[[10962,-9882,10963,-9881,-10925,-10893,10964,-10891,10965,10966,-10889,10967],[10974]],[[-10883,10968,-10919,-10951,-10081,10969]],[[-10885,10970]],[[10971,-10887,10972]],[[10975]],[[10976]]],"type":"MultiPolygon","properties":{"district":"GORONTALO UTARA"}},{"arcs":[[[-10878,10977,-10902,-10900,10978,-10898,10979,10980,-10907,-10929,-10928,10981],[10986],[10987],[10988],[10989,10990],[10995]],[[-10875,10982,-10904,10983]],[[-10879,10984]]],"type":"MultiPolygon","properties":{"district":"KOTA GORONTALO"}},{"arcs":[[10996,-10009,-10192,10997,10998],[10999],[11000],[11001],[11002]],"type":"Polygon","properties":{"district":"MAMUJU UTARA"}},{"arcs":[[[11003,11004,-10531,-10588,-10513,11005,11006,11007,11008,11009,11010,11011,11012],[11014]],[[11013]]],"type":"MultiPolygon","properties":{"district":"MAMUJU"}},{"arcs":[[11015,-11011,11016,11017,-11008,11018,-11006,-10512,-10443,11019,11020,11021,11022],[11031],[11032],[11033],[11039],[11041],[11042],[11043],[11045],[11046],[11049]],"type":"Polygon","properties":{"district":"MAMASA"}},{"arcs":[[[11051,11052,11053,11054,-11022,11055,-11020,-10442,11056],[11057],[11059],[11060],[11061],[11063],[11065],[11066],[11067],[11070]],[[11064]]],"type":"MultiPolygon","properties":{"district":"POLEWALI MANDAR"}},{"arcs":[[11071,11072,-11012,-11016,-11023,-11055,11073,-11053,11074],[11075]],"type":"Polygon","properties":{"district":"MAJENE"}},{"arcs":[[[-10532,-11005,11077,-10189],[11081],[11082],[11083]],[[-10191,11078,-10998]]],"type":"MultiPolygon","properties":{"district":"MAMUJU TENGAH"}},{"arcs":[[[11084,11085,11086,11087,11088,11089,11090],[11091],[11093],[11094],[11096],[11115],[11116],[11124]],[[11095]],[[11097],[11098]],[[11099]],[[11100]],[[11101]],[[11103]],[[11104]],[[11105,11106,11107]],[[11108,11109,11110]],[[11111,11112,11113]],[[11114]],[[11117]],[[11118]],[[11119,11120,11121,11122]],[[11123]]],"type":"MultiPolygon","properties":{"district":"MALUKU TENGAH"}},{"arcs":[[[11125]],[[11126],[11127],[11128]],[[11129]],[[11130]],[[11131]]],"type":"MultiPolygon","properties":{"district":"MALUKU TENGGARA"}},{"arcs":[[[11132],[11137]],[[11133]],[[11134]],[[11135]],[[11136]],[[11138]],[[11139]],[[11140]],[[11141]],[[11142]]],"type":"MultiPolygon","properties":{"district":"MALUKU TENGGARA BARAT"}},{"arcs":[[11143,11144,11145,11146,11147],[11148],[11149],[11150],[11151]],"type":"Polygon","properties":{"district":"BURU"}},{"arcs":[[[11152,11153,-11090,-11121,-11120,11154],[11164]],[[11155],[11156]],[[11157]],[[11158]],[[11159]],[[11160]],[[11165]],[[11166]],[[11167]],[[11168]],[[11169]],[[11170]]],"type":"MultiPolygon","properties":{"district":"SERAM BAGIAN TIMUR"}},{"arcs":[[[11171,-11086,11172]],[[11173]],[[11174]],[[11175]],[[11176]]],"type":"MultiPolygon","properties":{"district":"SERAM BAGIAN BARAT"}},{"arcs":[[[11177]],[[11178]],[[11179]],[[11180]],[[11181,11182]],[[11183]],[[11184,11185]],[[11186]],[[11187]],[[11188]],[[11189]],[[11190]],[[11191]],[[11192]],[[11193]],[[11194]],[[11195]],[[11196]],[[11197]],[[11198]],[[11199]],[[11200]],[[11201]],[[11202]]],"type":"MultiPolygon","properties":{"district":"KEPULAUAN ARU"}},{"arcs":[[[11203]],[[11204]],[[11205]],[[11206]],[[11207]],[[11208]],[[11209]],[[11210]],[[11211]],[[11212]],[[11213]],[[11214]],[[11215]],[[11216]],[[11217]],[[11218]]],"type":"MultiPolygon","properties":{"district":"MALUKU BARAT DAYA"}},{"arcs":[[[11219,-11147,11220,-11145,11221]],[[11222]],[[11223]]],"type":"MultiPolygon","properties":{"district":"BURU SELATAN"}},{"arcs":[[11224,-11113,11225,-11107,11226,-11110,11227],[11228],[11229]],"type":"Polygon","properties":{"district":"KOTA AMBON"}},{"arcs":[[[11230]],[[11231]],[[11232]]],"type":"MultiPolygon","properties":{"district":"KOTA TUAL"}},{"arcs":[[[11233,11234,11235,11236,11237]],[[11239]],[[11242,11243,11244,11245,11246,11247]]],"type":"MultiPolygon","properties":{"district":"HALMAHERA BARAT"}},{"arcs":[[[11248,11249,11250,11251]],[[11252,11253,11254,11255,11256]],[[11257]],[[11258]],[[11259,11260,11261,11262]],[[11263,11264,11265]]],"type":"MultiPolygon","properties":{"district":"HALMAHERA TENGAH"}},{"arcs":[[[11266,-11244,11267,-11237,11268],[11272]],[[11269,-11235,11270],[11271]],[[11273]],[[11274]],[[11275]],[[11276]],[[11277]]],"type":"MultiPolygon","properties":{"district":"HALMAHERA UTARA"}},{"arcs":[[[11278,11279,11280,11281,-11251,11282]],[[11283]],[[11284]],[[11285]],[[11286]],[[11287]],[[11288]],[[11289]],[[11290]],[[11291]],[[11292]],[[11293]],[[11294]],[[11295]],[[11296]],[[11297]],[[11298]],[[11299]],[[11300]],[[11301]],[[11302]],[[11303]],[[11304]],[[11305]],[[11306]]],"type":"MultiPolygon","properties":{"district":"HALMAHERA SELATAN"}},{"arcs":[[[11307]],[[11308]],[[11309]],[[11310]],[[11311]],[[11312]],[[11313]]],"type":"MultiPolygon","properties":{"district":"KEPULAUAN SULA"}},{"arcs":[[[11314,-11262,11315,11316,11317,-11246,11318],[11322]],[[-11256,11319]],[[-11254,11320,-11264,-11266,11321]]],"type":"MultiPolygon","properties":{"district":"HALMAHERA TIMUR"}},{"arcs":[[[11323]],[[11324]]],"type":"MultiPolygon","properties":{"district":"PULAU MOROTAI"}},{"arcs":[[[11326],[11325]],[[11327]]],"type":"MultiPolygon","properties":{"district":"PULAU TALIABU"}},{"arcs":[[[11328],[11329]],[[11330],[11331]],[[11332]],[[11333]],[[11334]]],"type":"MultiPolygon","properties":{"district":"KOTA TERNATE"}},{"arcs":[[[11335,-11247,-11318,-11316,-11261,11336,-11249,-11252,-11282,11337]],[[-11280,11338]],[[11339]],[[11340]],[[11341]]],"type":"MultiPolygon","properties":{"district":"KOTA TIDORE KEPULAUAN"}},{"arcs":[[[11343,11344,11345,11346],[11342],[11347],[11349],[11353]],[[11348]],[[11350]],[[11352],[11351]],[[11354]]],"type":"MultiPolygon","properties":{"district":"MERAUKE"}},{"arcs":[[11355,11356,11357,11358,11359,11360,11361,11362,11363,11364],[11365],[11366]],"type":"Polygon","properties":{"district":"JAYAWIJAYA"}},{"arcs":[[11367,11368,11369,11370,11371,11372,11373,11374,11375,11376,11377,11378]],"type":"Polygon","properties":{"district":"JAYAPURA"}},{"arcs":[[[11379,11380,11381,11382,11383,11384,11385]],[[11386,11387,11388]],[[11389]]],"type":"MultiPolygon","properties":{"district":"NABIRE"}},{"arcs":[[[11390,11391],[11392],[11393]],[[11394]],[[11395]],[[11396]],[[11397]],[[11398]]],"type":"MultiPolygon","properties":{"district":"KEPULAUAN YAPEN"}},{"arcs":[[[11399,11400,11401,11402],[11405],[11407],[11408],[11410,11411],[11415],[11416,11417],[11425],[11426],[11428],[11430],[11433],[11435],[11439],[11440]],[[11403]],[[11409]],[[11412]],[[11413]],[[11414]],[[11418],[11420],[11422],[11423],[11442]],[[11421]],[[11424]],[[11427]],[[11429]],[[11431]],[[11432]],[[11443]],[[11444]],[[11445]],[[11446]]],"type":"MultiPolygon","properties":{"district":"BIAK NUMFOR"}},{"arcs":[[11449,11450,11451,11452,11453,11454,11455,11456,11457,11458,11459],[11447]],"type":"Polygon","properties":{"district":"PUNCAK JAYA"}},{"arcs":[[[11460,11461,11462,-11383,11463,11464,11465,11466],[11467],[11478]],[[11468]],[[11470]],[[11471]],[[11472]],[[11473]],[[11476]],[[11477]]],"type":"MultiPolygon","properties":{"district":"PANIAI"}},{"arcs":[[[11479,11480,11481,11482,11483,11484,11485,-11466,11486,11487,11488,11489,11490,11491,11492,11493,11494,11495],[11496],[11501],[11502],[11503]],[[11497,11498,11499,11500]]],"type":"MultiPolygon","properties":{"district":"MIMIKA"}},{"arcs":[[[11504,-11378,11505,-11376,11506]],[[11507,11508,11509,11510,11511,-11374,11512,11513,11514,11515,11516,11517,11518,11519,11520,11521]],[[11522]],[[11523]],[[11524,11525]],[[11527]]],"type":"MultiPolygon","properties":{"district":"SARMI"}},{"arcs":[[11528,11529,11530,11531,-11370,11532,11533,11534,11535],[11536],[11537],[11538]],"type":"Polygon","properties":{"district":"KEEROM"}},{"arcs":[[11539,11540,11541,11542,11543,-11371,-11532,11544,-11530,11545],[11546],[11547]],"type":"Polygon","properties":{"district":"PEGUNUNGAN BINTANG"}},{"arcs":[[-11357,11548,-11372,-11544,-11542,11549,11550,11551],[11554],[11555],[11558]],"type":"Polygon","properties":{"district":"YAHUKIMO"}},{"arcs":[[[11559,11560,11561,11562,11563,-11454,11564,-11450,-11460,11565,11566],[11568],[11569],[11570],[11571],[11572],[11573],[11574],[11575],[11577],[11578],[11579],[11580],[11581],[11583],[11584],[11585]],[[-11452,11567]]],"type":"MultiPolygon","properties":{"district":"TOLIKARA"}},{"arcs":[[[11586,11587,11588,11589,11590,11591,11592,11593,11594,-11381,11595]],[[11596]]],"type":"MultiPolygon","properties":{"district":"WAROPEN"}},{"arcs":[[11597,11598,11599,11600,11601,-11550,-11541,11602,-11346,11603],[11604]],"type":"Polygon","properties":{"district":"BOVEN DIGOEL"}},{"arcs":[[11605,11606,-11602,11607,-11600,11608,-11598,-11604,-11345,11609]],"type":"Polygon","properties":{"district":"MAPPI"}},{"arcs":[[[11610,-11483,11611,-11481,11612,11613,11614,11615,-11551,-11607,11616],[11617],[11618],[11620]],[[11619]],[[11621]]],"type":"MultiPolygon","properties":{"district":"ASMAT"}},{"arcs":[[[11622,-11401,11623]],[[11624]]],"type":"MultiPolygon","properties":{"district":"SUPIORI"}},{"arcs":[[[-11521,11625,-11519,11626,-11517,11627,-11515,11628,-11566,-11459,11629,11630,11631,11632,11633,-11588,11634],[11639]],[[11635]],[[11636]],[[11637]],[[11638]],[[11640]]],"type":"MultiPolygon","properties":{"district":"MAMBERAMO RAYA"}},{"arcs":[[11641,-11364,11642,-11562,11643,-11560,-11567,-11629,-11514,11644,11645,11646,11647]],"type":"Polygon","properties":{"district":"MAMBERAMO TENGAH"}},{"arcs":[[[-11356,-11365,-11642,-11648,11648,-11646,-11645,-11513,-11373,-11549],[11651]],[[-11509,11649]],[[-11511,11650]]],"type":"MultiPolygon","properties":{"district":"YALIMO"}},{"arcs":[[-11359,11652,11653,11654,-11494,11655,11656,-11491,11657,11658,-11455,-11564,-11563,-11643,-11363,11659,-11361,11660],[11661],[11662],[11663],[11664],[11665],[11666]],"type":"Polygon","properties":{"district":"LANNY JAYA"}},{"arcs":[[-11616,11667,-11614,-11495,-11655,11668,-11653,-11358,-11552],[11669],[11671],[11672]],"type":"Polygon","properties":{"district":"NDUGA"}},{"arcs":[[[-11487,-11465,11673,11674,11675,-11594,11676,-11592,11677,11678,-11630,-11458,11679,-11456,-11659,11680],[11682],[11684],[11685],[11687],[11688],[11690],[11691],[11692],[11693],[11694],[11697],[11699],[11700],[11701],[11702]],[[11681]],[[11686]],[[11689]],[[11695]],[[11696]],[[11698]]],"type":"MultiPolygon","properties":{"district":"PUNCAK"}},{"arcs":[[[-11384,-11463,11703,-11485,11704,-11500,11705]],[[-11591,-11589,-11634,11706,-11632,-11678]]],"type":"MultiPolygon","properties":{"district":"DOGIYAI"}},{"arcs":[[-11464,-11382,-11595,-11676,11707,-11675,-11674]],"type":"Polygon","properties":{"district":"INTAN JAYA"}},{"arcs":[[-11461,-11467,-11486,-11704,-11462],[11708]],"type":"Polygon","properties":{"district":"DEIYAI"}},{"arcs":[[[11709,-11533,-11369,11710]],[[-11535,11711]],[[11712]]],"type":"MultiPolygon","properties":{"district":"KOTA JAYAPURA"}},{"arcs":[[[11713,11714,11715,11716,11717,11718,11719,11720,11721,11722,11723,11724,11725,11726,11727,11728,11729],[11730],[11731],[11732],[11734],[11739],[11740],[11741],[11747],[11748],[11749],[11750]],[[11733]],[[11742,11743,11744]],[[11745,11746]],[[11751,11752,11753]],[[11754]]],"type":"MultiPolygon","properties":{"district":"SORONG"}},{"arcs":[[[11757,11758,11759,11760,11761,11762],[11755],[11756]],[[11765,11766]]],"type":"MultiPolygon","properties":{"district":"MANOKWARI"}},{"arcs":[[[11768,11769,11770,11771]],[[11772]],[[11773]],[[11774]],[[11775]],[[11776]]],"type":"MultiPolygon","properties":{"district":"FAKFAK"}},{"arcs":[[[-11727,11777]],[[11778,11779,11780,11781,11782,-11725,11783,-11723,11784,11785]]],"type":"MultiPolygon","properties":{"district":"SORONG SELATAN"}},{"arcs":[[[11787,-11753,11788,-11744,11789]],[[11790]],[[11791]],[[11792]],[[11793]],[[11794]],[[11795]],[[11796]],[[11797]],[[11798]],[[11799]],[[11800]],[[11801]],[[11802]],[[11803]],[[11804]],[[11805]],[[11806]],[[11807]],[[11808]]],"type":"MultiPolygon","properties":{"district":"RAJA AMPAT"}},{"arcs":[[[-11770,11809,11810,11811,11812,11813]],[[11814,-11782,11815,11816,11817,11818,11819,11820,11821,11822,11823]],[[11824]]],"type":"MultiPolygon","properties":{"district":"TELUK BINTUNI"}},{"arcs":[[[11825,-11388,11826,11827,-11813,11828]],[[11829,-11811,11830],[11832]],[[11831]],[[11833]],[[11834]],[[11835]],[[11836,11837,11838]]],"type":"MultiPolygon","properties":{"district":"TELUK WONDAMA"}},{"arcs":[[[11839,-11771,-11814,-11828,11840,-11385,-11706,-11499,11841]],[[11842]],[[11843]],[[11844]]],"type":"MultiPolygon","properties":{"district":"KAIMANA"}},{"arcs":[[[-11719,11845,-11746,11846]],[[11847,-11721,11848,-11760,-11759,11849,-11819,11850,11851],[11854]],[[-11717,11852,-11715,11853]],[[11855]]],"type":"MultiPolygon","properties":{"district":"TAMBRAUW"}},{"arcs":[[[-11816,-11781,11856,-11779,-11786,11857,-11851,-11818,11858],[11859],[11861],[11862],[11863],[11864],[11865],[11866]],[[11860]],[[11867]]],"type":"MultiPolygon","properties":{"district":"MAYBRAT"}},{"arcs":[[11868,11869,11870,-11762,11871,-11766,11872,-11837,-11839,11873,-11823,11874,-11821,11875],[11876],[11877],[11878],[11879]],"type":"Polygon","properties":{"district":"MANOKWARI SELATAN"}},{"arcs":[[-11876,-11820,-11850,-11758,-11763,-11871,11882,-11869],[-11856],[11883],[11885],[11886]],"type":"Polygon","properties":{"district":"PEGUNUNGAN ARFAK"}},{"arcs":[[[11889,-11729,11890],[11891],[11892],[11893]],[[11897]],[[11898]]],"type":"MultiPolygon","properties":{"district":"KOTA SORONG"}}]}}}